country,iso2c,iso3c,year,gdp_pc,rural_pct,trade_gdp,gov_rev,trade_tax,gs_tax,gov_exp
Afghanistan,AF,AFG,2000,308.318269746638,81.4418004769334,NA,NA,NA,NA,NA
Afghanistan,AF,AFG,2001,277.118051443941,81.2587618748448,NA,NA,NA,NA,NA
Afghanistan,AF,AFG,2002,338.139973643387,81.0587519866691,NA,NA,NA,NA,NA
Afghanistan,AF,AFG,2003,346.071627096223,80.8399653590911,NA,NA,NA,NA,NA
Afghanistan,AF,AFG,2004,338.637273888197,80.6006406040407,NA,NA,NA,NA,NA
Afghanistan,AF,AFG,2005,363.640141436773,80.2940904246333,NA,NA,NA,NA,NA
Afghanistan,AF,AFG,2006,367.75831169358,79.8895469810819,NA,8.96753350012612,11.1855199886133,5.75861698390633,20.5781737687622
Afghanistan,AF,AFG,2007,410.757728879097,79.4093420784577,NA,7.00919125001793,8.46396731117203,4.31293569367045,24.2432588226125
Afghanistan,AF,AFG,2008,417.647282647498,78.8758518650367,NA,8.05270582231448,3.16148854243017,1.78059042909445,50.7192978736512
Afghanistan,AF,AFG,2009,488.830652491949,78.3114524890947,NA,10.5750824702327,4.84404133483751,2.99952696430963,44.3178392396772
Afghanistan,AF,AFG,2010,542.871030476037,77.7385200989076,NA,11.0919491573205,4.55485875503042,3.03014411721057,50.8630045999057
Afghanistan,AF,AFG,2011,525.42698276582,77.1794308427515,NA,11.5101607150307,3.83063551305111,2.6224248549745,59.4847758807514
Afghanistan,AF,AFG,2012,568.929021458341,76.6565608689021,NA,10.2006246425162,4.22465221322185,3.1192139928867,42.3292514484608
Afghanistan,AF,AFG,2013,580.603833333096,76.1922863256354,NA,9.40560933162746,3.70364318455009,2.53572312961473,42.0936844468805
Afghanistan,AF,AFG,2014,575.146245808546,75.8089833612274,NA,8.61373050462046,3.80654923800864,2.55002617237374,44.5892994893339
Afghanistan,AF,AFG,2015,565.569730408751,75.5350881578432,NA,10.1311181683697,4.57093222159508,2.6542410762172,37.0225695736427
Afghanistan,AF,AFG,2016,563.872336723147,75.3411654279874,NA,12.678009904576,6.38124658640702,7.05529334147417,43.9227656125389
Afghanistan,AF,AFG,2017,562.769574140988,75.1647178761129,NA,13.0392622227544,7.42258902919388,8.59822404828423,39.2201099807684
Afghanistan,AF,AFG,2018,553.125151688293,75.0008354808594,NA,NA,NA,NA,NA
Afghanistan,AF,AFG,2019,557.861533207459,74.8562741160197,NA,NA,NA,NA,NA
Afghanistan,AF,AFG,2020,527.834554499306,74.7377896553863,46.7098945514103,NA,NA,NA,NA
Afghanistan,AF,AFG,2021,408.625855217403,74.6521379727519,51.4117163747271,NA,NA,NA,NA
Afghanistan,AF,AFG,2022,377.665627080705,74.6060749419091,72.8854696086536,NA,NA,NA,NA
Afghanistan,AF,AFG,2023,378.06630312259,74.5269470368833,66.9995780621951,NA,NA,NA,NA
Afghanistan,AF,AFG,2024,374.37669620849,74.2992647363812,83.763025087768,NA,NA,NA,NA
Africa Eastern and Southern,ZH,AFE,2000,1205.87666437284,71.5313120223548,46.6041741770948,NA,NA,NA,NA
Africa Eastern and Southern,ZH,AFE,2001,1216.22788108397,71.1684938564262,48.0045014502732,24.937169909687,NA,NA,22.8420553694482
Africa Eastern and Southern,ZH,AFE,2002,1231.33260616804,70.7789693833691,57.332808783664,20.6524026300872,NA,NA,20.7166665091404
Africa Eastern and Southern,ZH,AFE,2003,1235.59805226329,70.3609643985639,54.9022523606455,20.976632063175,NA,NA,21.855633752539
Africa Eastern and Southern,ZH,AFE,2004,1271.19569954919,69.9121629330958,55.9385425989356,21.3320432110209,NA,NA,20.7848366827186
Africa Eastern and Southern,ZH,AFE,2005,1314.2677841971,69.4627241370697,58.6978636666129,21.7837302106768,NA,NA,21.7809844865151
Africa Eastern and Southern,ZH,AFE,2006,1364.58002599767,69.0123504455164,59.2257287713443,26.7460335021371,NA,NA,21.0997662780844
Africa Eastern and Southern,ZH,AFE,2007,1417.37331385996,68.6370226057096,64.9314821072489,26.5690241784982,NA,NA,21.2916934766042
Africa Eastern and Southern,ZH,AFE,2008,1440.52144510506,68.151000415052,72.1182344224891,26.2698878158906,NA,NA,22.8297672145092
Africa Eastern and Southern,ZH,AFE,2009,1414.50548927128,67.7599322402082,60.8349706005116,20.0198516338633,14.0363178636069,24.739593726304,22.6229337593565
Africa Eastern and Southern,ZH,AFE,2010,1449.78072652181,67.4096390179785,61.2442067271921,21.7887206600321,8.65047637396843,24.9711880180732,22.485235241263
Africa Eastern and Southern,ZH,AFE,2011,1464.88611192938,67.0619014130208,63.0810712698512,24.1401065150193,7.50091742302221,26.3866179447255,24.8973288235782
Africa Eastern and Southern,ZH,AFE,2012,1452.76568595828,66.7132939198608,61.0394667872946,22.7737394471097,9.49948207854234,29.8019159987846,22.5694843962459
Africa Eastern and Southern,ZH,AFE,2013,1478.87995623663,66.3326857227225,61.4883241423663,23.1251715908379,6.9516607142751,31.532277298565,23.9459243617383
Africa Eastern and Southern,ZH,AFE,2014,1495.79844862987,65.9224225976987,59.9253647268059,22.9630487982084,7.90947304660335,32.1262403668986,23.9315374204986
Africa Eastern and Southern,ZH,AFE,2015,1498.71597073834,65.5093190644356,54.9454145770714,20.833309736344,9.24441620731431,32.8205946754661,23.1102755501188
Africa Eastern and Southern,ZH,AFE,2016,1493.11936575691,65.1187893306726,52.8801706650962,20.0375332191537,8.97767917172443,32.8174862074232,22.0949756400347
Africa Eastern and Southern,ZH,AFE,2017,1493.1423907296,64.7170131673542,51.7606954571189,20.7973680297804,8.45642738971646,31.7539617674977,23.135247798091
Africa Eastern and Southern,ZH,AFE,2018,1492.18670204384,64.285281535275,54.8680901684044,21.3220572946147,7.65896366340632,31.2362805183052,23.2725490773324
Africa Eastern and Southern,ZH,AFE,2019,1480.22900239543,63.9026692982302,53.2143102862768,21.9926179012224,8.4087031920661,32.3265905607962,23.582412827898
Africa Eastern and Southern,ZH,AFE,2020,1398.57793000832,63.5116780390134,49.343584646059,25.7137309175669,7.9119357867306,30.6544785893478,27.376846143681
Africa Eastern and Southern,ZH,AFE,2021,1422.65546311873,63.0914573911481,54.5513323505808,22.8214411494609,8.59428696524245,29.8243647758046,26.1649773475201
Africa Eastern and Southern,ZH,AFE,2022,1437.09139374966,62.6394218903529,57.1173763714306,23.2686915452545,7.72418990203466,31.3691219416807,25.9823990887377
Africa Eastern and Southern,ZH,AFE,2023,1428.54623843676,62.2276987591651,56.2837209179998,22.8719199334355,7.68126261404109,29.7961128206514,NA
Africa Eastern and Southern,ZH,AFE,2024,1432.50843496815,61.7585585710397,54.2032707213253,22.6000842685362,8.69565682091907,32.0890580636153,NA
Africa Western and Central,ZI,AFW,2000,1189.60989480741,61.1400669440906,NA,NA,NA,NA,NA
Africa Western and Central,ZI,AFW,2001,1217.4863791252899,60.539253007321,NA,NA,NA,NA,NA
Africa Western and Central,ZI,AFW,2002,1301.45284845521,59.9425918181271,NA,NA,NA,NA,NA
Africa Western and Central,ZI,AFW,2003,1336.53509360063,59.3468994155791,NA,NA,NA,NA,NA
Africa Western and Central,ZI,AFW,2004,1404.15452106467,58.7516155200702,NA,NA,NA,NA,NA
Africa Western and Central,ZI,AFW,2005,1443.9895720102,58.1546864276435,NA,NA,NA,NA,NA
Africa Western and Central,ZI,AFW,2006,1477.96252664219,57.5510636210291,NA,NA,NA,NA,NA
Africa Western and Central,ZI,AFW,2007,1515.04513261704,56.9787811482576,NA,NA,NA,NA,NA
Africa Western and Central,ZI,AFW,2008,1564.2103448338,56.4114390295193,NA,NA,NA,NA,NA
Africa Western and Central,ZI,AFW,2009,1614.44023110383,55.8404276605949,NA,NA,NA,NA,NA
Africa Western and Central,ZI,AFW,2010,1679.8619541977,55.2659643815919,NA,NA,NA,NA,NA
Africa Western and Central,ZI,AFW,2011,1713.47507358227,54.693078009927,NA,NA,NA,NA,NA
Africa Western and Central,ZI,AFW,2012,1752.04877339883,54.1180888344536,NA,NA,NA,NA,NA
Africa Western and Central,ZI,AFW,2013,1808.05542437383,53.5443262152104,NA,NA,NA,NA,NA
Africa Western and Central,ZI,AFW,2014,1859.65082949513,52.9676536566172,NA,NA,NA,NA,NA
Africa Western and Central,ZI,AFW,2015,1863.40151301991,52.3864352502074,NA,NA,NA,NA,NA
Africa Western and Central,ZI,AFW,2016,1817.66095620629,51.8137255868572,NA,NA,NA,NA,NA
Africa Western and Central,ZI,AFW,2017,1811.55471646765,51.2389907351935,NA,NA,12.6864484941004,35.293046407578,NA
Africa Western and Central,ZI,AFW,2018,1817.65066402569,50.6673237475677,NA,NA,11.7646028641911,34.5781164535661,NA
Africa Western and Central,ZI,AFW,2019,1832.1636948549,50.0945314528016,NA,NA,11.0470430070872,34.7185083509615,NA
Africa Western and Central,ZI,AFW,2020,1722.44898220443,49.5076785157847,NA,NA,10.6649998737303,34.1207630187214,NA
Africa Western and Central,ZI,AFW,2021,1725.17121673839,48.9105808193181,NA,NA,11.8351395799801,35.2849368586408,NA
Africa Western and Central,ZI,AFW,2022,1761.05945140847,48.2998971525473,NA,NA,NA,NA,NA
Africa Western and Central,ZI,AFW,2023,1782.32607004266,47.6978906867693,NA,NA,NA,NA,NA
Africa Western and Central,ZI,AFW,2024,1820.07044608507,47.1211760566774,NA,NA,NA,NA,NA
Albania,AL,ALB,2000,1991.91435867116,58.3864170390686,61.6092610436407,NA,NA,NA,NA
Albania,AL,ALB,2001,2188.91854451375,57.645486009071,64.2474462587009,NA,NA,NA,NA
Albania,AL,ALB,2002,2297.10853513924,56.8479580390581,65.9914650336802,23.0940908361321,8.90334138394167,43.0744069522076,23.9137599310471
Albania,AL,ALB,2003,2428.68934653563,55.9704910776792,64.8232150960777,23.4509598365387,8.30558773998592,45.6780250204408,22.1505284536344
Albania,AL,ALB,2004,2567.29763687121,55.0215074330606,65.0379383187697,23.8150713458864,7.56435479675994,48.696259510829,22.1108409622779
Albania,AL,ALB,2005,2712.86983830331,54.0062333079417,69.1162926602322,NA,NA,NA,NA
Albania,AL,ALB,2006,2894.36032580174,52.9298949050622,72.2019089483674,NA,NA,NA,NA
Albania,AL,ALB,2007,3105.8796756386,51.7977184271616,79.9119008919954,NA,NA,NA,NA
Albania,AL,ALB,2008,3345.98161761476,50.6149300769793,75.2485472798728,NA,NA,NA,NA
Albania,AL,ALB,2009,3459.24695646692,49.3867560572551,73.3213575646169,NA,NA,NA,NA
Albania,AL,ALB,2010,3579.82413181046,48.1184225707284,75.5325329687378,NA,NA,NA,NA
Albania,AL,ALB,2011,3677.89457937717,46.7082617107535,80.6989985298954,23.7474245414303,3.44894327789941,55.5716221628347,22.8639005918422
Albania,AL,ALB,2012,3771.84781862015,46.1362446338551,76.9683583166821,23.1887422981373,3.89082209684152,55.4050821080103,23.1453646987216
Albania,AL,ALB,2013,3895.89975621942,45.7020321941452,75.7506185619748,22.2687627274835,3.56489156410578,54.1747897421577,24.1215753414946
Albania,AL,ALB,2014,4045.11934884933,45.2674186821327,75.0212023084129,24.3993490170592,2.90207301138316,55.5813290105694,24.257646662903
Albania,AL,ALB,2015,4199.53912925398,44.8420708625106,71.2794476606014,24.5584536023957,2.91030192689484,54.627693961544,24.2686000374049
Albania,AL,ALB,2016,4431.55635814168,44.4261265535724,74.0144504546815,24.0204329650426,1.65802000478809,55.9268130077286,23.7020106412118
Albania,AL,ALB,2017,4648.23078660658,44.019723573454,76.7873817898989,25.270139390791,1.58693111994199,53.2947888187206,23.4381629574962
Albania,AL,ALB,2018,4893.82375538717,43.622999740108,75.6940783717425,25.1079091252149,1.46927972435297,53.1327192468215,22.9293224265946
Albania,AL,ALB,2019,5072.43648354739,43.2360928712745,75.382128932689,24.8457158029254,1.50091269603079,50.6929295241055,22.8783961540405
Albania,AL,ALB,2020,4980.61699524696,42.8591407844456,59.5206994391875,23.7009816066438,1.56624811713507,51.90149985855,24.6048161574433
Albania,AL,ALB,2021,5511.75743402862,42.4922812968222,75.5904040905009,25.0469777259433,1.36110264363987,45.5942080862216,24.3983237122662
Albania,AL,ALB,2022,5867.65096230557,42.1356522252617,84.6980435944865,24.7316613846173,1.56662047496889,52.1978299974348,27.0031497215906
Albania,AL,ALB,2023,6204.43525612114,41.7893913862143,82.3524933990723,24.7554692949957,1.37129728269597,44.0303998858757,25.4359718739727
Albania,AL,ALB,2024,6549.23387415397,41.4536365956445,79.4546360752224,26.1165231553122,1.22777427704581,44.5224223846138,NA
Algeria,DZ,DZA,2000,3553.32420521991,40.1478760554308,62.8583436360347,NA,NA,NA,NA
Algeria,DZ,DZA,2001,3610.00605631983,39.3822827211464,54.5296491177208,NA,NA,NA,NA
Algeria,DZ,DZA,2002,3754.66081538446,38.6187341398838,56.5896052814114,NA,NA,NA,NA
Algeria,DZ,DZA,2003,3945.89816094007,37.8572092013188,57.7691353044878,NA,NA,NA,NA
Algeria,DZ,DZA,2004,4066.28204806495,37.0976867951275,61.3579975707176,NA,NA,NA,NA
Algeria,DZ,DZA,2005,4223.60252133943,36.3401458109856,66.8404602203906,NA,NA,NA,NA
Algeria,DZ,DZA,2006,4279.61547120827,35.5845651385691,65.9152919677621,NA,NA,NA,NA
Algeria,DZ,DZA,2007,4339.25055772831,34.8309236675539,67.5454733939763,NA,NA,NA,NA
Algeria,DZ,DZA,2008,4367.56538017541,34.098514128841,71.0284922505261,NA,NA,NA,NA
Algeria,DZ,DZA,2009,4336.10054052949,33.4902615440479,64.2847547238993,NA,NA,NA,NA
Algeria,DZ,DZA,2010,4456.6102741643,32.8764942132541,63.4912159928425,NA,NA,NA,NA
Algeria,DZ,DZA,2011,4501.3543013352,32.2655992492422,62.2200899610479,NA,NA,NA,NA
Algeria,DZ,DZA,2012,4518.43978956464,31.6578741446325,60.7576393340605,NA,NA,NA,NA
Algeria,DZ,DZA,2013,4543.23444006767,31.0536163920723,59.151008157244,NA,NA,NA,NA
Algeria,DZ,DZA,2014,4634.10149179952,30.4531234842385,56.9235419669867,NA,NA,NA,NA
Algeria,DZ,DZA,2015,4685.05902729002,29.8566929138388,53.2046225904145,NA,NA,NA,NA
Algeria,DZ,DZA,2016,4768.73140081027,29.2646221736149,49.7609327925216,NA,NA,NA,NA
Algeria,DZ,DZA,2017,4742.90075532529,28.6772087563449,49.8208161712587,NA,NA,NA,NA
Algeria,DZ,DZA,2018,4717.0035885361,28.094750154847,52.4361676779223,NA,NA,NA,NA
Algeria,DZ,DZA,2019,4672.66408678635,27.5175438619825,46.5068426081672,NA,NA,NA,NA
Algeria,DZ,DZA,2020,4363.68533767783,26.9458873706605,40.3897565625388,NA,NA,NA,NA
Algeria,DZ,DZA,2021,4456.74687637774,26.3800781738427,46.8370592599607,NA,NA,NA,NA
Algeria,DZ,DZA,2022,4544.46688060372,25.8204137645486,51.1900893683897,NA,NA,NA,NA
Algeria,DZ,DZA,2023,4660.40545687895,25.267191635862,43.7397984507007,NA,NA,NA,NA
Algeria,DZ,DZA,2024,4765.72900168387,24.7207092809382,40.1345741170703,NA,NA,NA,NA
American Samoa,AS,ASM,2000,NA,11.3924190692778,NA,NA,NA,NA,NA
American Samoa,AS,ASM,2001,NA,11.446566935758,NA,NA,NA,NA,NA
American Samoa,AS,ASM,2002,13054.6364326897,11.5669906655616,210.9375,NA,NA,NA,NA
American Samoa,AS,ASM,2003,13201.7347516166,11.7427748953657,207.442748091603,NA,NA,NA,NA
American Samoa,AS,ASM,2004,13291.5356626851,11.9638544676889,202.357563850688,NA,NA,NA,NA
American Samoa,AS,ASM,2005,13284.2791128875,12.2201642250501,223.2,NA,NA,NA,NA
American Samoa,AS,ASM,2006,12794.7565021718,12.5016390099679,229.817444219067,NA,NA,NA,NA
American Samoa,AS,ASM,2007,13092.3111393408,12.7982136649611,218.146718146718,NA,NA,NA,NA
American Samoa,AS,ASM,2008,12809.4633079683,13.0998230325483,249.821428571429,NA,NA,NA,NA
American Samoa,AS,ASM,2009,12342.0575384016,13.3964019552483,161.333333333333,NA,NA,NA,NA
American Samoa,AS,ASM,2010,12446.3086265015,13.6809326450331,157.940663176265,NA,NA,NA,NA
American Samoa,AS,ASM,2011,12521.8095058644,13.9715008275525,157.543859649123,NA,NA,NA,NA
American Samoa,AS,ASM,2012,12068.2667374983,14.2838825655549,176.40625,NA,NA,NA,NA
American Samoa,AS,ASM,2013,11871.7937192729,14.6153534805239,173.824451410658,NA,NA,NA,NA
American Samoa,AS,ASM,2014,12203.0894714284,14.9648551998458,174.805598755832,NA,NA,NA,NA
American Samoa,AS,ASM,2015,12727.4102651386,15.331329350907,162.407132243685,NA,NA,NA,NA
American Samoa,AS,ASM,2016,12665.2829921268,15.7137175610939,159.165424739195,NA,NA,NA,NA
American Samoa,AS,ASM,2017,11930.7771236826,16.1109614577929,161.437908496732,NA,NA,NA,NA
American Samoa,AS,ASM,2018,12412.6024074562,16.5220026683903,171.830985915493,NA,NA,NA,NA
American Samoa,AS,ASM,2019,12524.0160252283,16.9457828202726,156.568778979907,NA,NA,NA,NA
American Samoa,AS,ASM,2020,13194.274740128,17.3759219379284,154.368932038835,NA,NA,NA,NA
American Samoa,AS,ASM,2021,13233.5784817341,17.7872908455908,136.8,NA,NA,NA,NA
American Samoa,AS,ASM,2022,13709.0974895473,18.205202295351,124.684270952928,NA,NA,NA,NA
American Samoa,AS,ASM,2023,NA,18.6278457291778,NA,NA,NA,NA,NA
American Samoa,AS,ASM,2024,NA,19.0553013038182,NA,NA,NA,NA,NA
Andorra,AD,AND,2000,34113.8173783949,7.7440643310547,NA,NA,NA,NA,NA
Andorra,AD,AND,2001,36790.1037086022,8.1050288889854,NA,NA,NA,NA,NA
Andorra,AD,AND,2002,38084.4843108589,8.53946916883849,NA,NA,NA,NA,NA
Andorra,AD,AND,2003,39620.3201605161,9.01124845741209,NA,NA,NA,NA,NA
Andorra,AD,AND,2004,40054.3211531421,9.48423004150391,NA,NA,NA,NA,NA
Andorra,AD,AND,2005,40528.17486238,10.0436368054582,NA,NA,NA,NA,NA
Andorra,AD,AND,2006,41322.0529213846,10.6210781081652,NA,NA,NA,NA,NA
Andorra,AD,AND,2007,40789.1589697748,10.9499969482422,NA,NA,NA,NA,NA
Andorra,AD,AND,2008,37775.1261404342,11.0592636069523,NA,NA,NA,NA,NA
Andorra,AD,AND,2009,35604.3840098196,11.15566684815,NA,NA,NA,NA,NA
Andorra,AD,AND,2010,36277.2644425331,11.2395273943391,NA,NA,NA,NA,NA
Andorra,AD,AND,2011,37637.4868342866,11.3111659680237,NA,NA,NA,NA,NA
Andorra,AD,AND,2012,36206.9784356446,11.3709032917076,NA,NA,NA,NA,NA
Andorra,AD,AND,2013,35684.1694347737,11.4190600878947,NA,NA,NA,NA,NA
Andorra,AD,AND,2014,37300.6244197096,11.455957079089,NA,NA,NA,NA,NA
Andorra,AD,AND,2015,38654.9347217207,11.4819149877943,NA,NA,NA,NA,NA
Andorra,AD,AND,2016,40085.020598622,11.4972545365147,NA,NA,NA,NA,NA
Andorra,AD,AND,2017,39361.0622648699,11.5022964477539,NA,NA,NA,NA,NA
Andorra,AD,AND,2018,39242.1448975099,11.4919001506209,NA,27.9144162860928,14.2892359921731,25.1964259233621,NA
Andorra,AD,AND,2019,39346.275035865,11.4608206333755,NA,27.7592002561719,13.2374826329205,25.1488036347766,NA
Andorra,AD,AND,2020,34536.6499222556,11.4092219572483,NA,28.213551330059,10.3494091539069,22.2413724863625,NA
Andorra,AD,AND,2021,36929.0191528644,11.3372681834701,NA,26.4846992298031,9.98115013983834,23.9414061703804,NA
Andorra,AD,AND,2022,39780.3966130791,11.2451233732714,NA,28.0166478589307,12.4523065964902,24.2757423904134,NA
Andorra,AD,AND,2023,40227.23352974,11.1798390782918,NA,28.0090830750899,9.06410046315495,23.4008923551984,NA
Andorra,AD,AND,2024,41223.9924906603,11.1149955183722,NA,29.7848210556037,10.1280183185932,22.7688233215955,NA
Angola,AO,AGO,2000,2172.46326718726,49.4929346515803,NA,52.7883851391081,1.56262574673678,3.09156409171051,21.8300194095745
Angola,AO,AGO,2001,2189.17352158048,48.2775209592671,NA,41.6333607635908,3.23837706474214,21.0815720750833,29.0157756429379
Angola,AO,AGO,2002,2404.97792071735,47.1073765205962,90.5708209771053,23.5053313789281,4.51136912550104,7.15350296731214,18.6509954269574
Angola,AO,AGO,2003,2403.40415157242,45.9956454629239,90.680716182229,25.9023989955866,4.46534077988746,7.74927752144449,22.6823568277464
Angola,AO,AGO,2004,2583.32411461508,44.9554719136064,90.3860384706403,23.8315055004958,4.6389132320074,7.68741654629395,14.0846970566675
Angola,AO,AGO,2005,2843.39663579921,44,95.3414592878024,21.8137253209076,4.23118264300053,6.53779637816685,18.5990929437113
Angola,AO,AGO,2006,3065.05576244155,43.1060967337228,84.6246041187373,41.172431905092,2.25396229835843,3.5519982614565,16.9972238035873
Angola,AO,AGO,2007,3336.36332465491,42.2435367069867,97.2256307002466,40.1999153144334,2.63321377261143,4.12517127059116,18.6073962639919
Angola,AO,AGO,2008,3559.19522512538,41.4148254180386,108.680408742706,38.2398698484207,3.7915231993678,4.84614896139083,20.062522029902
Angola,AO,AGO,2009,3494.80724466468,40.6224683651256,102.263183257504,19.1467380403872,8.5665592264303,12.0462530217566,21.9431492167128
Angola,AO,AGO,2010,3540.79159568681,39.8689710464947,90.9940631357987,30.6918953386008,3.78238688013654,6.01395098603046,22.4956224962712
Angola,AO,AGO,2011,3528.16824373698,39.1568389603927,89.0369443426985,39.7044635588189,2.39795754931545,3.63132953630561,23.7478413251854
Angola,AO,AGO,2012,3682.35229323075,38.4885776050668,81.939478548327,32.3095163148602,2.51380816250954,3.74830079439273,20.9149425556276
Angola,AO,AGO,2013,3716.29718727597,37.8666924787639,77.3498013719917,31.7462842173706,2.64070688268218,4.29590842617571,25.0809923561283
Angola,AO,AGO,2014,3746.81619978931,37.276884206759,69.5801424480502,27.3657681886712,4.11500237570181,5.17411807440825,24.7809441862508
Angola,AO,AGO,2015,3641.72893920253,36.48432167315,54.9793808780995,16.5707852796874,4.98051531369722,6.74055184449631,18.3730580743151
Angola,AO,AGO,2016,3505.59634681792,35.7007697482011,46.3256130571521,13.649046195293,3.43629474473578,8.06309032250259,15.2039321329862
Angola,AO,AGO,2017,3378.07588102598,34.9149474913932,44.9963253203189,14.0794133975377,3.62848883162205,7.44548235547345,14.34665940129
Angola,AO,AGO,2018,3246.87857140997,34.1267863276628,58.2698953890633,19.829071751077,3.7353807080929,12.4963639181809,13.7011726297107
Angola,AO,AGO,2019,3105.59971242672,33.3362176819467,60.3713068739603,20.6657353100848,3.09913498321805,8.24249086564882,14.5692025631292
Angola,AO,AGO,2020,2847.24241578243,32.5431729791813,54.6604030683749,49.5935108954714,2.57027343214516,9.43904690626184,NA
Angola,AO,AGO,2021,2788.16737086685,31.7475836443031,62.5287705320674,24.1304236948741,2.25300528354855,12.1828105978807,NA
Angola,AO,AGO,2022,2798.01717317688,30.9493811022487,56.5380722280743,26.6205259336847,1.71217223040027,10.482183456303,NA
Angola,AO,AGO,2023,2748.95196954248,30.1484967779543,53.6070126498686,20.8541637735846,2.03267779938615,11.5384607125037,NA
Angola,AO,AGO,2024,2798.59392792708,29.3448620963565,49.8489506740963,18.2349474745157,2.57027343214516,9.43904690626184,NA
Antigua and Barbuda,AG,ATG,2000,15961.0918359058,67.7673927958773,NA,NA,NA,NA,NA
Antigua and Barbuda,AG,ATG,2001,15003.4389169034,68.2445651831941,NA,NA,NA,NA,NA
Antigua and Barbuda,AG,ATG,2002,14968.0703013883,68.7719625100854,NA,NA,NA,NA,NA
Antigua and Barbuda,AG,ATG,2003,15703.9347145491,69.3996256573049,NA,NA,NA,NA,NA
Antigua and Barbuda,AG,ATG,2004,16433.4130541483,70.094433283969,NA,NA,NA,NA,NA
Antigua and Barbuda,AG,ATG,2005,17301.2134317518,70.8262004276248,NA,NA,NA,NA,NA
Antigua and Barbuda,AG,ATG,2006,19259.6486517907,71.56474212582,NA,NA,NA,NA,NA
Antigua and Barbuda,AG,ATG,2007,20770.2689732844,72.2798734161019,NA,NA,NA,NA,NA
Antigua and Barbuda,AG,ATG,2008,20464.786306605,72.9414093360178,NA,NA,NA,NA,NA
Antigua and Barbuda,AG,ATG,2009,17746.700856041,73.5191649231151,NA,NA,NA,NA,NA
Antigua and Barbuda,AG,ATG,2010,16135.397384487,73.9829552149413,NA,NA,NA,NA,NA
Antigua and Barbuda,AG,ATG,2011,15633.9091131821,74.305310140278,NA,NA,NA,NA,NA
Antigua and Barbuda,AG,ATG,2012,15989.3900199779,74.5444381411733,NA,NA,NA,NA,NA
Antigua and Barbuda,AG,ATG,2013,15748.1952024226,74.7524332332063,NA,NA,NA,NA,NA
Antigua and Barbuda,AG,ATG,2014,15967.284996712,74.9100273892259,141.546161057996,NA,NA,NA,NA
Antigua and Barbuda,AG,ATG,2015,16077.6340769406,75,130.071549851721,NA,NA,NA,NA
Antigua and Barbuda,AG,ATG,2016,16635.895232831,75.0760192528345,132.025917905085,NA,NA,NA,NA
Antigua and Barbuda,AG,ATG,2017,16992.9327495236,75.1499736163129,127.664323582144,NA,NA,NA,NA
Antigua and Barbuda,AG,ATG,2018,18042.1596435727,75.2218567906236,130.655152659419,NA,NA,NA,NA
Antigua and Barbuda,AG,ATG,2019,18525.2588907167,75.291662475955,137.537783631991,NA,NA,NA,NA
Antigua and Barbuda,AG,ATG,2020,14950.8942397208,75.3593843724957,94.289529886499,NA,NA,NA,NA
Antigua and Barbuda,AG,ATG,2021,16084.7214406048,75.425016180434,101.074960584779,NA,NA,NA,NA
Antigua and Barbuda,AG,ATG,2022,17359.2674811108,75.4885515999586,118.302584056113,NA,NA,NA,NA
Antigua and Barbuda,AG,ATG,2023,17938.3186828047,75.5499843312578,NA,NA,NA,NA,NA
Antigua and Barbuda,AG,ATG,2024,18304.5836762037,75.6093080745201,NA,NA,NA,NA,NA
Arab World,1A,ARB,2000,4922.11520199761,47.5585694246037,72.0132015273041,NA,NA,NA,NA
Arab World,1A,ARB,2001,4907.21186577842,47.261831569183,73.2266489931103,NA,NA,NA,NA
Arab World,1A,ARB,2002,4853.12978171597,46.9571473939445,73.5190274953933,NA,NA,NA,NA
Arab World,1A,ARB,2003,4939.55134024018,46.6478086045841,80.1785648073305,NA,NA,NA,NA
Arab World,1A,ARB,2004,5264.51546177734,46.3361230107942,84.5068218712743,NA,NA,NA,NA
Arab World,1A,ARB,2005,5427.84243278416,46.0179997094362,88.6457165783753,NA,NA,NA,NA
Arab World,1A,ARB,2006,5632.36344117714,45.6883976427747,88.9408725778368,NA,NA,NA,NA
Arab World,1A,ARB,2007,5746.68567268712,45.3445425953413,92.9395859597508,NA,NA,NA,NA
Arab World,1A,ARB,2008,5915.86136125116,44.987869349551,96.150352538706,NA,NA,NA,NA
Arab World,1A,ARB,2009,5810.71141659136,44.6404018448454,88.4627999947591,NA,NA,NA,NA
Arab World,1A,ARB,2010,5965.71571721365,44.4079022680538,85.0034075522851,NA,NA,NA,NA
Arab World,1A,ARB,2011,6054.00045574247,43.947919099572,87.8596765429878,NA,NA,NA,NA
Arab World,1A,ARB,2012,6235.42337538268,43.2390221059893,89.3842168625069,NA,NA,NA,NA
Arab World,1A,ARB,2013,6234.27485821589,42.4252864403163,88.444009575381,NA,NA,NA,NA
Arab World,1A,ARB,2014,6247.36371197299,41.9721761113155,86.2419614087605,24.4439982533687,NA,NA,22.7115239342141
Arab World,1A,ARB,2015,6299.87807685552,41.648287729516,81.4958468431887,19.0213938760759,NA,NA,23.2676737055861
Arab World,1A,ARB,2016,6375.45441645456,41.4377062049517,75.8691580956355,NA,NA,NA,NA
Arab World,1A,ARB,2017,6332.00881888743,41.3191058398405,79.3120733083958,NA,NA,NA,NA
Arab World,1A,ARB,2018,6386.55005729143,41.2152974675922,79.7757157396393,NA,NA,NA,NA
Arab World,1A,ARB,2019,6377.12720480427,41.1037120622898,78.9788655191864,NA,NA,NA,NA
Arab World,1A,ARB,2020,5914.3140803644,40.9100310133092,74.6177547295619,NA,NA,NA,NA
Arab World,1A,ARB,2021,6083.57198947026,40.887515285816,79.4427227325945,NA,NA,NA,NA
Arab World,1A,ARB,2022,6361.38084442534,40.6660674851883,86.5555785491757,NA,NA,NA,NA
Arab World,1A,ARB,2023,6322.02558331114,40.430059199691,87.0390451286186,NA,NA,NA,NA
Arab World,1A,ARB,2024,6311.25329101256,40.1801247550726,65.3540912329816,NA,NA,NA,NA
Argentina,AR,ARG,2000,10631.6503639029,10.8239728866546,22.6224447777343,14.1776102532074,4.89336936910107,43.8641163667409,16.8328883767368
Argentina,AR,ARG,2001,10051.9448463043,10.6317048710628,21.8522554515453,13.7775019608536,4.28447556301105,43.8253146297782,16.9923529034125
Argentina,AR,ARG,2002,8861.56199282278,10.4383298079487,41.7527243585642,14.0561136349095,13.6385323185278,37.4458707258889,19.6771706443151
Argentina,AR,ARG,2003,9545.53194119994,10.247531743436,40.6447480311085,17.1997019513553,16.4708689217667,34.2513520243592,19.8373029880995
Argentina,AR,ARG,2004,10302.4465316428,10.0602791205788,40.692646108947,16.7347777696665,15.7995448676603,37.1669201630616,16.8763416365527
Argentina,AR,ARG,2005,11099.7509190602,9.8766262263928,40.5512709706238,16.6216575161027,15.8235331040068,37.2332226487939,NA
Argentina,AR,ARG,2006,11870.2791559298,9.6966273478936,40.4334798719151,17.2017551603052,14.6467260754154,35.8916892994696,NA
Argentina,AR,ARG,2007,12811.9021206578,9.5203367720969,40.945170618571,17.9300729987004,15.728660258632,33.9285658927465,NA
Argentina,AR,ARG,2008,13197.3570267029,9.34780878601831,40.4026733790382,18.9717341522181,20.1240518414403,31.6769745703794,NA
Argentina,AR,ARG,2009,12285.3784651865,9.17909767667351,34.0571269054879,20.1360210279783,13.684638787432,29.4587083664878,NA
Argentina,AR,ARG,2010,13387.155374845801,9.00699480590229,34.9710132635696,21.2413164267537,15.6701983126057,28.603677016809,NA
Argentina,AR,ARG,2011,14040.6189124444,8.89277132615941,35.2061549999644,20.196408074281,15.326104507233,29.6538870401866,NA
Argentina,AR,ARG,2012,13754.4254235596,8.79587827532031,30.5265423717108,21.182234604867,13.8779429492198,29.5741968351551,NA
Argentina,AR,ARG,2013,13946.0950832252,8.6985492280527,29.3339290021037,21.5652829643596,10.7173488501633,29.1654831374073,NA
Argentina,AR,ARG,2014,13456.1319159151,8.60246545270461,28.4067936452275,22.3322943705014,10.7564308889433,27.5945343597424,24.5697808575806
Argentina,AR,ARG,2015,13679.6264980954,8.50769808913719,22.4862260889792,22.1490803040164,8.04531805696767,28.0000349566416,25.0083932347048
Argentina,AR,ARG,2016,13265.8860639123,8.4143182771783,26.0938878488799,21.2567013071388,7.11252576635238,27.2416115086503,26.1799164832469
Argentina,AR,ARG,2017,13520.1129846159,8.3223971566176,25.2896011376779,19.3371239744582,6.40974557980346,30.2522655088489,24.2825320419979
Argentina,AR,ARG,2018,13058.3285449954,8.2320058672002,30.7625359549926,17.7024488717292,7.44936050138006,32.2321931211321,22.6709430512171
Argentina,AR,ARG,2019,12706.3978108968,8.14321554861981,32.6306150458499,17.7888990504455,13.8643849479265,30.3362324228041,22.0364845686943
Argentina,AR,ARG,2020,11393.0505957877,8.05609734051031,30.203698807416,17.4777322783093,13.3819968611147,30.6850880323113,25.8405452538391
Argentina,AR,ARG,2021,12549.2811699342,7.9707223824349,33.078689567466,18.0764989044589,15.0422482293727,28.7176779201918,22.8967903877811
Argentina,AR,ARG,2022,13276.8232110189,7.887161813874,31.5801792606256,17.893195301026,15.7209085880323,29.1858814333045,21.865226929082
Argentina,AR,ARG,2023,12993.0928872416,7.8054867742093,26.6769512482215,17.7753274051522,11.2323152268162,29.9572873969311,21.00878925888
Argentina,AR,ARG,2024,12774.3506596628,7.7257684027048,27.929760849367,16.8606958335516,14.9940133705593,31.7745119726903,NA
Armenia,AM,ARM,2000,1229.21510436102,35.040762082564,72.2333302273367,NA,NA,NA,NA
Armenia,AM,ARM,2001,1351.12072694555,35.1771876209128,69.8642663925336,NA,NA,NA,NA
Armenia,AM,ARM,2002,1535.20452885187,35.2603788019748,73.9845018432309,NA,NA,NA,NA
Armenia,AM,ARM,2003,1759.64684829386,35.3336462544936,80.0513676022426,NA,NA,NA,NA
Armenia,AM,ARM,2004,1955.22262459229,35.4027366378884,73.0706339919371,18.1983826790851,3.15568182101539,31.3211808184739,16.9559988456693
Armenia,AM,ARM,2005,2240.09273209788,35.4665789362491,70.1397385835334,19.3048587396415,3.43863654511225,32.260689777647,18.1464405215631
Armenia,AM,ARM,2006,2551.43546358452,35.5241021336656,61.0301379818566,19.7633111464399,3.16068557905983,30.170862601789,17.1482192993136
Armenia,AM,ARM,2007,2919.3734936373,35.5742352142277,56.9750470853147,21.3849781783405,3.43756344968819,41.050811873894,17.0424253804612
Armenia,AM,ARM,2008,3141.33193500774,35.6159071620254,54.5423279613666,22.8602935610245,4.48593155670185,43.4491895757896,21.1396851697465
Armenia,AM,ARM,2009,2716.97436280471,35.6480469611484,57.2742357441995,22.2532496488502,3.47576747734569,40.572307014371,23.8619179943921
Armenia,AM,ARM,2010,2796.08143428043,35.6695835956868,64.642975973633,22.647951352588102,3.60305493286515,42.5034250540843,22.9973623470093
Armenia,AM,ARM,2011,2943.83687119315,35.6792550854806,69.4355736620453,22.7264264431653,3.93438997600871,39.5142850782054,22.5680163171222
Armenia,AM,ARM,2012,3159.75860786889,35.6731620493002,75.9616759606704,22.597804052938,4.36176967057779,42.1518751304778,21.3736421560682
Armenia,AM,ARM,2013,3266.29882999873,35.6415938868534,77.5550481598824,24.1168167453311,4.2554750849423,41.7077225193383,22.6371817977093
Armenia,AM,ARM,2014,3393.09252326884,35.5857065766709,75.778866962639,24.5145567085198,4.01128389567427,44.1590742796994,23.9875580530759
Armenia,AM,ARM,2015,3512.39350276709,35.5070376568451,71.6820743427575,23.0924926716717,5.13354500553615,39.4839609624046,25.0779813488419
Armenia,AM,ARM,2016,3533.88503607007,35.4071246654684,76.0779674593548,22.8347288893173,4.64871754950013,37.8093072421964,25.7115181584805
Armenia,AM,ARM,2017,3815.3747426037,35.2875051406333,87.202376539837,22.5254651052115,5.70947836213009,38.4683261774136,22.6297249923647
Armenia,AM,ARM,2018,4027.83393010979,35.1497166204321,92.473107021212,22.4536343721739,5.87680176634564,40.0777629710129,22.0768137564949
Armenia,AM,ARM,2019,4343.45839583019,34.9952966429572,97.847004865327,23.9412409977605,6.01767322966446,47.8823398385395,21.7584805720085
Armenia,AM,ARM,2020,4032.09043454955,34.825782746301,70.1213571368789,24.1447323127042,4.41059991932357,46.499820446402,26.5812877778437
Armenia,AM,ARM,2021,4264.79961505187,34.6427124685559,79.2489057647112,23.3878288710777,5.13446957131666,52.4815399427086,24.968529504044
Armenia,AM,ARM,2022,4791.00481712183,34.4375537125515,103.878629213508,23.4564175842604,2.81811157046394,54.3984328414736,21.1627548327889
Armenia,AM,ARM,2023,5197.23509013575,34.3043117991148,123.418750077627,23.8758078241652,3.30034853853335,50.433125922187,20.9471499751251
Armenia,AM,ARM,2024,5378.31799981682,34.1886328550099,150.064726588742,24.1409039589361,3.06058419047955,48.2402939085918,NA
Aruba,AW,ABW,2000,28104.8954362859,34.6454502200013,145.072879516204,NA,NA,NA,NA
Aruba,AW,ABW,2001,29007.7386958774,34.6648862086086,140.391108618306,NA,NA,NA,NA
Aruba,AW,ABW,2002,28535.4639480222,34.7179308691783,133.230771421249,NA,NA,NA,NA
Aruba,AW,ABW,2003,28525.8077063839,34.8017077412832,132.794291274023,NA,NA,NA,NA
Aruba,AW,ABW,2004,29959.7748189582,34.9113466338442,132.430929795173,NA,NA,NA,NA
Aruba,AW,ABW,2005,29081.706699789702,35.0419773557825,145.050280144237,NA,NA,NA,NA
Aruba,AW,ABW,2006,28885.9118700469,35.188729716019,141.042626734626,NA,NA,NA,NA
Aruba,AW,ABW,2007,29556.838468655402,35.3467335234746,139.972309491093,NA,NA,NA,NA
Aruba,AW,ABW,2008,29870.6648077005,35.5111185870705,139.110149824701,NA,NA,NA,NA
Aruba,AW,ABW,2009,26204.0597361984,35.6770147157274,137.556575933708,NA,NA,NA,NA
Aruba,AW,ABW,2010,25429.2180974853,35.8387034450523,135.464654677581,NA,NA,NA,NA
Aruba,AW,ABW,2011,26093.0542083227,36.0007394161429,154.437786862887,NA,NA,NA,NA
Aruba,AW,ABW,2012,25444.7336646687,36.1747914800401,156.645197205944,NA,NA,NA,NA
Aruba,AW,ABW,2013,26680.1411206342,36.3617085644674,155.731904522973,NA,NA,NA,NA
Aruba,AW,ABW,2014,26773.8229102391,36.5607468696205,156.491052864098,NA,NA,NA,NA
Aruba,AW,ABW,2015,27458.2201537506,36.7711625956947,140.493001133496,NA,NA,NA,NA
Aruba,AW,ABW,2016,27587.2498040483,36.9922119428858,136.887263320827,NA,NA,NA,NA
Aruba,AW,ABW,2017,28548.8904317739,37.2231511113891,138.716620095236,NA,NA,NA,NA
Aruba,AW,ABW,2018,29419.208623316,37.4632363014004,138.824972245657,NA,NA,NA,NA
Aruba,AW,ABW,2019,29700.3634670565,37.711723713115,137.923249273411,NA,NA,NA,NA
Aruba,AW,ABW,2020,22718.2294445007,37.9971162433635,123.24050373078,NA,NA,NA,NA
Aruba,AW,ABW,2021,26303.0397202375,38.0724660113157,139.510902584073,NA,NA,NA,NA
Aruba,AW,ABW,2022,29198.9903584827,38.1188342075743,160.558140997897,NA,NA,NA,NA
Aruba,AW,ABW,2023,31963.0764505349,38.1648507324411,153.719158343959,NA,NA,NA,NA
Aruba,AW,ABW,2024,33938.9541769192,38.2090603180406,164.138645148918,NA,NA,NA,NA
Australia,AU,AUS,2000,45979.0765654048,14.8928391421743,40.8631257691954,25.8378863677104,2.21318590412052,17.9058915369961,23.9865450113958
Australia,AU,AUS,2001,46314.6235297968,14.8518905835274,44.1337313971929,27.0015124921695,2.40377840983222,24.2757612921744,26.1278789554774
Australia,AU,AUS,2002,47599.4079289312,14.7157897216536,41.3813128146921,25.9326765080475,2.65023864346818,25.4334466826271,26.3139695255944
Australia,AU,AUS,2003,48509.6632180363,14.5902922181332,40.1348011794482,26.5393240548752,2.60980594829965,25.8207091375948,25.6619478795292
Australia,AU,AUS,2004,50018.5904483861,14.481232390588,36.9505159618289,26.5042965044467,2.45088224796957,25.3209954995343,25.5648080640484
Australia,AU,AUS,2005,50972.640519744,14.3809128778042,39.0978822564811,26.9532758676491,2.22129890053695,24.1797973664025,25.513469194006
Australia,AU,AUS,2006,51682.8925230537,14.2507455736477,41.4878923489153,26.8939957595507,1.85435129222441,23.6278690348178,24.8562631515346
Australia,AU,AUS,2007,52671.325846724,14.1031480425031,41.9297451276561,26.3420026103151,1.96628920677829,23.1854649566888,24.401497265035
Australia,AU,AUS,2008,53497.275355342,13.9746183032334,42.7522207880308,26.5319673365261,1.93576728772932,22.5632602128357,24.2688866370392
Australia,AU,AUS,2009,53430.5274781651,13.8721860898182,45.5936120867789,24.3993947128244,2.03227599400238,22.6594410837082,26.3814336455909
Australia,AU,AUS,2010,53768.349733441,13.7801399487857,40.3905070860606,23.2230972332076,1.89193448823862,24.3574252354247,26.6185983775997
Australia,AU,AUS,2011,54296.2321324814,13.6731053853577,41.7219860149689,22.6375487543484,1.80835018628577,23.9731054752223,25.9163709195685
Australia,AU,AUS,2012,55465.4462872577,13.5548740863375,43.0198495527558,23.3563801280004,2.01991247140562,22.1807221392851,26.0316102583583
Australia,AU,AUS,2013,55966.1509270561,13.4259484239757,41.100511881056,24.3509501087634,2.17214104977525,23.0232082690577,25.7719998082551
Australia,AU,AUS,2014,56571.8062524437,13.2778710656644,42.2993095385282,24.2574161887099,2.38054360443514,23.487688566472,26.1434698132436
Australia,AU,AUS,2015,56970.3613028094,13.1221357460639,41.4947506939901,24.4091962960215,2.73373894499153,21.3237157373142,26.6555350269532
Australia,AU,AUS,2016,57632.9995925594,12.9833704750765,40.813402217321,24.7656119982625,3.40500880501316,21.6581523279389,26.8782732460928
Australia,AU,AUS,2017,57991.771347333,12.87190733555,42.0354135251854,24.7425472872619,3.23921345112568,21.1127956682816,26.5276169849373
Australia,AU,AUS,2018,58772.7063152213,12.7732319154075,43.5732253645218,25.7471757974481,3.27135345212231,20.4692067437002,26.1317227432746
Australia,AU,AUS,2019,59181.2997904131,12.6980352111594,46.0016827052171,25.9715065326299,3.10009994050235,19.461760119462,26.0711901942783
Australia,AU,AUS,2020,58377.7670517802,12.7286529541015,44.499564103879,25.1891145627514,3.8292718357027,19.3314723861348,30.1434988129749
Australia,AU,AUS,2021,59465.535671364,12.7646592367239,40.2022359390595,25.6293211504608,3.32071475164726,20.0366097670021,32.5518179379184
Australia,AU,AUS,2022,61200.4588964781,12.6656731746187,45.6946418805752,26.131348255083,2.72474963498485,17.7852424536736,27.5833132925557
Australia,AU,AUS,2023,61869.082498576,12.5133044346235,49.044339318428,NA,NA,NA,NA
Australia,AU,AUS,2024,61486.38147544,12.3978530009554,47.1453811065195,NA,NA,NA,NA
Austria,AT,AUT,2000,38571.0858780001,33.2309761030434,85.8426077336549,44.0323207143801,0.0180066308647054,27.9455040431427,46.4244332273425
Austria,AT,AUT,2001,38929.753800545,33.1591838714282,87.9962567186047,45.7704055528143,0.0163913692458494,27.1154547634359,46.8148444061803
Austria,AT,AUT,2002,39313.7225107545,33.1112542863542,87.5844937054619,44.8449741556767,0.0211136261535718,28.0674112312286,46.2826879102055
Austria,AT,AUT,2003,39569.2885567329,33.0736425044908,86.8822263228608,44.3458488096254,0.0206384410397926,28.0312200146238,46.1536982748192
Austria,AT,AUT,2004,40333.3307183894,33.0441387127056,91.4742201880009,44.1027472958985,0.00453447182303568,28.0216305548451,48.9500268699742
Austria,AT,AUT,2005,40989.0131778975,33.0202049345857,94.6747547827805,43.7580548504673,0.00152018964770639,27.6294198614487,46.2539521666493
Austria,AT,AUT,2006,42120.1557002022,32.9993031937186,98.7857253161241,43.2109962646284,1.64317872405269e-4,27.1082545169686,45.5316465384067
Austria,AT,AUT,2007,43568.8302243941,32.9788955136916,101.36495843546,43.2569529590645,-0.00617535338459743,26.8712620829727,44.2908136763851
Austria,AT,AUT,2008,44063.8642019916,32.9564439180922,102.7437043613,43.9741852663404,-0.0159780553575303,26.4335151721787,44.8763008234169
Austria,AT,AUT,2009,42372.4758254763,32.9294104305076,87.6004931021953,44.1189854510289,6.29257962492607e-5,27.0585957935521,48.0972422914672
Austria,AT,AUT,2010,43035.4073531933,32.8952570745253,99.6448825546716,43.7691939325573,7.71843578489121e-5,27.3572932618905,46.7361288145075
Austria,AT,AUT,2011,44146.1956805294,32.8515744584944,105.775098372378,43.8483096075377,5.88159655056125e-5,27.476370869658,45.7857004145268
Austria,AT,AUT,2012,44221.4599530893,32.7914090187721,105.840791389706,44.4741976682037,4.93778078778624e-5,27.5620151760576,46.5833364419865
Austria,AT,AUT,2013,43851.3675497404,32.7018691215753,104.985374015367,45.3167706143996,NA,26.9827986061823,47.2584334360885
Austria,AT,AUT,2014,43838.8345892137,32.5845672408219,104.49673998926,45.2975197017324,NA,26.8908280469502,47.3819786391457
Austria,AT,AUT,2015,43915.228020857,32.4423824462617,103.11758174626,45.5782350708836,NA,26.7259156350041,46.3323461865485
Austria,AT,AUT,2016,44362.6702805116,32.2781938076444,101.573494597172,44.0859644565007,NA,27.4161367615599,45.553025088735
Austria,AT,AUT,2017,45056.6385912412,32.0948803947198,105.556066755438,43.9889142703404,NA,27.5057973854696,44.8654197632576
Austria,AT,AUT,2018,45951.5819164034,31.8953212772377,108.377969971828,44.0361607804554,NA,26.9658065382511,44.1363840597814
Austria,AT,AUT,2019,46550.5622459492,31.6823955249478,108.207284904426,44.2834046028578,NA,26.738743185994,43.9069061163649
Austria,AT,AUT,2020,43428.6983137234,31.4589822075999,99.9482141095975,43.7622339600816,NA,26.4674263420006,51.1591725615403
Austria,AT,AUT,2021,45368.6434337368,31.226398299747,111.032932124165,44.9093466889103,NA,26.3038268154515,50.0216558788029
Austria,AT,AUT,2022,47332.4240357971,31.001914872094,123.579578652902,44.2589017091123,NA,25.8748416402597,47.3641894652228
Austria,AT,AUT,2023,46497.9114640341,30.7734641723979,115.152914822732,44.1930440570061,NA,25.775793013636,46.0304036608475
Austria,AT,AUT,2024,45958.8250071261,30.5341818903212,108.825777834405,45.0704267484122,NA,25.0158181193536,NA
Azerbaijan,AZ,AZE,2000,1504.73106706035,48.8679161071777,78.5485682796041,NA,NA,NA,NA
Azerbaijan,AZ,AZE,2001,1640.93664540398,48.8415184020996,78.8151854917601,NA,NA,NA,NA
Azerbaijan,AZ,AZE,2002,1782.47319183639,48.7855834960938,92.8181443298969,NA,NA,NA,NA
Azerbaijan,AZ,AZE,2003,1949.60608417331,48.2742004394531,107.551948506262,NA,NA,NA,NA
Azerbaijan,AZ,AZE,2004,2111.4533834475,47.7168006896973,121.507115894117,NA,NA,NA,NA
Azerbaijan,AZ,AZE,2005,2674.3688564996,47.4971466064453,115.841884607706,NA,NA,NA,NA
Azerbaijan,AZ,AZE,2006,3556.83212858133,47.3459854125977,105.262399846369,NA,NA,NA,NA
Azerbaijan,AZ,AZE,2007,4412.20326117932,47.1718444824219,96.6418081486575,NA,NA,NA,NA
Azerbaijan,AZ,AZE,2008,4778.12452736673,46.936695098877,89.2428968637573,49.3018945018586,2.21139657577166,12.6478138707526,18.5077683545439
Azerbaijan,AZ,AZE,2009,5118.43395494687,46.8641874565426,74.7440416836369,40.8898501467635,2.79582892549494,17.8122466924039,23.0788028594301
Azerbaijan,AZ,AZE,2010,5300.11048729062,46.7151632285131,74.9859884610856,46.8289179324149,1.45708683191714,13.5532203730705,20.8724832214765
Azerbaijan,AZ,AZE,2011,5149.20665913206,46.4914538106751,80.5080450059522,45.4813563227219,1.81140611877118,12.0919377234187,18.4783610460428
Azerbaijan,AZ,AZE,2012,5193.17501119552,46.1923557723792,78.263069540422,41.2739730781807,2.57045415337795,13.6250436813539,22.1853838889224
Azerbaijan,AZ,AZE,2013,5425.99559780578,45.8178912568682,74.6758447629851,40.4057956068887,2.84488002416106,14.8616056046859,20.9255439826751
Azerbaijan,AZ,AZE,2014,5508.60265612676,45.3680824073849,69.4832251953347,39.8963976405639,2.88475015396377,17.6083586400221,22.1009894245612
Azerbaijan,AZ,AZE,2015,5500.50364628486,44.8429513671724,72.6015079073189,34.1837072453108,3.0698194445191,23.6737853222746,24.7887090842221
Azerbaijan,AZ,AZE,2016,5272.71817141861,44.2425202794734,90.0773187345677,34.9198678696967,3.38524388163258,22.3014729578586,27.1959381185333
Azerbaijan,AZ,AZE,2017,5229.25259993413,43.5668112875309,90.4023156823216,35.075876697878,3.63130076687365,19.4024708571799,27.9587305829867
Azerbaijan,AZ,AZE,2018,5261.92938234432,42.8158465345877,91.6725765369825,39.416628377366,3.35962806710742,17.6682948381362,21.402262398242
Azerbaijan,AZ,AZE,2019,5346.95318604114,41.8691808022221,85.8181454084561,42.8140744014985,3.70525688493563,17.9811178122707,24.2843990319453
Azerbaijan,AZ,AZE,2020,5087.50022783627,41.7065308238063,72.0178676487811,35.0400465154089,4.36127354448837,23.0382724771883,33.9314765748897
Azerbaijan,AZ,AZE,2021,5349.58226071425,41.6340030255182,76.286865687015,36.518973597473,3.83191766516298,18.9879973068381,27.1444134965323
Azerbaijan,AZ,AZE,2022,5599.58524971025,41.5617184145316,86.9822732541779,38.4484212082014,3.11316232948179,16.6312726964036,23.0088211493834
Azerbaijan,AZ,AZE,2023,5668.61021317029,41.4924649516298,83.5358861156321,39.7805537585155,3.55906403393253,19.9098488785933,NA
Azerbaijan,AZ,AZE,2024,5876.03295533913,41.426204162283,82.5675246316515,38.8905867810269,3.77268697537153,21.7469391601894,NA
"Bahamas, The",BS,BHS,2000,32424.7271786716,18.9638838432316,79.6449438925669,11.6035966208009,56.1056211259325,12.7085954281068,10.2594326481743
"Bahamas, The",BS,BHS,2001,32870.0918307285,18.847279475207,72.5008806383396,11.0545659144272,57.4551386623165,10.2229472539424,10.4233916778775
"Bahamas, The",BS,BHS,2002,33374.602685914,18.6945793169358,70.2779817050926,9.99446018312923,57.0849819292854,11.5026182257352,10.3894085907697
"Bahamas, The",BS,BHS,2003,32559.311554898,18.5180385404459,71.063540505226,10.1588597184471,58.706025968261,9.57718344245922,11.2625689254562
"Bahamas, The",BS,BHS,2004,32444.0739567569,18.3291589116573,76.0019833710461,10.4299586208724,51.2075115700668,12.4017563419636,11.278457122853
"Bahamas, The",BS,BHS,2005,33144.7878790275,18.1394421964898,81.3962709176308,11.22147780647,54.95756118711,16.3188255985199,11.3576991114455
"Bahamas, The",BS,BHS,2006,33541.850748701,17.9603901608636,87.5507143032777,12.5941527945118,58.5770637394288,26.1249891642112,11.6635471735228
"Bahamas, The",BS,BHS,2007,33549.3360007274,17.8035045706985,88.0128155625079,12.5831156282432,44.7714947332496,29.0942865824725,11.8675423842145
"Bahamas, The",BS,BHS,2008,32331.8246135092,17.6802871919145,87.4292228766863,13.5731331939958,43.3118593862427,11.0869400885275,12.77773133194
"Bahamas, The",BS,BHS,2009,30581.3342198488,17.6022397904316,76.5210439633098,13.1885120757847,50.5005803389666,28.3920964517286,14.2433449943698
"Bahamas, The",BS,BHS,2010,30657.4319059659,17.5801895568407,78.6756024311196,12.8102398366245,36.8765521729824,39.8785351944931,15.3934154965055
"Bahamas, The",BS,BHS,2011,30492.6738528071,17.5869652529692,88.3336891598687,14.4186586504079,36.544985743395,47.0651777888454,16.5592966586399
"Bahamas, The",BS,BHS,2012,31553.4919490645,17.6052514660075,84.2515204656543,14.1735769947017,34.7835930407146,43.7749866980694,16.3549707228275
"Bahamas, The",BS,BHS,2013,30368.2631244189,17.6364208899132,84.5484138879077,13.2025976995408,39.952723605344,40.8051086169831,16.2498733548443
"Bahamas, The",BS,BHS,2014,30658.5344563722,17.6819068962957,80.5370272284116,13.1968460856802,35.2333624667927,42.7631552545823,15.7965215023655
"Bahamas, The",BS,BHS,2015,30719.405417469,17.7431428567639,69.6779752652565,14.6273782452524,28.2604840100903,52.0633142495625,16.0689793736906
"Bahamas, The",BS,BHS,2016,30152.1619246021,17.8215621429272,67.212921580015,16.7435935230496,20.6895079334018,58.0361317915838,17.8870918557517
"Bahamas, The",BS,BHS,2017,30974.7477261317,17.9185981263948,68.334284038596,16.6326878235545,20.8291435646861,61.9229736429126,19.7385600143007
"Bahamas, The",BS,BHS,2018,31537.2423841956,18.0356841787759,72.1542685971043,15.9117105591613,21.1534054854403,62.4640610433461,17.3844779705442
"Bahamas, The",BS,BHS,2019,31117.6299132391,18.1742536716796,68.7866234842208,18.2742562325827,18.3374253433146,67.3610512914252,18.4739549597048
"Bahamas, The",BS,BHS,2020,24791.6704945106,18.3357399767151,53.4207580670063,20.1369104813185,19.4386682397902,64.5358367837789,25.8412924772271
"Bahamas, The",BS,BHS,2021,29114.0597726386,18.5215764654917,65.9325413308964,15.8516580958711,15.6732850549104,61.1369795019619,24.6633838830273
"Bahamas, The",BS,BHS,2022,32186.4575039237,18.6799282952275,75.9829601059237,18.7489017543607,19.636878578573,57.1293087851086,22.3247708393299
"Bahamas, The",BS,BHS,2023,33009.645615121,18.6786200826324,76.5494751592857,18.691039629894,23.6539355537638,57.0502234318377,20.347142731791
"Bahamas, The",BS,BHS,2024,33968.2032187918,18.6750737033519,79.2424586933455,19.3844099653883,23.6295400710979,58.6696104731446,NA
Bahrain,BH,BHR,2000,25407.9694054552,12.1643790404403,135.809135327865,28.8908778777163,5.5516794577893,2.52167846107844,19.9022786964624
Bahrain,BH,BHR,2001,25106.2869742612,12.1602853849106,127.026266277537,26.4381268425653,6.16195289816109,2.61318421335627,20.8411727233671
Bahrain,BH,BHR,2002,24149.0156013799,11.8572132404125,131.133634216392,25.9123520997128,4.83091787439614,2.69297975125912,23.1816720078954
Bahrain,BH,BHR,2003,23857.6403579769,11.1674660305882,128.091582155216,25.7196581278682,4.56964580657001,2.81703064782529,20.8663034055133
Bahrain,BH,BHR,2004,23688.1121059225,10.1430994020704,140.737310039923,25.5255376724657,4.44669418269605,2.55431819951717,19.3691525464864
Bahrain,BH,BHR,2005,23439.6704353038,8.831834498579,148.313525108923,27.1754626730444,3.55151370108891,0.16991743448606,17.3135983904707
Bahrain,BH,BHR,2006,23095.0181330228,7.2813924638339,147.104181068989,26.0332663101358,3.72810593952836,0.161997020994379,16.2899426398325
Bahrain,BH,BHR,2007,23112.4888058398,5.53949444155499,137.785050572304,24.4880238409861,3.9308703175835,0.153680041144596,16.0054244059101
Bahrain,BH,BHR,2008,23127.2148040048,3.6538615754624,145.882511145821,27.3931707922584,3.68420069837357,0.1239893189924,16.2177650429799
Bahrain,BH,BHR,2009,22206.9371985225,1.6722150092757,117.963725409489,19.4737946635099,4.87769177625031,1.2119579854565,19.7624980144398
Bahrain,BH,BHR,2010,22224.0736166249,0,115.561486449616,21.3017099825876,4.64281446208437,0.5842012851509,18.6739821709387
Bahrain,BH,BHR,2011,23288.0449398313,0,167.529641035854,24.1746022286787,3.60640828838549,NA,21.6471133862972
Bahrain,BH,BHR,2012,23894.8804447088,0,178.824020821684,24.7546313788874,3.76490438333782,NA,20.8985126699084
Bahrain,BH,BHR,2013,24271.6278814506,0,184.58950884485,23.1294185917593,3.9122896481387,NA,22.4686162529477
Bahrain,BH,BHR,2014,24135.4991304849,0,168.57585814186,23.4144863998311,2.86746356194712,NA,23.5115457835002
Bahrain,BH,BHR,2015,23734.0551143019,0,147.916060172904,16.4692086523899,5.34779521582646,NA,25.3293874440254
Bahrain,BH,BHR,2016,23715.2791328712,0,132.822997902774,14.6728962978312,5.17166297314412,NA,24.4996564184373
Bahrain,BH,BHR,2017,23606.8867501313,0,136.429239810394,15.5333861024476,5.73715898651874,NA,22.5215503005502
Bahrain,BH,BHR,2018,24059.7838641562,0,144.075372574535,18.6547826478267,3.56458624430154,2.02536228143255,22.4700360043582
Bahrain,BH,BHR,2019,24873.6640060134,0,135.417543398211,19.0844025588506,3.14186760166531,11.079277921804,21.7538186236849
Bahrain,BH,BHR,2020,23586.9309581516,0,135.460985012931,15.4536755504399,4.08703862176607,13.8628547645226,26.1085121752585
Bahrain,BH,BHR,2021,24086.7847803428,0,153.799316485108,NA,NA,NA,NA
Bahrain,BH,BHR,2022,25234.40256182,0,167.141241152535,NA,NA,NA,NA
Bahrain,BH,BHR,2023,25342.6226641572,0,157.447854682297,NA,NA,NA,NA
Bahrain,BH,BHR,2024,25886.2393152311,0,157.480869430187,NA,NA,NA,NA
Bangladesh,BD,BGD,2000,620.560472822105,76.6854885024756,29.3217143619038,NA,NA,NA,NA
Bangladesh,BD,BGD,2001,641.288922876274,76.3000785231377,32.0980170730117,8.55508912359227,31.0618016199126,24.829179240158,7.85279247057531
Bangladesh,BD,BGD,2002,655.672139362272,75.8867616452668,28.9673807211649,8.87465110773691,29.9306965036538,25.1876407481389,7.88712372772849
Bangladesh,BD,BGD,2003,676.826252046427,75.4474442487375,27.657884900158,8.71578966709367,25.1306239493369,32.3598576714724,7.83605027787651
Bangladesh,BD,BGD,2004,702.656357081873,74.9905190113899,26.8582341492431,8.65675173626511,32.5584338294894,28.9487754298002,7.60497659759871
Bangladesh,BD,BGD,2005,739.203718353409,74.5230459298491,34.396934864465,8.9489913342907,32.388647432923,27.4981392315089,8.1426283401405
Bangladesh,BD,BGD,2006,779.419570444998,74.0520850007404,38.1119244325921,8.77841193665516,30.9152052616097,28.6058785435156,8.33493730155715
Bangladesh,BD,BGD,2007,825.508229964537,73.584696220689,39.9423826531735,8.81075448022252,27.0926738359197,28.1825696002066,8.66279314084748
Bangladesh,BD,BGD,2008,866.45815762135,73.12793958632,42.6209140325589,9.51289063059205,26.5476334511639,27.6146160707255,9.42878117115452
Bangladesh,BD,BGD,2009,901.729626251937,72.6888750942588,40.092796223023,9.64307267713728,24.3464619816995,28.7583222780065,9.87158360325856
Bangladesh,BD,BGD,2010,943.66422864236,72.2745627411304,37.8028426708321,9.74382934646306,24.2953521742327,29.741042800864,9.26625106718959
Bangladesh,BD,BGD,2011,995.579947155662,71.8899837287573,47.4208498356898,10.4626574311705,24.5558809408626,30.9639724586857,9.84388457755423
Bangladesh,BD,BGD,2012,1050.39140404066,71.5212027105424,48.1109227490467,11.1452302743835,23.4235997424692,29.0913888500862,9.63853873285246
Bangladesh,BD,BGD,2013,1103.15695907123,71.1592963893237,46.2964027228174,11.1604123713742,20.565611702415,28.5948509646907,9.50711961128958
Bangladesh,BD,BGD,2014,1159.40753475981,70.8055557678987,44.5140801968096,10.8668856085968,20.4469220851395,28.2187092026589,9.50443649145954
Bangladesh,BD,BGD,2015,1224.38647668165,70.4604900522108,42.0859963070382,9.84448413886165,23.7259192945484,31.2852208869152,9.00588487034226
Bangladesh,BD,BGD,2016,1299.83091360792,70.1246084482035,31.3341501346142,8.52279611186147,24.5465916197623,32.2545340838024,7.86276813546215
Bangladesh,BD,BGD,2017,1373.75363740186,69.7984201618201,29.9997306724343,8.0712626971168,10.1213603822532,49.1626908616674,7.63987436772557
Bangladesh,BD,BGD,2018,1462.25050255713,69.4824343990041,32.5146317240884,8.70480535725308,9.96687552687613,49.7809768585977,7.4941450180451
Bangladesh,BD,BGD,2019,1564.20802445636,69.1771603656988,31.5780544912404,8.85578039462247,9.27353557328879,48.8441868287721,8.27231587687115
Bangladesh,BD,BGD,2020,1604.6659234742,68.8831072678476,26.271447376215,8.64089809540505,8.60770428726848,42.8467152255032,8.14832024557625
Bangladesh,BD,BGD,2021,1702.08028414189,68.6007843113939,27.7240047036631,9.53881335234034,9.31776883955096,43.2156944417725,8.3242513417429
Bangladesh,BD,BGD,2022,1804.3493461776,68.326265273766,33.7799672705735,NA,NA,NA,NA
Bangladesh,BD,BGD,2023,1885.37733613545,67.8421534963166,30.9829714104596,NA,NA,NA,NA
Bangladesh,BD,BGD,2024,1941.27874360025,67.3216803676693,26.7780758040478,NA,NA,NA,NA
Barbados,BB,BRB,2000,22170.0846712974,37.4620602196956,NA,NA,NA,NA,NA
Barbados,BB,BRB,2001,21615.8003391727,37.6951088940825,NA,NA,NA,NA,NA
Barbados,BB,BRB,2002,21643.8964907973,38.034422087722,NA,NA,NA,NA,NA
Barbados,BB,BRB,2003,21979.2923230027,38.4456138734105,NA,28.3286804798255,9.11769212248561,40.7428809070414,26.98426546191
Barbados,BB,BRB,2004,22162.6344048607,38.898028768204,NA,28.6180868050515,9.91013731825525,44.3558158319871,25.7947452460444
Barbados,BB,BRB,2005,22918.5438028595,39.3610112891584,NA,27.9799688302134,9.46695473487838,45.8618858065667,28.1038131576123
Barbados,BB,BRB,2006,24193.1384344674,39.8039059533297,NA,26.3335941670966,8.13005823553368,44.4510228938494,26.8972727708053
Barbados,BB,BRB,2007,24579.0897752594,40.196057277774,NA,27.0476651200152,8.56962843719305,43.0330610827905,29.2461750694878
Barbados,BB,BRB,2008,24605.4523230752,40.5068097795472,NA,27.2935280555503,8.38877349186412,41.9552208326908,30.8636436347917
Barbados,BB,BRB,2009,23250.8017659349,40.7055079757052,NA,27.9413291311991,7.32777556528052,39.6081719236947,33.9790117761008
Barbados,BB,BRB,2010,21285.0039393558,40.7633991009644,NA,22.1747395005962,8.39279584407183,44.6875815315954,28.6656593475038
Barbados,BB,BRB,2011,21200.1949825923,40.763306794386,NA,23.2093484136418,7.7374407515748,49.4274095663658,27.0183803561861
Barbados,BB,BRB,2012,20534.8825878653,40.7627848937076,NA,21.8123788469535,8.36324130695416,47.1640103361762,29.8434415525889
Barbados,BB,BRB,2013,20521.1209928514,40.7614629164326,NA,20.4363602207235,8.42935406201342,49.7761991861827,29.3492926585209
Barbados,BB,BRB,2014,20636.0327188055,40.7589686570466,NA,20.5789670391797,9.4009030688617,44.3604876630535,27.6347281861197
Barbados,BB,BRB,2015,20429.4747123553,40.7549299100355,NA,22.099221620799,9.15021772465383,48.3565263212477,29.1946998949921
Barbados,BB,BRB,2016,20673.7682337375,40.7489744698847,NA,25.2076303196491,8.57394190436627,45.8789303183204,28.7677760677927
Barbados,BB,BRB,2017,20766.5518491129,40.74073013108,NA,NA,NA,NA,NA
Barbados,BB,BRB,2018,20674.3547847984,40.729824688107,NA,NA,NA,NA,NA
Barbados,BB,BRB,2019,20687.6467427909,40.715885935451396,NA,NA,NA,NA,NA
Barbados,BB,BRB,2020,17056.9868669781,40.6985416675989,NA,NA,NA,NA,NA
Barbados,BB,BRB,2021,18395.6153622073,40.6779634566181,NA,NA,NA,NA,NA
Barbados,BB,BRB,2022,21315.9363255517,40.6461485892314,NA,NA,NA,NA,NA
Barbados,BB,BRB,2023,21701.2660270701,40.5764259764225,NA,NA,NA,NA,NA
Barbados,BB,BRB,2024,22421.5333611295,40.4602967570826,NA,NA,NA,NA,NA
Belarus,BY,BLR,2000,2615.36376799462,30.0827704565268,141.609165955024,28.6812717598371,5.41266823931781,38.803258288864,25.3401651010532
Belarus,BY,BLR,2001,2753.0336970697,29.6852798461914,137.044930473063,28.4761721752498,6.13463060321823,36.4482942659608,26.8710548994946
Belarus,BY,BLR,2002,2910.39937484153,29.1195297241211,131.002058282291,26.5677186351063,7.5223908902049,36.0723921832303,24.6783838275634
Belarus,BY,BLR,2003,3137.26261430575,28.6907577514648,134.141852273225,29.3229729138406,8.90413276285585,34.4374562769229,28.2128169988623
Belarus,BY,BLR,2004,3520.40452642524,28.2341461181641,142.136510387704,31.43575146324,6.95615702380092,34.5647834181858,29.2698762597066
Belarus,BY,BLR,2005,3877.71738911289,27.9689865112305,118.88435169233,33.7785670484776,7.65406688119525,33.5800688065109,30.250762674224
Belarus,BY,BLR,2006,4291.68647163264,27.3886184692383,124.295103889386,37.1520910340999,7.02472937601199,38.3240369192554,32.4134847792902
Belarus,BY,BLR,2007,4682.20676719042,26.9086532592773,128.153877979073,38.251314527923,16.9002858367694,34.1932802114064,34.6577822535411
Belarus,BY,BLR,2008,5177.64534775676,26.4468307495117,129.599478545475,38.8917740910758,21.0241347134791,30.1744941664649,33.9503611411595
Belarus,BY,BLR,2009,5200.77418555423,25.8090353379429,108.63564482836,34.0995302527319,16.4481143807248,28.8359359233049,31.7738362587998
Belarus,BY,BLR,2010,5616.0941173307,25.4498596191406,115.917972989303,30.3154229945244,11.1744632237682,32.3107528785191,30.2074804270194
Belarus,BY,BLR,2011,5941.68999156239,24.9402465820312,157.974255073313,28.0633696235903,17.5670409656775,28.9364604040203,25.4492994190304
Belarus,BY,BLR,2012,6052.6373706236,24.4718933105469,153.085269313372,29.0395636217814,16.0193930552237,28.9907310754216,27.6224227639515
Belarus,BY,BLR,2013,6115.43288098707,24.05029296875,119.815965235724,28.7220108739005,12.1096264457318,31.119261197284,28.2546964798114
Belarus,BY,BLR,2014,6212.91667418659,23.6594772338867,110.651424367582,27.9218863983255,8.34062244997476,32.3505333022932,27.410400205909
Belarus,BY,BLR,2015,5967.05595058777,23.3736114501953,115.914826201946,29.6768850917047,14.1143339316776,28.0425503353548,28.110499205426
Belarus,BY,BLR,2016,5811.20159182547,23.1541290283203,125.209322899662,28.9426479589148,11.3025784494019,28.9618071286553,29.4170537971155
Belarus,BY,BLR,2017,5964.89668834561,22.9791793823242,133.367754723012,29.4671842726401,10.1766238801167,26.0200333775829,29.3216054007539
Belarus,BY,BLR,2018,6165.91320019277,22.7867279052734,139.393736250171,30.8473176687811,13.262694905306,26.5686042624333,28.1637805187554
Belarus,BY,BLR,2019,6267.73508743505,22.5449228147243,130.850406102184,29.6011060252308,10.8815769439121,26.9414169456879,28.5883479992147
Belarus,BY,BLR,2020,6251.98898968645,22.2109614209592,118.934176146534,28.1031584689836,9.19528365058666,29.2412976754544,29.9281796626654
Belarus,BY,BLR,2021,6457.73053706343,21.868913196306,136.014167877476,27.2467073526987,10.0708749210227,30.5812473076594,27.8747723019691
Belarus,BY,BLR,2022,6206.61909685419,21.5267212107092,120.024207576094,26.0725715874079,7.25481234209096,29.0289212866371,28.2689984078899
Belarus,BY,BLR,2023,6497.78450683592,21.1853579333673,131.584674884961,27.9244603961664,9.77239816734493,27.7890052965248,28.4675083787373
Belarus,BY,BLR,2024,6814.34443423546,20.8448984789152,128.242832314614,28.145394572957,10.0672929049289,28.0059863164321,NA
Belgium,BE,BEL,2000,35878.3153586195,17.9847479596965,142.230135067034,42.4166967006324,NA,26.7437939590748,42.6348525059249
Belgium,BE,BEL,2001,36148.2880924306,17.6643106078024,139.576839834619,42.3916403017536,NA,25.6238671809373,43.0371850255112
Belgium,BE,BEL,2002,36600.862592332,17.3490336732945,136.085149488081,41.3575333597555,NA,24.23215648132,41.4436065241409
Belgium,BE,BEL,2003,36826.2699296094,17.0390461213269,132.715552833888,40.4964505715145,NA,24.5861182069496,42.5564419939957
Belgium,BE,BEL,2004,37976.6972967442,16.7344769170539,136.918405348432,40.5149658193172,NA,25.1446714847629,40.8989362902799
Belgium,BE,BEL,2005,38645.2605193362,16.4354550256293,144.529050669983,40.4514807236284,NA,25.2561907459447,43.5309136698259
Belgium,BE,BEL,2006,39371.0858277448,16.1421094122074,149.567509299511,40.1475312277508,NA,25.353774214791,40.5934156846885
Belgium,BE,BEL,2007,40520.0843207009,15.8545690419423,152.468446875303,39.7136769834255,NA,25.4110223690071,40.2935344941736
Belgium,BE,BEL,2008,40380.9075004042,15.572962879988,161.088447790447,40.8103243531998,NA,24.440999849299,42.1013518104548
Belgium,BE,BEL,2009,39293.637546825,15.2974198914986,135.13840572229,39.7065408160067,NA,25.1237345535111,44.2375786842218
Belgium,BE,BEL,2010,39991.5646206286,15.0280690416283,150.162563621427,40.3468592873519,NA,25.384521085322,43.5672983109901
Belgium,BE,BEL,2011,40236.9596308558,14.7650392955311,160.765516888126,40.9037311080214,NA,24.7388528793359,44.5122501817844
Belgium,BE,BEL,2012,40074.492800399,14.5084596183612,160.383301425059,42.1161643358203,NA,24.9726106535703,45.704833465615
Belgium,BE,BEL,2013,40007.8997891411,14.2584589752725,157.573622782434,42.6272558938898,NA,24.2978567792004,45.341690143058
Belgium,BE,BEL,2014,40533.9135027898,14.0151663314193,158.571610953523,42.3851048367202,NA,24.0715084370285,44.953912538649
Belgium,BE,BEL,2015,40893.804537772,13.7787106519556,155.068682045926,40.5212519673291,NA,24.8235672368844,41.7110348512049
Belgium,BE,BEL,2016,41172.8862831209,13.5492209020355,159.057696611945,38.4784035927146,NA,26.4782180441614,41.1616434494037
Belgium,BE,BEL,2017,41619.328629169,13.3268260468131,166.904078237791,38.9060439253129,NA,25.9764254547705,40.1035662028041
Belgium,BE,BEL,2018,42208.3625650272,13.1116550514425,168.277692877218,39.1730820876455,NA,25.8064941428782,39.9416268146679
Belgium,BE,BEL,2019,43006.4042308863,12.9038368810778,165.46547893199,37.5544301336817,NA,26.5743842151416,39.4025048550939
Belgium,BE,BEL,2020,40769.0218072962,12.7035005008731,156.950121282783,36.8695564795669,NA,25.9702385403425,43.656605302545
Belgium,BE,BEL,2021,43140.9676652971,12.5694435909365,177.381912201075,37.7408273378452,NA,26.6211596960162,41.4118090170245
Belgium,BE,BEL,2022,44516.002160801,12.510799730145,191.053418131592,37.1738301397491,NA,25.1164556187446,39.7114397532252
Belgium,BE,BEL,2023,44828.2274521244,12.448507363228,165.987440736442,37.1853725037031,NA,25.3164652979124,NA
Belgium,BE,BEL,2024,45019.6989654607,12.3873442989473,159.023481148927,37.9023842489196,NA,23.9424450530195,NA
Belize,BZ,BLZ,2000,5663.64632374973,52.3163152492623,96.6018447146265,14.8835189683923,32.0823865516557,28.0860486664166,13.0639243163901
Belize,BZ,BLZ,2001,5764.99055491104,52.3742006778549,93.1624050489864,15.4579369233344,36.3708745007358,28.3653037628758,14.4226525744337
Belize,BZ,BLZ,2002,5895.15235037898,52.5134990138446,93.0794584713606,15.9646335124738,39.6383559010465,27.2797395201307,14.158356292151
Belize,BZ,BLZ,2003,6274.47428279313,52.7193754018596,94.3631228859413,16.2159445577505,36.719246986136604,26.7923029019247,16.2057403220755
Belize,BZ,BLZ,2004,6383.07432412662,52.9773344077051,86.3853536846826,16.263010622753,36.2909930617721,29.98067162386,19.2112995124989
Belize,BZ,BLZ,2005,6337.12389222378,53.2728805971863,92.9971266332515,17.77130057253,28.6299810384271,32.9623197653551,18.609631537279
Belize,BZ,BLZ,2006,6435.58767337678,53.5915185361087,98.8810743235728,18.3558486833175,27.5337078561175,34.964822031864,19.5145678010386
Belize,BZ,BLZ,2007,6465.82885846045,53.9187527902774,95.9555511519831,19.5175456526556,23.1206822048037,32.2688013827884,17.942926594156
Belize,BZ,BLZ,2008,6187.95885023655,54.2400879254977,105.461874277231,19.712691785389,20.5012240211154,31.4581400726704,18.2300235105498
Belize,BZ,BLZ,2009,5997.68447156383,54.5410285075749,89.5808843860925,19.9490791760903,23.3912513487257,30.7003191689446,19.8167638247993
Belize,BZ,BLZ,2010,5937.75398343789,54.8085161806442,94.8581591507411,21.7922278672632,20.8600772393868,32.4250340167151,19.7206568093876
Belize,BZ,BLZ,2011,5802.24344531492,55.0582180868271,106.914960208874,21.418668188998,23.6938441386,27.8371839307928,19.9036982726413
Belize,BZ,BLZ,2012,5902.74234696881,55.3096931964784,111.166652365429,20.4663703051874,23.4187404948452,34.3988635688597,18.3239808294735
Belize,BZ,BLZ,2013,6013.07879895362,55.5619457636205,108.672614067831,21.3647755258751,20.6079630460264,32.3952420075664,18.8634854519461
Belize,BZ,BLZ,2014,6116.49578852783,55.8149838241621,107.112517468788,22.3526507215823,22.5596085838108,34.7282511327005,19.439395693341
Belize,BZ,BLZ,2015,6154.62264230369,56.068815414012,104.070958799941,22.1980924438071,25.0391770983553,35.6687659947826,20.6167584473022
Belize,BZ,BLZ,2016,6012.21296983668,56.3234485690789,96.4998358304218,22.4029818854459,15.9070141997608,46.6614073062287,21.2715511204331
Belize,BZ,BLZ,2017,5767.61921963762,56.5788913252713,97.7072571800462,23.8070928559695,14.2321781155414,48.0721671120014,22.3437684830275
Belize,BZ,BLZ,2018,5707.61059954436,56.835151718498,100.989214362975,NA,NA,NA,NA
Belize,BZ,BLZ,2019,5864.14611827109,57.0922377846677,102.441856907677,NA,NA,NA,NA
Belize,BZ,BLZ,2020,5006.48453276935,57.350157559689,81.6431433128545,NA,NA,NA,NA
Belize,BZ,BLZ,2021,5839.40157956017,57.6089190794706,98.9824369429997,NA,NA,NA,NA
Belize,BZ,BLZ,2022,6262.56088273674,57.8626748737863,107.840250086037,NA,NA,NA,NA
Belize,BZ,BLZ,2023,6165.69414825936,58.0540562495024,106.400505850771,NA,NA,NA,NA
Belize,BZ,BLZ,2024,6290.49294452749,58.2467892661776,108.972446521476,NA,NA,NA,NA
Benin,BJ,BEN,2000,861.213292013209,61.7240482741125,47.3481515012844,NA,NA,NA,NA
Benin,BJ,BEN,2001,879.854463773645,61.3813742330782,48.2571706392197,NA,NA,NA,NA
Benin,BJ,BEN,2002,893.137100961634,60.9964930127019,43.7684225364311,NA,NA,NA,NA
Benin,BJ,BEN,2003,896.146763201736,60.5830303986956,41.6162305574334,NA,NA,NA,NA
Benin,BJ,BEN,2004,907.624431209378,60.1474300921258,39.9029743365096,NA,NA,NA,NA
Benin,BJ,BEN,2005,893.91536869992,59.6902250993483,39.0959311879142,NA,NA,NA,NA
Benin,BJ,BEN,2006,900.62053578735,59.2122205927551,39.7746987128551,NA,NA,NA,NA
Benin,BJ,BEN,2007,926.740113754071,58.7142217447382,49.1137841529705,NA,NA,NA,NA
Benin,BJ,BEN,2008,943.203380303862,58.1970337276895,47.7753592695169,NA,NA,NA,NA
Benin,BJ,BEN,2009,936.565651071554,57.661461714001,44.7026290629806,NA,NA,NA,NA
Benin,BJ,BEN,2010,928.246655329144,57.1083108760647,51.4308599492924,NA,NA,NA,NA
Benin,BJ,BEN,2011,927.716412836707,56.5383863862724,47.2170288118403,NA,NA,NA,NA
Benin,BJ,BEN,2012,943.918771531001,55.9524934170162,50.7367367791134,NA,NA,NA,NA
Benin,BJ,BEN,2013,982.399206290516,55.3497116330681,59.2001918331875,NA,NA,NA,NA
Benin,BJ,BEN,2014,1014.4330062135,54.7119470764001,65.2682749404551,NA,NA,NA,NA
Benin,BJ,BEN,2015,1002.41886879614,54.0592596742337,56.7563131849476,NA,NA,NA,NA
Benin,BJ,BEN,2016,1006.03926633023,53.3905440993336,58.9869283378276,NA,NA,NA,NA
Benin,BJ,BEN,2017,1032.90471194182,52.7057225119609,61.4765969588474,NA,NA,NA,NA
Benin,BJ,BEN,2018,1071.50452156932,52.0047170724037,61.7951944903448,NA,NA,NA,NA
Benin,BJ,BEN,2019,1114.17304526443,51.2874499409752,63.68133231423,NA,NA,NA,NA
Benin,BJ,BEN,2020,1126.65404122154,50.5538432780104,44.8332333768726,NA,NA,NA,NA
Benin,BJ,BEN,2021,1176.37727637273,49.8038192438646,48.0548608324409,NA,NA,NA,NA
Benin,BJ,BEN,2022,1218.49668929091,49.0372999989113,44.3815928877424,NA,NA,NA,NA
Benin,BJ,BEN,2023,1263.62158336368,48.2542077035407,44.6631308180211,NA,NA,NA,NA
Benin,BJ,BEN,2024,1324.78312597434,47.4544645181577,40.6398022401523,NA,NA,NA,NA
Bermuda,BM,BMU,2000,109502.763102809,0,NA,NA,NA,NA,NA
Bermuda,BM,BMU,2001,116809.925253071,0,NA,NA,NA,NA,NA
Bermuda,BM,BMU,2002,114574.433608566,0,NA,NA,NA,NA,NA
Bermuda,BM,BMU,2003,118018.831592635,0,NA,NA,NA,NA,NA
Bermuda,BM,BMU,2004,120432.12052555,0,NA,NA,NA,NA,NA
Bermuda,BM,BMU,2005,122143.799577518,0,NA,NA,NA,NA,NA
Bermuda,BM,BMU,2006,128662.931924261,0,NA,NA,NA,NA,NA
Bermuda,BM,BMU,2007,132595.482654866,0,NA,NA,NA,NA,NA
Bermuda,BM,BMU,2008,129525.177139097,0,NA,NA,NA,NA,NA
Bermuda,BM,BMU,2009,121727.584908744,0,NA,NA,NA,NA,NA
Bermuda,BM,BMU,2010,118382.908990645,0,74.595080341836,NA,NA,NA,NA
Bermuda,BM,BMU,2011,113937.835700983,0,76.2704368073774,NA,NA,NA,NA
Bermuda,BM,BMU,2012,108040.575659203,0,73.7823030616219,NA,NA,NA,NA
Bermuda,BM,BMU,2013,107860.394791964,0,76.2701066974999,NA,NA,NA,NA
Bermuda,BM,BMU,2014,103941.982606956,0,76.5167474588353,NA,NA,NA,NA
Bermuda,BM,BMU,2015,104855.366822135,0,73.2954985174785,NA,NA,NA,NA
Bermuda,BM,BMU,2016,104190.876720334,0,72.7499093828891,NA,NA,NA,NA
Bermuda,BM,BMU,2017,107734.608357327,0,72.3924284503794,NA,NA,NA,NA
Bermuda,BM,BMU,2018,106843.163739391,0,77.5552703807388,NA,NA,NA,NA
Bermuda,BM,BMU,2019,106709.881238843,0,77.5601016506443,NA,NA,NA,NA
Bermuda,BM,BMU,2020,98846.4458079644,0,70.5898221728952,NA,NA,NA,NA
Bermuda,BM,BMU,2021,103130.365845318,0,72.9270921395872,NA,NA,NA,NA
Bermuda,BM,BMU,2022,109412.251159598,0,77.9770526954316,NA,NA,NA,NA
Bermuda,BM,BMU,2023,114244.681047132,0,77.6465295570053,NA,NA,NA,NA
Bermuda,BM,BMU,2024,116513.536565041,0,80.2060884448408,NA,NA,NA,NA
Bhutan,BT,BTN,2000,1259.6237645235,72.4084760115985,74.0264971104432,21.8008227170049,0.905215582547957,10.8176472098816,18.2868822617884
Bhutan,BT,BTN,2001,1321.09878230279,71.717498169966,71.0945747295588,20.9298745763635,1.09864419641203,6.34217331565128,19.3825946871297
Bhutan,BT,BTN,2002,1427.25693317315,71.0369124986678,70.2833172005966,18.5492495744301,1.21489341446878,10.4072350841619,17.753205497603
Bhutan,BT,BTN,2003,1506.4152751782,70.3671391260571,72.8499006593611,15.6284835248372,1.6524060253051,17.3832195874587,17.6930195474782
Bhutan,BT,BTN,2004,1552.73915195801,69.7085981804868,89.0605518004294,15.0167739808605,1.48301924595696,7.23225824055725,16.2325864534645
Bhutan,BT,BTN,2005,1632.02169500573,69.0620082168387,97.7434135429344,15.9873114200719,2.31100637741967,11.785021325919,18.8022858870792
Bhutan,BT,BTN,2006,1701.11878173586,68.4335054135575,108.157794891125,16.1588433784632,1.2885877287793,12.2875128341468,18.3739035007277
Bhutan,BT,BTN,2007,1952.25734603779,67.8261783350674,106.929022415,19.4170775185782,1.01928180587697,8.85298216033002,17.510448810681
Bhutan,BT,BTN,2008,2017.76018913403,67.23628045409,101.954235669521,21.5391324681829,0.832365634901812,10.2284917226564,21.5505702403735
Bhutan,BT,BTN,2009,2148.56480375034,66.6603195041183,101.559411565244,21.8003656877442,0.988474265165795,10.385370363654,22.1231123083322
Bhutan,BT,BTN,2010,2378.72810760985,66.0948032186448,105.010666693593,19.9289922163896,0.673453894531151,12.2570047298325,20.1367804659329
Bhutan,BT,BTN,2011,2552.48871073094,65.5362393311623,102.795600221106,18.8323281221887,1.01647002584153,14.9260602811047,20.1181323773237
Bhutan,BT,BTN,2012,2654.74798946027,64.9811355751635,94.0450271469571,19.2447817278721,1.16596918332964,19.5311000018408,18.8856610730292
Bhutan,BT,BTN,2013,2671.07460201171,64.4259996841411,95.0525382780424,18.4820508479278,0.936627575492299,23.0348307872333,18.6357911039665
Bhutan,BT,BTN,2014,2797.81883971908,63.8673393915878,87.9342562013295,18.1881641677472,3.62438968983217,16.7947845664126,17.0322760399245
Bhutan,BT,BTN,2015,2954.04081911097,63.3016624309963,89.6391604595496,17.9726478010617,5.00974434475077,19.2679628203902,17.9112552177493
Bhutan,BT,BTN,2016,3173.36773217431,62.7254765358593,76.3847528498375,17.219089411842,4.15559280407351,18.044893585439,17.6140527540135
Bhutan,BT,BTN,2017,3211.80903275593,62.1354455004984,76.7884016850221,17.6516412454807,4.5233232525562,20.6148058374994,17.6203577247984
Bhutan,BT,BTN,2018,3300.55006461736,61.5338107223025,79.7397203296083,21.74787975571,4.07455510614656,23.6000981455699,19.3875030428865
Bhutan,BT,BTN,2019,3467.38598979356,60.9253176594854,76.1235167041505,18.8336293842559,5.44946664203084,25.316809268186802,16.630738064931
Bhutan,BT,BTN,2020,3092.12428399363,60.3111160126561,71.8303510394637,20.0284807729715,2.87323672438436,17.9293847037773,24.0761573964997
Bhutan,BT,BTN,2021,3206.20366997254,59.6924800125621,77.5824482709826,NA,NA,NA,NA
Bhutan,BT,BTN,2022,3349.73309632799,59.0634856382419,85.5712165226139,NA,NA,NA,NA
Bhutan,BT,BTN,2023,3480.51388523184,58.2647542010061,81.7366278539811,NA,NA,NA,NA
Bhutan,BT,BTN,2024,3717.21053114706,57.4354750196588,79.3625417953324,NA,NA,NA,NA
Bolivia,BO,BOL,2000,2014.19024634132,38.1412798424409,45.5977750218555,17.8019804276196,5.0930508325085,50.4209092423634,20.5536490053406
Bolivia,BO,BOL,2001,2013.84581094568,37.6625189620995,45.2278224315522,16.9083189764458,4.44604623283906,48.6466746904794,24.2449169289855
Bolivia,BO,BOL,2002,2029.66993705968,37.1812367914945,49.3502603725957,18.377051526403,3.90069320697472,47.7814563989023,28.7844354599794
Bolivia,BO,BOL,2003,2050.07133419082,36.7081288909526,51.967836443987,18.7957346068987,3.22303739886434,45.56258774319,28.2076378858982
Bolivia,BO,BOL,2004,2099.9908107392,36.2435328387748,57.4642660901316,20.242405288024,3.10622185115065,45.3062712402545,27.2111987248072
Bolivia,BO,BOL,2005,2156.18670353603,35.7866937794741,67.6419413613743,22.9723882357329,3.22882901492821,48.208464636597,25.9831530558235
Bolivia,BO,BOL,2006,2221.42722588941,35.3368568575638,74.537848431547,23.2039130315004,2.09976063258368,33.1154135485669,23.9380392527656
Bolivia,BO,BOL,2007,2283.42733535297,34.8932672175567,76.0619114476148,23.2656060110864,3.34222124340069,49.3080614323999,21.8110433637866
Bolivia,BO,BOL,2008,2383.25032547517,34.4551700039662,82.8670208961798,NA,NA,NA,NA
Bolivia,BO,BOL,2009,2422.57579380245,34.0218103613051,68.6270739127592,NA,NA,NA,NA
Bolivia,BO,BOL,2010,2481.4070083834,33.5924334340867,75.5116262512877,NA,NA,NA,NA
Bolivia,BO,BOL,2011,2568.52051674406,33.166284366824,82.4803954243518,NA,NA,NA,NA
Bolivia,BO,BOL,2012,2657.2388497837,32.7418555172301,84.9487611684942,NA,NA,NA,NA
Bolivia,BO,BOL,2013,2793.51457124054,32.3302944480111,81.2309075267174,NA,NA,NA,NA
Bolivia,BO,BOL,2014,2900.90241571477,31.962574587,85.2644695625131,NA,NA,NA,NA
Bolivia,BO,BOL,2015,2996.01289811344,31.6041948702335,67.9328451905248,NA,NA,NA,NA
Bolivia,BO,BOL,2016,3077.57057582774,31.2553672123053,56.4010345026573,NA,NA,NA,NA
Bolivia,BO,BOL,2017,3160.16421247588,30.9161983725264,45.5761123650708,NA,NA,NA,NA
Bolivia,BO,BOL,2018,3204.53670838005,30.5866120186001,46.9261953417368,NA,NA,NA,NA
Bolivia,BO,BOL,2019,3207.38695231128,30.2665013291613,45.8209732749024,NA,NA,NA,NA
Bolivia,BO,BOL,2020,2765.09271788602,29.9557364471746,37.5164342446486,NA,NA,NA,NA
Bolivia,BO,BOL,2021,3011.55110825301,29.6549587173835,47.6670843158984,NA,NA,NA,NA
Bolivia,BO,BOL,2022,3088.24126173436,29.3647401291869,57.5249335789631,NA,NA,NA,NA
Bolivia,BO,BOL,2023,3122.77049466223,29.0848585955462,49.6083255594597,NA,NA,NA,NA
Bolivia,BO,BOL,2024,3045.61476620329,28.7638546226012,46.9778716148403,NA,NA,NA,NA
Bosnia and Herzegovina,BA,BIH,2000,2567.34137094619,57.4460101393411,85.3577431341788,NA,NA,NA,NA
Bosnia and Herzegovina,BA,BIH,2001,2617.18230350812,57.1238521624321,86.0357340130948,NA,NA,NA,NA
Bosnia and Herzegovina,BA,BIH,2002,2743.13878615838,56.8024414314137,78.7274783626,NA,NA,NA,NA
Bosnia and Herzegovina,BA,BIH,2003,2855.68314939849,56.4818006815477,80.5694572639365,NA,NA,NA,NA
Bosnia and Herzegovina,BA,BIH,2004,3063.83543448936,56.1619526480958,81.8126861817184,NA,NA,NA,NA
Bosnia and Herzegovina,BA,BIH,2005,3217.81341615345,55.8429200663198,84.3554628217984,35.510791697612,26.3520537842807,22.6716851832544,32.6172734570244
Bosnia and Herzegovina,BA,BIH,2006,3419.75887457192,55.5247256714815,79.8299477752016,38.0158563185951,0.0261402378859229,50.6008419788499,33.9930341864315
Bosnia and Herzegovina,BA,BIH,2007,3665.08966529499,55.2073921988426,83.551858889163,38.6324300651031,0.0589130965817025,49.3866375188276,36.0736132174875
Bosnia and Herzegovina,BA,BIH,2008,3929.03297717336,54.8909423836648,86.1628798430504,37.8784133385698,0.0333477803506421,46.3419799143058,37.8310013389341
Bosnia and Herzegovina,BA,BIH,2009,3877.53540078456,54.5753989612099,73.7474942255023,37.3576274268363,0.0077643577269471,43.3055463133573,39.8245478836713
Bosnia and Herzegovina,BA,BIH,2010,3981.20985692032,54.2607846667396,80.9682159626823,38.3701983394205,6.82464036368725e-4,44.8598060306574,39.163346131891
Bosnia and Herzegovina,BA,BIH,2011,4094.25329541877,53.9471222355157,87.8363477136556,38.8356040603384,NA,44.8791530653869,38.1186179452594
Bosnia and Herzegovina,BA,BIH,2012,4139.91732773657,53.6344344028,88.1451088628529,39.4812765699371,NA,44.5802828190887,39.0326697243166
Bosnia and Herzegovina,BA,BIH,2013,4306.73175072214,53.3045775260104,87.9312380280562,38.4486771846189,NA,43.8605113460315,37.3655566660959
Bosnia and Herzegovina,BA,BIH,2014,4412.67617817734,52.869216515169,90.5522780395662,39.4168535041153,NA,42.9779242127656,39.9462718086465
Bosnia and Herzegovina,BA,BIH,2015,4662.25869219448,52.4288354912989,88.291992587588,38.1354862974554,1.12324902531252e-4,44.3309131642024,36.4782088395069
Bosnia and Herzegovina,BA,BIH,2016,4876.53471495633,51.9751154247618,88.2440340022738,37.6865280279569,0.0345252085585058,44.2670447039937,34.901023147998004
Bosnia and Herzegovina,BA,BIH,2017,5099.81602856447,51.5081598180894,96.6458803566861,38.1862529416267,8.10871811688544e-5,43.5538656210137,33.8899257135821
Bosnia and Herzegovina,BA,BIH,2018,5360.25201017633,51.028072174176,98.4320694182631,38.3277043254621,0.0404998505817266,43.5588278653741,34.4993404528261
Bosnia and Herzegovina,BA,BIH,2019,5583.29721276458,50.5349559962242,94.516125154246,37.5581545595764,0.0452724395800168,43.6843285881692,34.0521685440035
Bosnia and Herzegovina,BA,BIH,2020,5490.75366635139,50.0289147877003,82.5216467994007,37.4495767930161,0.0437263593113913,41.155038759268,38.3614625111768
Bosnia and Herzegovina,BA,BIH,2021,5995.54197590494,49.5100520522966,96.7391144408744,36.7707868145722,1.21420381348343e-4,43.2575701616745,34.858904589829
Bosnia and Herzegovina,BA,BIH,2022,6327.16206849174,48.9784712939007,110.205283719751,35.8744352834405,3.882115825319e-5,43.2873207104731,33.4237705090927
Bosnia and Herzegovina,BA,BIH,2023,6493.32400514463,48.4342760165695,99.6330317954442,36.5745690008205,2.23727605492068e-4,41.4240190026545,35.2955105967778
Bosnia and Herzegovina,BA,BIH,2024,6746.95366547249,47.8775697245065,94.7601778509961,37.638443080688,1.33453616534803e-5,42.676395002964,NA
Botswana,BW,BWA,2000,5062.64289173588,46.7952272601206,91.924729689918,NA,NA,NA,NA
Botswana,BW,BWA,2001,4971.96371794188,45.9510105553965,87.5250655680957,NA,NA,NA,NA
Botswana,BW,BWA,2002,5175.47655317231,44.9857011396198,91.8357740585774,NA,NA,NA,NA
Botswana,BW,BWA,2003,5320.440295139,43.9020766503568,85.8340425151264,NA,NA,NA,NA
Botswana,BW,BWA,2004,5369.42516766112,42.7417510670642,90.9978228872631,NA,NA,NA,NA
Botswana,BW,BWA,2005,5514.21742664705,41.5464445315416,88.5053520573505,NA,NA,NA,NA
Botswana,BW,BWA,2006,5865.00026521361,40.3578771855888,86.612433913524,46.5426472028699,24.1582062782891,8.82886688656002,29.3333740630352
Botswana,BW,BWA,2007,6085.6354476126,39.2177691710058,98.4965249407252,43.0970778117034,27.4587693536969,10.7128538686367,31.1492331125624
Botswana,BW,BWA,2008,6158.61629368051,38.1678406295921,99.008222007989,40.5758173077394,25.542825152225,15.2136026653337,35.751214669201
Botswana,BW,BWA,2009,5179.4138607146,37.2498117031477,88.4807886337378,40.2639192343572,26.510235799395,13.9234612877889,39.1751612933252
Botswana,BW,BWA,2010,5584.5034321846,36.5054025334723,94.6390020873926,36.7014523809306,19.4992747801255,15.3880099074646,33.5156076335395
Botswana,BW,BWA,2011,5850.07858575461,35.9812189277111,98.9614677801469,36.6273712506881,21.9532791538898,13.3064025490446,29.7867605507382
Botswana,BW,BWA,2012,5742.91924452636,35.6006752173096,111.875280620952,38.6639085967945,34.1859512844604,13.3102076467763,31.5200789767544
Botswana,BW,BWA,2013,6284.97678002618,35.2420264541607,125.78303991122,40.5085278342788,26.9460417062935,10.5678365146678,29.48597480927
Botswana,BW,BWA,2014,6547.12254115892,34.9034877599175,119.497541791464,39.9417118719375,28.1010780996662,10.7320645029469,29.1324048731669
Botswana,BW,BWA,2015,6141.20394726616,34.5896415686705,112.900891016005,35.3203900030189,32.5813822967567,13.1397589244798,31.2430941784713
Botswana,BW,BWA,2016,6490.83463593483,34.3050703145101,100.464689766026,34.7739399743256,20.5415722003821,12.1188832681038,26.7811392255083
Botswana,BW,BWA,2017,6662.57644805467,34.0543564315269,81.9239513763494,33.580848391334,31.7160293950495,14.5249647865553,28.154984240063
Botswana,BW,BWA,2018,6843.84612027739,33.8420823538112,87.4551039946493,30.7078306497006,27.683848997936,14.6585985685041,29.0644156467701
Botswana,BW,BWA,2019,6951.73189051146,33.6728305154536,83.0929813601175,30.1289743359126,25.7665228567452,15.7892971132639,28.800544988701
Botswana,BW,BWA,2020,6254.24806241091,33.5511833505446,80.3250344865506,28.7657212895211,33.360721940443,16.6918832369766,33.8588005105797
Botswana,BW,BWA,2021,6895.91184943107,33.4817232931745,91.0478497403998,32.8655884443376,20.6967344704023,16.9186798391949,28.3894449604592
Botswana,BW,BWA,2022,7159.5860618268,33.4110212829523,86.0696039867252,29.457238249704,18.6954747888654,13.8033736170746,25.0924165284784
Botswana,BW,BWA,2023,7269.05170664457,32.9787344650136,70.1128327324509,28.0881353746134,32.6124447831899,14.5360789337837,23.893998825266902
Botswana,BW,BWA,2024,6952.34770386661,32.5376462161582,69.4453508747185,NA,NA,NA,26.5275298391025
Brazil,BR,BRA,2000,6817.784240857,18.8515634576194,22.6397613567941,NA,NA,NA,NA
Brazil,BR,BRA,2001,6823.03396999891,18.4039549378043,26.936285022064,NA,NA,NA,NA
Brazil,BR,BRA,2002,6944.62337495755,18.0056508497327,27.6183574022309,NA,NA,NA,NA
Brazil,BR,BRA,2003,6941.4404574508,17.6459664158329,28.1403847231593,NA,NA,NA,NA
Brazil,BR,BRA,2004,7258.78185165912,17.3183175185441,29.6782524787535,NA,NA,NA,NA
Brazil,BR,BRA,2005,7409.56913232718,17.0161200403055,27.0867952043315,NA,NA,NA,NA
Brazil,BR,BRA,2006,7622.04007133264,16.7327898635561,26.04169989179,NA,NA,NA,NA
Brazil,BR,BRA,2007,8003.25413096047,16.4617428707351,25.2926113755394,NA,NA,NA,NA
Brazil,BR,BRA,2008,8330.76459841304,16.1963949442816,27.257569417356,NA,NA,NA,NA
Brazil,BR,BRA,2009,8246.09706995094,15.9301619666349,22.1059756060333,NA,NA,NA,NA
Brazil,BR,BRA,2010,8792.63436120342,15.656153963692,22.772178113177,25.901384089222798,2.09409954650975,25.914864492516,28.0594682317914
Brazil,BR,BRA,2011,9067.99316348047,15.3774241400317,23.9344051758721,25.9974425384475,2.34163909782092,25.7882026535428,28.662521677616
Brazil,BR,BRA,2012,9167.49923929815,15.1026125818688,25.1142736107398,26.3713866400929,2.45039146345188,24.9622551961072,28.1749993082199
Brazil,BR,BRA,2013,9366.73932434359,14.8323414557274,25.7859573274674,25.4407118580192,2.72537336739761,24.7108975255188,28.150486422269
Brazil,BR,BRA,2014,9338.34278278114,14.5668632101832,24.6854058131291,24.0410606265761,2.6458579727342,24.3951249659224,29.2822360064413
Brazil,BR,BRA,2015,8936.19661712113,14.3064302938119,26.95362593736,25.8123252141563,2.51705789986826,22.9222909417052,33.9491788065831
Brazil,BR,BRA,2016,8577.84376650911,14.0512951551892,24.5336820777006,26.1732253880186,1.91575373411302,21.4164489560245,33.4051681393353
Brazil,BR,BRA,2017,8628.25308908043,13.8017102428909,24.3197343743057,24.3609920784363,2.01495030121776,23.7241249408013,32.3610510090101
Brazil,BR,BRA,2018,8722.33630317935,13.5579280054928,28.8762033763866,25.2724385285785,2.29832413595842,23.6636110290114,32.2312978931468
Brazil,BR,BRA,2019,8771.44051292177,13.3202008915704,28.8902578698964,25.5600401304457,2.27191324326793,21.7329391270294,31.1361557850731
Brazil,BR,BRA,2020,8435.01143254978,13.0887813496996,32.3020785437939,22.194867345509,2.7060464651345,21.9309901784196,34.9119748286061
Brazil,BR,BRA,2021,8799.22945810901,12.8639218284561,37.6563307598082,24.6358299212382,2.79337219387207,21.8589559910246,29.4981043220662
Brazil,BR,BRA,2022,9032.08481566299,12.650443756119,38.8160659763397,26.9365134619689,2.17352248971196,17.8137291861085,31.641435845417
Brazil,BR,BRA,2023,9288.02701470069,12.3840289764237,33.6662298301438,25.3707484836868,2.10618660324832,18.0533108248526,32.4311004876294
Brazil,BR,BRA,2024,9566.74518687619,12.1041450466854,35.5845239386244,26.4469343560674,2.48734051417769,20.3397744207843,NA
British Virgin Islands,VG,VGB,2000,NA,58.0185745913353,NA,NA,NA,NA,NA
British Virgin Islands,VG,VGB,2001,NA,57.9764545819448,NA,NA,NA,NA,NA
British Virgin Islands,VG,VGB,2002,NA,57.5590821124172,NA,NA,NA,NA,NA
British Virgin Islands,VG,VGB,2003,NA,57.1473917666626,NA,NA,NA,NA,NA
British Virgin Islands,VG,VGB,2004,NA,56.7139566707172,NA,NA,NA,NA,NA
British Virgin Islands,VG,VGB,2005,NA,56.258785865861,NA,NA,NA,NA,NA
British Virgin Islands,VG,VGB,2006,NA,55.7818883964273,NA,NA,NA,NA,NA
British Virgin Islands,VG,VGB,2007,NA,55.2832733091426,NA,NA,NA,NA,NA
British Virgin Islands,VG,VGB,2008,NA,54.7629496526313,NA,NA,NA,NA,NA
British Virgin Islands,VG,VGB,2009,NA,54.2209264770381,NA,NA,NA,NA,NA
British Virgin Islands,VG,VGB,2010,NA,53.6572128337374,NA,NA,NA,NA,NA
British Virgin Islands,VG,VGB,2011,NA,53.0718177751064,NA,NA,NA,NA,NA
British Virgin Islands,VG,VGB,2012,NA,52.4647503543474,NA,NA,NA,NA,NA
British Virgin Islands,VG,VGB,2013,NA,51.8360196253459,NA,NA,NA,NA,NA
British Virgin Islands,VG,VGB,2014,NA,51.1856346425573,NA,NA,NA,NA,NA
British Virgin Islands,VG,VGB,2015,NA,50.5136044609153,NA,NA,NA,NA,NA
British Virgin Islands,VG,VGB,2016,NA,49.8199381357578,NA,NA,NA,NA,NA
British Virgin Islands,VG,VGB,2017,NA,49.1046447227654,NA,NA,NA,NA,NA
British Virgin Islands,VG,VGB,2018,NA,48.3677332779117,NA,NA,NA,NA,NA
British Virgin Islands,VG,VGB,2019,NA,47.6092128574214,NA,NA,NA,NA,NA
British Virgin Islands,VG,VGB,2020,NA,46.8290925177355,NA,NA,NA,NA,NA
British Virgin Islands,VG,VGB,2021,NA,46.027381315482,NA,NA,NA,NA,NA
British Virgin Islands,VG,VGB,2022,NA,45.204088307452,NA,NA,NA,NA,NA
British Virgin Islands,VG,VGB,2023,NA,44.3592225505781,NA,NA,NA,NA,NA
British Virgin Islands,VG,VGB,2024,NA,43.4927931019173,NA,NA,NA,NA,NA
Brunei Darussalam,BN,BRN,2000,37509.5983847742,28.7753194511582,87.0553329877697,NA,NA,NA,NA
Brunei Darussalam,BN,BRN,2001,37269.3099216587,28.342116664094,91.0997876196857,NA,NA,NA,NA
Brunei Darussalam,BN,BRN,2002,37976.2627573601,27.8978443503475,93.2161814722477,NA,NA,NA,NA
Brunei Darussalam,BN,BRN,2003,38595.1688513702,27.422364347208,89.085616098756,NA,NA,NA,NA
Brunei Darussalam,BN,BRN,2004,37948.6590825194,26.9324932660739,84.8821666638192,NA,NA,NA,NA
Brunei Darussalam,BN,BRN,2005,37312.2778797122,26.447129141867,81.6201140155232,NA,NA,NA,NA
Brunei Darussalam,BN,BRN,2006,38229.3565684183,25.9851700095089,81.5709547429689,NA,NA,NA,NA
Brunei Darussalam,BN,BRN,2007,36174.516515486,25.5655139039214,81.0114146368958,NA,NA,NA,NA
Brunei Darussalam,BN,BRN,2008,34126.6941563969,25.2070588600263,89.7454253523344,NA,NA,NA,NA
Brunei Darussalam,BN,BRN,2009,32855.6021602466,24.9287029127453,90.2870882587894,NA,NA,NA,NA
Brunei Darussalam,BN,BRN,2010,33121.3178241724,24.7493440970002,95.3715460226132,NA,NA,NA,NA
Brunei Darussalam,BN,BRN,2011,33754.3640783713,24.687874495222,99.5379309038179,NA,NA,NA,NA
Brunei Darussalam,BN,BRN,2012,33544.5389457877,24.7285766496973,105.640902140819,NA,NA,NA,NA
Brunei Darussalam,BN,BRN,2013,32381.0739795231,24.8243084851392,110.939599584216,NA,NA,NA,NA
Brunei Darussalam,BN,BRN,2014,31148.7297405401,24.9427360198498,102.421000963035,NA,NA,NA,NA
Brunei Darussalam,BN,BRN,2015,30625.1287744656,25.0515379431438,89.8961882533585,NA,NA,NA,NA
Brunei Darussalam,BN,BRN,2016,29492.4145927789,25.1183929443359,87.319801332806,NA,NA,NA,NA
Brunei Darussalam,BN,BRN,2017,29524.65912789,25.1523559345017,85.1768604269985,NA,NA,NA,NA
Brunei Darussalam,BN,BRN,2018,29200.1952024222,25.1827528285695,93.8980617666778,NA,NA,NA,NA
Brunei Darussalam,BN,BRN,2019,29996.2407223175,25.2076688216327,108.509658357959,NA,NA,NA,NA
Brunei Darussalam,BN,BRN,2020,30015.9588506697,25.2251891087849,110.291003658452,NA,NA,NA,NA
Brunei Darussalam,BN,BRN,2021,29256.1833678343,25.2332683063825,147.123112375318,NA,NA,NA,NA
Brunei Darussalam,BN,BRN,2022,28549.1756060465,25.2227357985779,146.973965879597,NA,NA,NA,NA
Brunei Darussalam,BN,BRN,2023,28645.9645396284,25.1800806118635,136.86343465048,NA,NA,NA,NA
Brunei Darussalam,BN,BRN,2024,29563.8682753082,25.1016866126303,132.58743952196,NA,NA,NA,NA
Bulgaria,BG,BGR,2000,3718.11895993863,31.7368545532227,77.7456854212701,36.2102822998598,2.24730707671763,34.193311141878,33.9940954048467
Bulgaria,BG,BGR,2001,3937.90285118373,30.803288016436,79.0813824014922,36.6741379942522,1.7874358726164,32.8606576851664,33.8000003768711
Bulgaria,BG,BGR,2002,4260.62251956893,30.5140838623047,75.269621415721,33.59094178369,1.73366829779797,33.6251398112548,33.1779528367339
Bulgaria,BG,BGR,2003,4519.415326977,30.2191543579102,79.0138894271643,36.498533753392,1.80517936331072,35.6421557996755,34.9141093205088
Bulgaria,BG,BGR,2004,4850.11917184577,30.0806655883789,93.0639046910296,37.4007672806811,1.97566452081819,38.8076069463192,34.1928583073868
Bulgaria,BG,BGR,2005,5231.60538607098,29.9130401611328,99.714224874021,35.1326480136057,2.33192682099961,42.251404494382,31.4350678259571
Bulgaria,BG,BGR,2006,5630.08907245392,29.4924774169922,111.047459756649,34.0491175573121,2.56403808647251,45.0834976880766,29.6121294663569
Bulgaria,BG,BGR,2007,6049.05136726418,29.3155822753906,123.532578691039,35.5005675784199,0.0110820774680692,43.9452949970942,32.7946629713952
Bulgaria,BG,BGR,2008,6465.05231071194,29.097900390625,124.68876138203,36.161386074777,0.00957767865616399,45.1996279776027,31.8122732964869
Bulgaria,BG,BGR,2009,6289.04666609216,28.6982650756836,92.6926410550003,32.0436328279074,0.011501066098081,42.7612622601279,33.8382129128921
Bulgaria,BG,BGR,2010,6429.04599233108,28.4850692749023,103.380518426721,30.0777422997579,0.0142999844613643,44.2815290017536,31.6315375422715
Bulgaria,BG,BGR,2011,6605.64616736859,27.3898346114468,117.418101416931,29.1244573118665,0.0118717093568538,45.9286258443515,29.8496227216657
Bulgaria,BG,BGR,2012,6693.76983060797,27.2315139770508,123.97132336227,30.5765204372674,0.0649958645470987,45.3841697237359,30.913270787997
Bulgaria,BG,BGR,2013,6793.08253592745,27.0367178427981,129.688685003845,32.5085561994489,0.0422148589721535,45.5479404923072,32.9223991626527
Bulgaria,BG,BGR,2014,6941.37319825776,26.9155120849609,130.248372124871,33.3619375841046,0.0534493629177902,43.2814453591135,37.943406160091
Bulgaria,BG,BGR,2015,7269.02586513711,26.8969421386719,126.736652288689,33.5396182779889,0.0508622956603943,44.1140873247032,34.2858387519605
Bulgaria,BG,BGR,2016,7586.89174668116,26.8249969482422,122.805519071127,32.7398898535384,0.0439916328446086,45.5080804553885,32.026933347933
Bulgaria,BG,BGR,2017,7899.11056589871,26.6095428466797,129.634433774038,32.9908668107233,0.0412533947337348,44.9000826543866,31.9919669380181
Bulgaria,BG,BGR,2018,8194.79296320014,26.399787902832,129.166502231244,34.9039875058284,0.0412279715084661,41.0072641378643,33.1587379140956
Bulgaria,BG,BGR,2019,8626.5750265742,26.2837677001953,125.260415075086,35.9667303321236,0.0309149745279008,41.4409147189939,33.1928025947697
Bulgaria,BG,BGR,2020,8440.51416964556,26.6760101318359,110.423903082333,33.281823495566,0.0265845420226505,43.6951594476455,36.4964323663751
Bulgaria,BG,BGR,2021,9161.94541759347,26.653234381959,121.214091012604,33.8860140311467,0.0404243349674516,42.3426022663345,37.6984898142522
Bulgaria,BG,BGR,2022,9598.35828571579,26.5200835994776,138.844872770267,36.555940890438,0.0285781601631366,42.8638458976171,39.3220121333571
Bulgaria,BG,BGR,2023,9787.76510584614,26.2677328415387,119.899505851916,34.8460239268817,0.0269816334893887,40.9155624821488,35.7558276611108
Bulgaria,BG,BGR,2024,10127.4152566236,26.0500643117519,110.226317731322,34.4167562572997,0.0325031940251523,41.5484492139366,NA
Burkina Faso,BF,BFA,2000,428.309796566198,81.9996496670556,35.1229419704263,NA,NA,NA,NA
Burkina Faso,BF,BFA,2001,442.914122870048,81.1408547856107,31.6581708148511,NA,NA,NA,NA
Burkina Faso,BF,BFA,2002,448.128856317091,80.274946416552,31.3125228527966,10.3986618953145,12.7148917643852,37.3689476975599,9.94393922475686
Burkina Faso,BF,BFA,2003,468.263047790124,79.436672737108,30.3682364077323,10.9823377533586,10.3002518395007,33.821574800625,9.30638470843529
Burkina Faso,BF,BFA,2004,474.086412333459,78.6607819245076,35.4809436017462,12.2034721267599,13.5412666385444,37.8641162728357,10.179532584478
Burkina Faso,BF,BFA,2005,499.192797571217,77.9820221559796,34.1721697681049,11.3144980387629,12.5728810064077,37.2956251559304,10.2043369788626
Burkina Faso,BF,BFA,2006,514.113131757062,77.4471693091257,35.1065423554549,11.6244635661232,13.6787552155428,34.2401608848288,11.2753125531784
Burkina Faso,BF,BFA,2007,519.26101218434,77.0258239171807,33.7797172895073,12.2340925908741,12.8757709321541,33.0848628999984,12.3129823081145
Burkina Faso,BF,BFA,2008,533.471299938288,76.6366252161443,35.3853169801502,11.4777574610242,12.9721217740086,38.6552091552205,10.761506058922
Burkina Faso,BF,BFA,2009,533.470084831931,76.2547674398884,40.2959836735924,12.1291290126239,11.6301719014554,36.6734294296654,11.2287831746703
Burkina Faso,BF,BFA,2010,561.847221302489,75.884907501842,49.0732385398039,13.6196368298569,10.9926877587282,36.1769059745359,10.5945968597121
Burkina Faso,BF,BFA,2011,581.603658737407,75.5317023154343,57.4972531038508,13.9407112530199,10.6920719189527,35.0201949794231,11.0358957782752
Burkina Faso,BF,BFA,2012,600.731343697818,75.1998087940946,61.2386079818398,15.5744972185096,11.6436445691094,36.6262898512117,12.9214457539664
Burkina Faso,BF,BFA,2013,616.741331164082,74.893883851252,64.0358513024234,16.8259532010796,11.6968986494454,36.3091778056783,12.3336649866679
Burkina Faso,BF,BFA,2014,624.576885187665,74.6185844003357,58.8235624937426,15.4651331178926,10.8798519834932,38.5738339017526,12.8787351779888
Burkina Faso,BF,BFA,2015,630.124750752312,74.378567354775,59.0891813101662,14.9763866393624,11.1841544099697,41.386731173918,13.1974934417641
Burkina Faso,BF,BFA,2016,648.420480176012,74.178489627999,57.8931727994406,16.1772531489629,11.2796880538816,42.6515420063807,14.7098212612735
Burkina Faso,BF,BFA,2017,669.276310328333,74.0230081334368,59.2687802020168,16.7979690110934,12.624479343839,43.1114577875173,18.4897905554418
Burkina Faso,BF,BFA,2018,694.492813126351,73.9167797845178,60.5956256236488,16.8227576880022,11.588071960972,44.5020548962355,17.3707418259823
Burkina Faso,BF,BFA,2019,717.021595096634,73.8812745598843,60.4086928753226,18.6065470476465,10.217721956045,42.8075250560497,18.2174288376112
Burkina Faso,BF,BFA,2020,713.8421779224,73.6421626371373,60.7397786403239,16.8724830389714,8.98532123064994,35.9733662774852,18.017832406322
Burkina Faso,BF,BFA,2021,745.472563435144,73.1885692256983,62.4203586607795,18.6747468722147,10.3185024513673,39.2305303713367,19.8586086524281
Burkina Faso,BF,BFA,2022,740.306319930259,72.7208630257288,67.5202901331655,19.8726301802779,11.1563752948615,40.0126802733012,22.7730009405025
Burkina Faso,BF,BFA,2023,745.405334618409,72.2127521634842,63.1530435873964,21.417160726933002,10.3716137755549,42.9808898186913,19.5749797669613
Burkina Faso,BF,BFA,2024,764.082625588818,71.6647485103338,60.492898852298,21.2297195147783,16.6420756840523,42.2781980081131,NA
Burundi,BI,BDI,2000,264.154407180223,91.956185501668,NA,NA,NA,NA,NA
Burundi,BI,BDI,2001,262.913885774384,91.7589269133191,NA,NA,NA,NA,NA
Burundi,BI,BDI,2002,266.968141648342,91.5489172258491,NA,NA,NA,NA,NA
Burundi,BI,BDI,2003,255.500823385612,91.3238566061421,NA,NA,NA,NA,NA
Burundi,BI,BDI,2004,258.050009115333,91.0814452210824,NA,NA,NA,NA,NA
Burundi,BI,BDI,2005,250.878933475935,90.8193832375541,NA,NA,NA,NA,NA
Burundi,BI,BDI,2006,255.105582251925,90.5353708224414,NA,NA,NA,NA,NA
Burundi,BI,BDI,2007,254.311725516331,90.2271081426285,NA,NA,NA,NA,NA
Burundi,BI,BDI,2008,256.012461554496,89.8935646616965,NA,NA,NA,NA,NA
Burundi,BI,BDI,2009,252.582019875886,89.5020099565518,NA,NA,NA,NA,NA
Burundi,BI,BDI,2010,253.308577749924,89.0156902664513,NA,14.7764116388057,3.48121458428051,17.0510378724711,21.4202292080077
Burundi,BI,BDI,2011,254.242110648215,88.4383347769994,NA,16.7205528309034,6.38754671290869,22.7725674091442,19.9993686877643
Burundi,BI,BDI,2012,256.180393931874,87.775540319538493,NA,16.013982702125,5.75146839614753,29.1810498239716,17.9838744988147
Burundi,BI,BDI,2013,259.311117203355,87.0329037254108,NA,14.5452628315444,5.03959817943316,31.532277298565,17.0163454469103
Burundi,BI,BDI,2014,261.296721752002,86.2160218259587,NA,15.7223979144654,5.98546228682698,36.7223922512977,16.9371346579719
Burundi,BI,BDI,2015,254.402585226788,85.3304914525246,NA,15.4151361263975,18.0765128944366,39.8873867977778,20.5457430137858
Burundi,BI,BDI,2016,258.061970804063,84.3819094364506,NA,15.0173672049326,17.9674698450842,43.442949482966,17.7819630135
Burundi,BI,BDI,2017,261.725839287239,83.3758726090791,NA,17.034065945496,13.3936642889613,41.4378194342065,17.0212969799643
Burundi,BI,BDI,2018,267.508692172687,82.3179778017525,NA,NA,NA,NA,NA
Burundi,BI,BDI,2019,270.411005710809,81.213821845813,NA,14.8634486641276,7.26992692547445,45.9869497178202,14.9114067431833
Burundi,BI,BDI,2020,263.463876362597,80.0690015726029,NA,14.691122999069,7.89901726618925,45.2719107317787,14.6877026186562
Burundi,BI,BDI,2021,264.682651658422,78.8891138134646,NA,14.2247547882187,9.99354872779816,46.4165110235798,12.2568570624235
Burundi,BI,BDI,2022,263.587550049119,77.6797553997403,NA,NA,NA,NA,NA
Burundi,BI,BDI,2023,264.84330794512,76.4465231627724,NA,NA,NA,NA,NA
Burundi,BI,BDI,2024,268.700857389911,75.1697161348975,NA,NA,NA,NA,NA
Cabo Verde,CV,CPV,2000,2037.31720912714,46.0667850797717,87.5206083614917,NA,NA,NA,NA
Cabo Verde,CV,CPV,2001,2051.21733888102,45.2237827679005,92.1637224974152,NA,NA,NA,NA
Cabo Verde,CV,CPV,2002,2127.70872296502,44.4296592020519,101.089702293616,NA,NA,NA,NA
Cabo Verde,CV,CPV,2003,2186.89500422765,43.6702928020359,98.7683808076547,NA,NA,NA,NA
Cabo Verde,CV,CPV,2004,2379.79636224135,42.9322832988982,101.567169989502,NA,NA,NA,NA
Cabo Verde,CV,CPV,2005,2514.16779255327,42.2022304236843,104.343839857053,23.3817681941858,15.8106585961233,24.9936595231432,27.7033769504873
Cabo Verde,CV,CPV,2006,2683.83943856892,41.4667339074401,117.816697232822,24.6513537311931,16.0778852948345,34.8945670155469,26.921501965803
Cabo Verde,CV,CPV,2007,3056.97102851154,40.712393481211,94.2062075432498,20.7117236665402,16.3376842451187,38.3149303209414,20.6243477490851
Cabo Verde,CV,CPV,2008,3238.44159287498,39.9258088760428,90.9663882722365,21.2189651622883,15.8325027007662,38.7204732687582,19.0527123679458
Cabo Verde,CV,CPV,2009,3159.58698693977,39.093579822981,80.4609561322904,18.6794847397113,14.8142572198718,33.7797578141634,18.1073675732364
Cabo Verde,CV,CPV,2010,3194.61667734233,38.2025737267698,85.5484498816191,18.2762288979331,14.4799444268468,33.521994447270004,17.9820174736895
Cabo Verde,CV,CPV,2011,3309.20121643898,37.2580070963116,90.5564501122747,19.3427428811571,17.4299301800919,39.9687329001989,17.7865952743898
Cabo Verde,CV,CPV,2012,3341.7421054836,36.2739545479004,90.649916554117,18.1479114076542,16.9082410292093,36.595455709554,16.8342381258496
Cabo Verde,CV,CPV,2013,3361.09387702205,35.2513792478174,86.1698600308418,18.7311114447081,16.0158920006563,37.30759493243,16.9586624245546
Cabo Verde,CV,CPV,2014,3383.8422809791,34.1914887287258,91.3038524117221,17.8406234262261,17.4188129668496,38.8853604196852,17.9305656018519
Cabo Verde,CV,CPV,2015,3415.06266730931,33.0954905232884,94.0084870167993,20.9324134955748,15.1450901808117,35.4546206965181,19.3035742972947
Cabo Verde,CV,CPV,2016,3560.1400729534,31.9645921641684,95.3781398609533,19.7921439895619,16.7856849258153,35.4321696416796,19.0741910323081
Cabo Verde,CV,CPV,2017,3719.71306047915,30.8000011840287,100.052133904219,20.6675964587062,15.5188179270724,35.6459883795565,18.6694945913411
Cabo Verde,CV,CPV,2018,3853.67940035241,29.6029251155323,105.867524052105,22.8052381290892,15.6087570130556,39.19232550143,22.5105795417778
Cabo Verde,CV,CPV,2019,4115.90283469406,28.3745714913423,103.602656463726,21.6480134487985,14.8129309956002,36.3247037690941,23.8766451705691
Cabo Verde,CV,CPV,2020,3255.93628984058,27.1161478441216,78.3934545931901,21.5670295735424,15.0300219975793,36.1723238476462,30.88206490392
Cabo Verde,CV,CPV,2021,3471.6553421786,25.8392069107173,77.4550586265341,NA,NA,NA,NA
Cabo Verde,CV,CPV,2022,3997.76763250653,24.966261939151,96.9941368513357,NA,NA,NA,NA
Cabo Verde,CV,CPV,2023,4168.67748407593,24.0935754246624,95.0324943346692,NA,NA,NA,NA
Cabo Verde,CV,CPV,2024,4438.38741931171,23.2278528995646,96.9022561569006,NA,NA,NA,NA
Cambodia,KH,KHM,2000,598.561915252147,81.3757783344428,110.397125303731,NA,NA,NA,NA
Cambodia,KH,KHM,2001,632.833573980849,81.2813181283005,111.771741244001,NA,NA,NA,NA
Cambodia,KH,KHM,2002,662.188341283454,81.196358265874,118.269562072288,9.79873274226039,22.3627104549884,29.6899882480631,8.92794244376012
Cambodia,KH,KHM,2003,719.333494240509,81.1118234725521,120.074969093599,8.66847925698063,25.4894615337179,32.484009239041,8.57589886862816
Cambodia,KH,KHM,2004,775.847139030978,81.0186384737237,131.351481056276,8.90876157021319,25.4958550664632,37.7097233384275,7.42161168194734
Cambodia,KH,KHM,2005,866.340290123209,80.9077279947775,133.551965265648,8.60328605137361,20.6723825476067,36.9033020938566,6.76022258114943
Cambodia,KH,KHM,2006,947.065220050691,80.7700167611024,140.348734318483,8.53318310591031,21.5640072604034,40.2755640214637,7.48055524776894
Cambodia,KH,KHM,2007,1030.23117620792,80.5964294980872,133.700023826819,9.54332922735286,21.8467728840407,40.4162720401622,6.99568359728898
Cambodia,KH,KHM,2008,1090.57475806147,80.3425490134675,130.393510678736,10.6454540063881,19.0335953172916,41.6702382030674,7.27873986812617
Cambodia,KH,KHM,2009,1117.25834194514,79.8020271273481,102.2879490147,9.0265067715609,16.6958031454689,35.4708878629919,9.12297263605281
Cambodia,KH,KHM,2010,1155.85236856699,78.8767748831238,109.998400607758,9.33881916331001,14.9305953814827,35.2904915348094,8.65662452415554
Cambodia,KH,KHM,2011,1221.38839852454,77.6175211468724,109.790505166814,9.24417182251418,15.6310197847394,39.2845687277783,8.84350460921608
Cambodia,KH,KHM,2012,1295.25271477893,76.0588952417651,116.740233418212,9.96365204682428,12.7926199040944,35.3572710893234,8.33602397896915
Cambodia,KH,KHM,2013,1376.29557595926,74.2355264909729,124.887552768657,10.5671122962647,15.1932279140412,38.0488940654104,9.11918133783137
Cambodia,KH,KHM,2014,1464.53115866927,72.1820442176669,124.454908526693,12.5632368801517,19.1041333216997,42.0378323832412,9.43642007472864
Cambodia,KH,KHM,2015,1547.32010444393,69.9330777450181,122.109596815379,12.3785283054753,14.6308092549764,45.8874991734162,8.99396164136395
Cambodia,KH,KHM,2016,1645.46671578126,67.5232563961976,122.704555602667,13.0895413623745,12.3374184580179,44.0360624543114,9.79082136934193
Cambodia,KH,KHM,2017,1753.93530504662,64.9872094943765,121.155451298689,14.0202169932915,10.6999695599308,45.7711187590247,10.7989673791136
Cambodia,KH,KHM,2018,1884.28374817086,62.3595663627258,118.43765541305,14.7667733438902,10.7237811738778,48.049242413029,10.7640676815512
Cambodia,KH,KHM,2019,2008.32094006706,60.4169758743974,115.736679072448,16.8310426053455,10.623669923994,50.4212839128309,11.6500918071986
Cambodia,KH,KHM,2020,1908.63427518336,60.167341969078,122.105396346568,14.8219376724455,9.49312447603245,47.3441308041456,12.9375804463012
Cambodia,KH,KHM,2021,1938.76436741728,59.8908141871153,146.179846509715,13.2985003699248,9.7873638955063509,46.009500247566,12.5801496236241
Cambodia,KH,KHM,2022,2011.27433313262,59.625383812632,145.873632761406,14.9538509771771,9.63579865291579,46.4450504215231,11.776416290612
Cambodia,KH,KHM,2023,2085.05748462122,59.3709211927492,134.206842395931,13.7594390632248,9.77690173827626,42.2045467305879,12.9497206702999
Cambodia,KH,KHM,2024,2183.55682401667,59.1272966747271,143.447009703011,NA,NA,NA,NA
Cameroon,CM,CMR,2000,1151.27689302947,53.7550170597401,47.9279442460149,NA,NA,NA,NA
Cameroon,CM,CMR,2001,1169.92670464984,53.2372490949022,51.5722691890366,NA,NA,NA,NA
Cameroon,CM,CMR,2002,1189.96707897027,52.7410757486564,48.4817227279603,NA,NA,NA,NA
Cameroon,CM,CMR,2003,1221.09446141454,52.2674476439939,40.2431925894529,NA,NA,NA,NA
Cameroon,CM,CMR,2004,1271.74326874167,51.8173154039058,41.8377424272557,NA,NA,NA,NA
Cameroon,CM,CMR,2005,1264.74345218659,51.4162147605315,44.9976813478478,NA,NA,NA,NA
Cameroon,CM,CMR,2006,1277.32990712342,50.7955826587139,47.1044341803567,NA,NA,NA,NA
Cameroon,CM,CMR,2007,1295.73067471287,50.2972971406242,53.2156908605178,NA,NA,NA,NA
Cameroon,CM,CMR,2008,1295.02211276052,49.9141674731331,56.9244171562734,NA,NA,NA,NA
Cameroon,CM,CMR,2009,1290.89961351149,49.5285868664322,42.1761073594765,NA,NA,NA,NA
Cameroon,CM,CMR,2010,1290.9013745759,49.1494924628638,47.2385853965951,NA,NA,NA,NA
Cameroon,CM,CMR,2011,1297.3064962694,48.7770156965875,51.521987603918,NA,NA,NA,NA
Cameroon,CM,CMR,2012,1319.66961634054,48.4112880017139,50.0360127271229,15.8693647931459,11.7679320520135,29.9075314722119,12.7527473631683
Cameroon,CM,CMR,2013,1347.2130636706,48.0524408122976,49.6745363462134,15.8187025580093,10.8042038496379,32.562679777001,12.9354089682102
Cameroon,CM,CMR,2014,1381.81938454907,47.7006055623291,50.8323893087648,16.3329616163743,11.9676477497735,33.5134409504313,12.8603148223258
Cameroon,CM,CMR,2015,1415.00009710569,47.3559136857258,45.5401468279393,15.4849009804887,11.4226831987567,34.5653569377344,12.421318766701
Cameroon,CM,CMR,2016,1435.61830727839,47.0184966163208,40.6386315268268,14.5180049310914,11.7571626227517,38.6326055411197,11.9000531275541
Cameroon,CM,CMR,2017,1444.90682916573,46.6884857878496,39.1990216052629,14.691664680823,12.6864484941004,41.0902267595331,10.5272373062848
Cameroon,CM,CMR,2018,1461.01969999317,46.3660126339347,40.587602877028,15.1505199201345,11.7646028641911,42.6722946798831,11.367382512434
Cameroon,CM,CMR,2019,1470.31785276187,46.0512085880669,43.3785132480415,14.8479225320649,10.9701935288829,41.8166692573988,12.3229207514112
Cameroon,CM,CMR,2020,1434.51913723409,45.7442050835826,33.7388313623871,13.1216430210324,11.1881250728984,42.2879978664828,12.0602939460197
Cameroon,CM,CMR,2021,1443.57600237663,45.4451335536365,36.7308347188558,13.7428346466617,11.242627064139,43.2918303822669,12.4228090170574
Cameroon,CM,CMR,2022,1458.66180431693,45.1541254311682,41.2866025594679,NA,NA,NA,NA
Cameroon,CM,CMR,2023,1468.17837007337,44.8713121488612,37.8903321242578,NA,NA,NA,NA
Cameroon,CM,CMR,2024,1480.73097431993,44.5968251390922,34.4031785915423,NA,NA,NA,NA
Canada,CA,CAN,2000,37906.89821012,21.3707004491053,82.7653578503214,20.8617411485603,1.05450508244666,15.4974663366208,18.7745182688509
Canada,CA,CAN,2001,38200.4945025395,21.158523505026398,78.3442183943698,20.1601523762926,1.28316978785157,15.9309999308963,18.7110049059225
Canada,CA,CAN,2002,38921.7064054514,20.9009765197766,75.7069052324349,19.3246314576075,1.37359552987711,17.325180713527,17.9630540283106
Canada,CA,CAN,2003,39270.0629084669,20.608619325761,69.8399832953973,19.0650841924727,1.24204710695938,17.5699042111272,18.0373048207443
Canada,CA,CAN,2004,40108.7990262916,20.3076936651685,70.1923674409029,18.6902992756743,1.16577830263956,17.4352079410169,17.2659042841902
Canada,CA,CAN,2005,41006.264144024,20.0239384117035,69.7585441602155,18.5295286599113,1.25311008764964,17.1219305609123,17.8238374771822
Canada,CA,CAN,2006,41663.5541588166,19.780933900721,68.0508003453151,18.5314218056346,1.26429385395734,16.0946728545289,17.0273499202194
Canada,CA,CAN,2007,42106.9147186165,19.5574384863218,66.2834197482347,18.6951561172876,1.28172644565838,14.9550517386413,16.9627803202211
Canada,CA,CAN,2008,42067.610977795,19.3371055083396,67.023446571123,17.6208356567478,1.35382850822845,13.5621801895906,17.0833122113836
Canada,CA,CAN,2009,40376.4559330928,19.1408161106079,58.4742801830543,17.6435099536255,1.32307272047618,14.6680996060615,18.8541350455058
Canada,CA,CAN,2010,41164.3812486578,18.9879107747063,60.2079046752442,16.8961112858422,1.21743813600159,15.2721874202784,19.0846384146473
Canada,CA,CAN,2011,42043.6842044008,18.8968574565787,62.4984217100546,16.9254122718807,1.27494511990595,14.4621086576047,17.8501774448839
Canada,CA,CAN,2012,42320.6856530018,18.8486516751209,62.5957887432013,16.9203884855391,1.28395568716654,14.0522886301585,17.517587037639
Canada,CA,CAN,2013,42851.2135876232,18.816560042542,62.2315329073432,16.9527424319288,1.29257841724839,13.9246650302045,17.0850078986035
Canada,CA,CAN,2014,43643.2794910996,18.788816838444,64.3785976132125,16.9792054635347,1.32851237236035,13.9611575017372,16.4020333861514
Canada,CA,CAN,2015,43594.2379080706,18.7534329723301,66.1648355844224,17.8508915598731,1.45111844764857,13.770325203252,17.0597615406412
Canada,CA,CAN,2016,43551.3863558236,18.6976988906297,65.3636199818813,17.8650578735988,1.50180939230326,13.8985582740079,17.4985867931189
Canada,CA,CAN,2017,44339.433221787804,18.5981054167774,65.1009087910845,18.0104043358874,1.44451689021361,13.9491741182315,17.6065542831463
Canada,CA,CAN,2018,44907.3887994469,18.4499658353347,66.59982627163,18.5291773308631,1.5961224986095,13.4756656931178,17.5408847622686
Canada,CA,CAN,2019,45100.336805859,18.2636327952059,66.1713422730605,18.2775695376146,1.29246310785382,13.7037403849328,18.1056705486936
Canada,CA,CAN,2020,42366.1710935265,18.0490111289434,61.1566883386797,18.9901595520707,0.949078946434864,13.5675955641852,28.571435004902
Canada,CA,CAN,2021,44639.2381171993,17.8220720920725,62.2468612630348,19.8623873290341,1.02742168063765,13.4650276514491,22.4985832945884
Canada,CA,CAN,2022,45883.0058941892,17.6499102646032,66.9531620692051,18.9042624468735,1.11542790614563,14.0199432246275,18.1680587594308
Canada,CA,CAN,2023,45495.5100892605,17.4749435591654,66.5745425015033,19.6073048673598,0.994293322535371,14.048275128426,19.0564147253424
Canada,CA,CAN,2024,45061.3864587285,17.2997434233367,65.1214987304374,19.9311190326297,0.917252460980142,13.8172321741959,NA
Caribbean small states,S3,CSS,2000,10553.7062607061,48.5739582895382,NA,NA,NA,NA,NA
Caribbean small states,S3,CSS,2001,10690.3702191644,48.5856538170847,NA,22.0056091330157,5.43900283832271,23.2367589567825,19.7269936255164
Caribbean small states,S3,CSS,2002,11027.3598401094,48.6219814067165,NA,21.1182566624195,5.83926657610365,26.2138970994805,20.2855860177354
Caribbean small states,S3,CSS,2003,11605.4238812576,48.6998664265187,NA,21.6404700049328,5.60619022549794,19.680617706414,19.652424213262
Caribbean small states,S3,CSS,2004,12056.9139473837,48.8263753220314,NA,22.0305516285442,5.66741476480617,20.9546707377832,19.9066554444276
Caribbean small states,S3,CSS,2005,12683.3255233013,49.0506112264926,NA,24.7331339661595,4.7740932138865,14.8678902946751,20.1434755161854
Caribbean small states,S3,CSS,2006,13597.1381777631,49.2298142602551,NA,27.2608708985481,4.55529839027766,13.2087032668259,23.9246206691172
Caribbean small states,S3,CSS,2007,14030.0505594073,49.4082781127466,NA,24.9487127464419,4.8125469202338,14.5834682477436,21.2774436358402
Caribbean small states,S3,CSS,2008,14177.6922464874,49.5798559213807,NA,27.1343189053336,3.71922605661372,13.0777925971369,22.9694083426169
Caribbean small states,S3,CSS,2009,13623.5304132425,49.735077109183,NA,27.4692187660796,4.3956836434703,15.4543640729906,27.4949586969031
Caribbean small states,S3,CSS,2010,13697.4264360568,49.848698551309496,NA,26.0608774697649,4.09638709621941,15.9871959687509,25.9284198139137
Caribbean small states,S3,CSS,2011,13731.3218758813,49.8750640335183,NA,24.1920974562,4.61088848617882,14.3644129082757,24.1588386350526
Caribbean small states,S3,CSS,2012,14203.8255539522,49.8553181559295,NA,24.6383133667722,4.44292052010942,15.1816705105317,25.0190182664091
Caribbean small states,S3,CSS,2013,14327.5751136155,49.8492460861017,NA,24.7138446060457,4.61059312143765,14.7794836891159,25.4470290191053
Caribbean small states,S3,CSS,2014,14600.729767324,49.8403464994896,NA,26.1469288015823,4.60423528503137,11.881227946252,26.1431751641949
Caribbean small states,S3,CSS,2015,14497.8798625347,49.8320886960586,NA,28.3428885365518,4.90259703293826,14.4818702150396,27.7756173895049
Caribbean small states,S3,CSS,2016,13962.4303282906,49.8268701187898,NA,26.4678274543565,5.42884481382087,14.8920955385675,28.1184994665883
Caribbean small states,S3,CSS,2017,13778.886010068,49.8217036496002,NA,24.9636010118362,6.4703510171862,18.6965344453311,28.2671938578821
Caribbean small states,S3,CSS,2018,13827.9207659533,49.904518278259,NA,NA,5.71529565804858,18.4573198662213,NA
Caribbean small states,S3,CSS,2019,13836.1810586697,49.938655113778204,NA,NA,5.97969004978744,20.8468022742155,NA
Caribbean small states,S3,CSS,2020,12507.6012734005,49.8851726958204,NA,NA,NA,NA,NA
Caribbean small states,S3,CSS,2021,13353.2168994617,49.8764580935906,NA,NA,NA,NA,NA
Caribbean small states,S3,CSS,2022,15259.8516050593,49.8685551318442,NA,NA,NA,NA,NA
Caribbean small states,S3,CSS,2023,16520.5066629775,49.8979110694755,NA,NA,NA,NA,NA
Caribbean small states,S3,CSS,2024,18643.3738062746,49.9000574261379,NA,NA,NA,NA,NA
Cayman Islands,KY,CYM,2000,NA,0,NA,NA,NA,NA,NA
Cayman Islands,KY,CYM,2001,NA,0,NA,NA,NA,NA,NA
Cayman Islands,KY,CYM,2002,NA,0,NA,NA,NA,NA,NA
Cayman Islands,KY,CYM,2003,NA,0,NA,NA,NA,NA,NA
Cayman Islands,KY,CYM,2004,NA,0,NA,NA,NA,NA,NA
Cayman Islands,KY,CYM,2005,NA,0,NA,NA,NA,NA,NA
Cayman Islands,KY,CYM,2006,96066.6290832355,0,NA,NA,NA,NA,NA
Cayman Islands,KY,CYM,2007,96202.7379415493,0,NA,NA,NA,NA,NA
Cayman Islands,KY,CYM,2008,93115.3168416314,0,NA,NA,NA,NA,NA
Cayman Islands,KY,CYM,2009,84001.4215657607,0,NA,NA,NA,NA,NA
Cayman Islands,KY,CYM,2010,79483.0972813604,0,NA,NA,NA,NA,NA
Cayman Islands,KY,CYM,2011,78233.0187551876,0,NA,NA,NA,NA,NA
Cayman Islands,KY,CYM,2012,77074.3890872511,0,NA,NA,NA,NA,NA
Cayman Islands,KY,CYM,2013,76038.879554035,0,NA,NA,NA,NA,NA
Cayman Islands,KY,CYM,2014,76104.6215727416,0,NA,NA,NA,NA,NA
Cayman Islands,KY,CYM,2015,76379.2095108681,0,NA,NA,NA,NA,NA
Cayman Islands,KY,CYM,2016,77031.8643873625,0,NA,NA,NA,NA,NA
Cayman Islands,KY,CYM,2017,77717.1752058822,0,117.436583687346,NA,NA,NA,NA
Cayman Islands,KY,CYM,2018,79305.769672996,0,117.117123372744,NA,NA,NA,NA
Cayman Islands,KY,CYM,2019,80714.5718222987,0,114.838539695171,NA,NA,NA,NA
Cayman Islands,KY,CYM,2020,75199.6446006284,0,105.472790158919,NA,NA,NA,NA
Cayman Islands,KY,CYM,2021,77259.6331096058,0,NA,NA,NA,NA,NA
Cayman Islands,KY,CYM,2022,79942.1196290248,0,NA,NA,NA,NA,NA
Cayman Islands,KY,CYM,2023,82906.5454943954,0,NA,NA,NA,NA,NA
Cayman Islands,KY,CYM,2024,84381.4731440521,0,NA,NA,NA,NA,NA
Central African Republic,CF,CAF,2000,437.168928414826,62.2985120234636,45.6597819937269,NA,NA,NA,NA
Central African Republic,CF,CAF,2001,446.658634192083,62.2439763792169,39.7304997372329,NA,NA,NA,NA
Central African Republic,CF,CAF,2002,452.808702217035,62.1830247004489,36.1085647794782,NA,NA,NA,NA
Central African Republic,CF,CAF,2003,418.240532289858,62.1136828068076,36.2312260023474,NA,NA,NA,NA
Central African Republic,CF,CAF,2004,433.825227770233,62.0373110607938,33.2439549188203,8.31440060494781,19.4427981422403,24.7805353713971,9.66162851275332
Central African Republic,CF,CAF,2005,427.968043155237,61.9551489573134,35.0709368656226,NA,NA,NA,NA
Central African Republic,CF,CAF,2006,439.294330902768,61.865566318877,36.3958702287378,NA,NA,NA,NA
Central African Republic,CF,CAF,2007,450.762785401893,61.7656660563921,37.5808990187896,NA,NA,NA,NA
Central African Republic,CF,CAF,2008,450.313616886022,61.6525510807662,34.4375218095517,9.3940412693077,NA,NA,11.0060729405559
Central African Republic,CF,CAF,2009,492.215398914836,61.523324302907,31.4942464896799,9.11047626338612,NA,NA,15.8641793874006
Central African Republic,CF,CAF,2010,519.141456408484,61.3755036895797,34.4304819543042,9.20742098068466,NA,NA,16.3366647703798
Central African Republic,CF,CAF,2011,532.38295493852,61.1969330534993,34.4756183327299,8.62528933619754,NA,NA,13.4640903708419
Central African Republic,CF,CAF,2012,553.729578314912,60.9698303961483,33.0594485943314,9.55407347188312,NA,NA,8.18447190574619
Central African Republic,CF,CAF,2013,349.821171688973,60.6957036517223,38.3992875721315,NA,NA,NA,NA
Central African Republic,CF,CAF,2014,351.561554911625,60.3773478131262,53.0950920179825,4.58128207147806,NA,NA,8.27197400077813
Central African Republic,CF,CAF,2015,366.322853938121,60.0175578732649,53.1451477769621,5.66316008874996,NA,NA,9.30655844158761
Central African Republic,CF,CAF,2016,376.858254120398,59.6191288250434,50.53064402191,7.30022999816924,NA,NA,9.02134552692702
Central African Republic,CF,CAF,2017,387.35795131742,59.1848556613666,57.1435457117119,7.19819455148522,NA,NA,8.67679860120799
Central African Republic,CF,CAF,2018,395.020015455909,58.7175333751394,49.6602000024318,8.81798776425636,NA,NA,10.1233533419528
Central African Republic,CF,CAF,2019,401.82582161435,58.2199569592668,50.0658000014868,8.79208439882621,11.522580204782,19.4780103199927,9.93933909760806
Central African Republic,CF,CAF,2020,398.834274122139,57.6949214066537,49.5210200011921,9.51223596724716,9.82513650285828,22.6702793218368,13.9733066121224
Central African Republic,CF,CAF,2021,396.020622931961,57.1452217102051,44.159119995104,9.20477924788893,15.8626363037707,30.1456815092013,11.6613898280077
Central African Republic,CF,CAF,2022,398.91539795642,56.7248032542715,45.23357000162,NA,NA,NA,NA
Central African Republic,CF,CAF,2023,397.467795750451,56.3016307865835,43.480570208358,NA,NA,NA,NA
Central African Republic,CF,CAF,2024,389.938307964229,55.8756444361096,46.4318999802251,NA,NA,NA,NA
Central Europe and the Baltics,B8,CEB,2000,7450.88371486209,38.5593470957416,79.9661331841486,34.5518533124299,2.10933976222972,33.5574986863533,38.2099750032109
Central Europe and the Baltics,B8,CEB,2001,7730.97137256735,38.4697223274191,80.5910648834783,34.2302625474722,1.30777361056546,33.3880935535858,38.0827384514724
Central Europe and the Baltics,B8,CEB,2002,8057.23910139445,38.4160064112232,79.5447044088396,34.3721276427637,1.2894754858529,33.6251398112548,38.1787696305733
Central Europe and the Baltics,B8,CEB,2003,8405.64953510181,38.4287316255298,83.8467118651571,34.8928777632526,1.26052689924659,34.506345808326,38.265025120071
Central Europe and the Baltics,B8,CEB,2004,8923.8782160842,38.4254815793377,90.7635256332572,33.599397374858,0.424374471656904,35.6341434638981,36.3702040587889
Central Europe and the Baltics,B8,CEB,2005,9387.61745605104,38.3315623251665,93.7321098314937,33.7608826491965,NA,37.1056509739825,35.7785562320828
Central Europe and the Baltics,B8,CEB,2006,10036.5097725823,38.2401703761218,101.888207291238,33.8617272868334,NA,36.1153532439644,35.3831455352881
Central Europe and the Baltics,B8,CEB,2007,10712.5851582186,38.2370671838432,104.681955348599,34.5304985153418,NA,34.6181101569934,34.78319979551
Central Europe and the Baltics,B8,CEB,2008,11177.0146731334,38.1251591115265,104.185174664348,34.1118777668845,NA,33.5402259204967,35.4332558044197
Central Europe and the Baltics,B8,CEB,2009,10792.858773343,38.0929243914996,92.9320141284519,32.8715416316008,NA,33.5607866900267,38.0256187870359
Central Europe and the Baltics,B8,CEB,2010,10998.682371605,38.0168667174461,104.465019439246,32.7691179688973,NA,36.3249702726785,37.5561559741509
Central Europe and the Baltics,B8,CEB,2011,11421.7596519166,37.9937004488411,112.883965535002,33.154861080014,NA,37.7577497591768,36.5484264060865
Central Europe and the Baltics,B8,CEB,2012,11544.5713277541,38.0260675345906,116.120910663964,33.6134229041818,NA,37.4826888249707,36.4114839423454
Central Europe and the Baltics,B8,CEB,2013,11662.0107342389,38.0382968904845,117.682890583218,33.931330548628,NA,36.9518681881404,36.9820167047479
Central Europe and the Baltics,B8,CEB,2014,12076.1823856167,38.0367050288986,119.875145053471,33.9662101639861,NA,36.9496302448038,36.5311746148339
Central Europe and the Baltics,B8,CEB,2015,12596.9151136003,38.0291122447962,119.413536753998,34.4860116656496,NA,36.4150295844678,35.7999223612931
Central Europe and the Baltics,B8,CEB,2016,12991.5742193095,38.097473899601,120.335518840543,34.2762509329861,NA,36.4291778368439,35.6200725949432
Central Europe and the Baltics,B8,CEB,2017,13696.4931794299,38.128424338273,123.351908262836,34.3279872563206,NA,36.4070377926455,34.6112414237152
Central Europe and the Baltics,B8,CEB,2018,14412.0115452533,38.1888956626837,123.819489952608,34.6609967733083,NA,36.7572217632641,34.1849277866687
Central Europe and the Baltics,B8,CEB,2019,15024.0494908704,38.2550473541666,121.363027524657,34.7599280157368,NA,36.1403362227276,34.7314132521554
Central Europe and the Baltics,B8,CEB,2020,14621.1740246993,38.3681752320283,114.658290296243,34.8530997937399,NA,35.6141525267518,40.4121948827475
Central Europe and the Baltics,B8,CEB,2021,15739.2441317825,38.4508900459156,125.549790020179,35.1230490376587,NA,35.7953115969129,38.3773609001909
Central Europe and the Baltics,B8,CEB,2022,16396.9966397292,38.4064759717355,139.865222966994,34.8578810575742,NA,35.5710568386031,37.2574766576636
Central Europe and the Baltics,B8,CEB,2023,16496.6728779092,38.30292097194,123.593323935313,35.4430994695978,NA,35.0235435641863,NA
Central Europe and the Baltics,B8,CEB,2024,16862.8261090388,38.2023287503026,116.411463865097,NA,NA,32.6566584074236,NA
Chad,TD,TCD,2000,530.600331266396,78.3472309239516,51.5711720135652,NA,NA,NA,NA
Chad,TD,TCD,2001,572.806706826392,78.3219017404812,64.3219080406854,NA,NA,NA,NA
Chad,TD,TCD,2002,600.171451974963,78.2992237968485,126.350807849912,NA,NA,NA,NA
Chad,TD,TCD,2003,661.55691667897,78.2792968827761,83.3789149599315,NA,NA,NA,NA
Chad,TD,TCD,2004,845.518131165737,78.2622207879866,101.768590921564,NA,NA,NA,NA
Chad,TD,TCD,2005,952.871910087319,78.2480953022027,77.577493649797,NA,NA,NA,NA
Chad,TD,TCD,2006,914.21066458867,78.2370202151471,77.0815766029615,NA,NA,NA,NA
Chad,TD,TCD,2007,920.35281567764,78.2290953165424,75.1059962731949,NA,NA,NA,NA
Chad,TD,TCD,2008,916.08727463451,78.2244203961113,69.0677746090641,NA,NA,NA,NA
Chad,TD,TCD,2009,871.485311278207,78.2215603431245,64.8597511917067,NA,NA,NA,NA
Chad,TD,TCD,2010,956.953018707396,78.1527621808905,63.7311691270791,NA,NA,NA,NA
Chad,TD,TCD,2011,965.286963559567,78.0441263202362,57.5437561870898,NA,NA,NA,NA
Chad,TD,TCD,2012,1016.42152061942,77.8938095851822,54.3851887421013,NA,NA,NA,NA
Chad,TD,TCD,2013,1008.61711428961,77.7024070147609,51.5308164549816,NA,NA,NA,NA
Chad,TD,TCD,2014,993.321157706456,77.4705486513991,40.8116269859319,NA,NA,NA,NA
Chad,TD,TCD,2015,993.990730610869,77.1988741171026,48.5114982079885,NA,NA,NA,NA
Chad,TD,TCD,2016,923.565872051196,76.8880265292821,43.9580149331537,NA,NA,NA,NA
Chad,TD,TCD,2017,879.075895464417,76.538650528895,43.2900613852468,NA,NA,NA,NA
Chad,TD,TCD,2018,898.834794005046,76.1513915075025,46.7384317860183,NA,NA,NA,NA
Chad,TD,TCD,2019,917.203710060136,75.7268952613367,46.6777247152768,NA,NA,NA,NA
Chad,TD,TCD,2020,884.980541934939,75.2658078204584,40.6428170621932,NA,NA,NA,NA
Chad,TD,TCD,2021,857.52763057976,74.7687753576925,43.9465041015895,NA,NA,NA,NA
Chad,TD,TCD,2022,862.602128172536,74.2364441370306,47.9883784319429,NA,NA,NA,NA
Chad,TD,TCD,2023,856.985507283698,73.6694604828954,46.8626488759728,NA,NA,NA,NA
Chad,TD,TCD,2024,855.999353179333,73.0684707610503,44.5559353847423,NA,NA,NA,NA
Channel Islands,JG,CHI,2000,NA,69.5434574331688,NA,NA,NA,NA,NA
Channel Islands,JG,CHI,2001,NA,69.5082986393635,NA,NA,NA,NA,NA
Channel Islands,JG,CHI,2002,NA,69.4249546982802,NA,NA,NA,NA,NA
Channel Islands,JG,CHI,2003,NA,69.2852004414661,NA,NA,NA,NA,NA
Channel Islands,JG,CHI,2004,NA,69.1040011576534,NA,NA,NA,NA,NA
Channel Islands,JG,CHI,2005,NA,68.893243510555,NA,NA,NA,NA,NA
Channel Islands,JG,CHI,2006,NA,68.6649229246382,NA,NA,NA,NA,NA
Channel Islands,JG,CHI,2007,NA,68.4307584749976,NA,NA,NA,NA,NA
Channel Islands,JG,CHI,2008,NA,68.20278078986,NA,NA,NA,NA,NA
Channel Islands,JG,CHI,2009,67617.8205403696,67.9929811883366,NA,NA,NA,NA,NA
Channel Islands,JG,CHI,2010,64722.9832990297,67.8131770919617,NA,NA,NA,NA,NA
Channel Islands,JG,CHI,2011,65006.4871287216,67.673664983612,NA,NA,NA,NA,NA
Channel Islands,JG,CHI,2012,60861.9006460501,67.5585665395252,NA,NA,NA,NA,NA
Channel Islands,JG,CHI,2013,60780.669022098,67.4567748224191,NA,NA,NA,NA,NA
Channel Islands,JG,CHI,2014,61892.8083445708,67.3724404725163,NA,NA,NA,NA,NA
Channel Islands,JG,CHI,2015,61847.8212238857,67.3092215723597,NA,NA,NA,NA,NA
Channel Islands,JG,CHI,2016,62434.1859444218,67.2573740254639,NA,NA,NA,NA,NA
Channel Islands,JG,CHI,2017,63393.3938698644,67.2146780644369,NA,NA,NA,NA,NA
Channel Islands,JG,CHI,2018,63859.9826096615,67.1874008002029,NA,NA,NA,NA,NA
Channel Islands,JG,CHI,2019,64594.5213908684,67.1764588973124,NA,NA,NA,NA,NA
Channel Islands,JG,CHI,2020,58636.7036143365,67.1752815020549,NA,NA,NA,NA,NA
Channel Islands,JG,CHI,2021,64267.6930018122,67.1851858928059,NA,NA,NA,NA,NA
Channel Islands,JG,CHI,2022,67508.9385276664,67.2079560901736,NA,NA,NA,NA,NA
Channel Islands,JG,CHI,2023,69818.1528119104,67.2445662024949,NA,NA,NA,NA,NA
Channel Islands,JG,CHI,2024,NA,67.2943788772544,NA,NA,NA,NA,NA
Chile,CL,CHL,2000,8465.35303258864,13.7289087542187,58.7119233335812,20.7855354296647,6.24909579091382,47.0856273189047,20.1386805049182
Chile,CL,CHL,2001,8632.0148244056,13.5093654086998,62.144766332768,20.8378704235694,5.39020458353317,46.8909979442344,20.0571230559933
Chile,CL,CHL,2002,8810.69052712257,13.3885884909718,62.4838547414591,20.1749105502888,4.46691200919983,49.1502533739714,20.0926250802076
Chile,CL,CHL,2003,9130.7842621819,13.3207026966754,65.6934161956491,20.0061859822593,2.99812587613402,49.0440456893262,19.3366626993026
Chile,CL,CHL,2004,9642.37478651228,13.2663245509888,69.8893603825954,21.2431453025888,2.02574910635592,45.2574715814558,18.2083109080648
Chile,CL,CHL,2005,10104.4208391373,13.2231755515113,72.062533372953,22.9947038509202,1.81621896234203,41.2713532736394,17.2109749859784
Chile,CL,CHL,2006,10611.6144012877,13.1874876609149,73.7116341203328,24.5913294326013,1.56522606051543,34.3651861821445,15.8867269551126
Chile,CL,CHL,2007,11051.3450717678,13.1554928418715,76.9770240591423,26.1023294338566,1.2765510313992,34.3420187321847,16.0414047722644
Chile,CL,CHL,2008,11356.0922105983,13.1234230570531,80.676626653784,24.5014374384181,1.35449276166394,39.078122965926,18.4111324189756
Chile,CL,CHL,2009,11116.4093443103,13.0875102691317,66.6860312494996,19.1154471915875,0.886803803701555,45.8374302760211,21.3114681707184
Chile,CL,CHL,2010,11649.2897090856,13.0439864407791,69.7176802332624,21.550084613536,1.12684487891656,45.0587564237997,20.2081834494716
Chile,CL,CHL,2011,12252.8441074615,12.9890835346674,72.481642209343,22.6609132637705,1.06364772839178,43.9686886929424,19.4945095729622
Chile,CL,CHL,2012,12882.834417927,12.9175056264304,68.156143533927093,22.1048865678584,1.0893369663697,43.2793842607167,19.9248545225746
Chile,CL,CHL,2013,13182.7329619856,12.8172222345779,65.1432877063737,20.9927906067468,1.05004335009537,48.8635338997746,20.1963012042744
Chile,CL,CHL,2014,13285.9540361192,12.6866298502022,65.6346274347707,20.6564876974145,1.10279124532183,49.2228191586242,20.6752522601778
Chile,CL,CHL,2015,13433.9202987032,12.5346679657613,59.3491105681231,21.1423576597254,0.964231376559417,48.5301801779467,21.6348148833018
Chile,CL,CHL,2016,13505.097711133,12.3693709421819,56.0578603070995,20.8570992758656,0.874926531906745,49.6977727121709,22.1268634762876
Chile,CL,CHL,2017,13473.3458532934,12.1999704242719,56.0261586393213,21.1680432165628,0.810674230976008,50.1323943871787,22.3472564737029
Chile,CL,CHL,2018,13763.0068844795,12.0379506246992,58.1770513035882,22.1740306166793,0.823464977434786,46.8970623780179,22.6179870091523
Chile,CL,CHL,2019,13631.9284885172,11.8726314376462,57.6069157856537,21.7381008463193,0.713229893250757,44.4231788000925,23.3132400765075
Chile,CL,CHL,2020,12680.7761524378,11.7046509561625,58.1687693933374,19.9334371335958,0.668175318887055,49.1837021426039,26.235836275938
Chile,CL,CHL,2021,14056.251601955,11.5339488335548,64.8399924791736,24.1534727045706,0.840795956788103,46.6302690460693,30.7994926592984
Chile,CL,CHL,2022,14275.4094646211,11.3604647231315,75.2334197533759,26.0922721173182,0.868163613696176,41.0570219461866,24.1358255611217
Chile,CL,CHL,2023,14294.7106635595,11.1841382782028,60.6766444736157,22.9270778409941,0.90586320514479,45.5445280980412,24.5587474981752
Chile,CL,CHL,2024,14616.9287938028,11.0049091520804,63.9577465302563,21.8550506046341,0.98821687608684206,47.0061614471761,NA
China,CN,CHN,2000,2237.30047918692,63.5679765337701,39.0109424774998,NA,NA,NA,NA
China,CN,CHN,2001,2405.99411858042,62.3402557373047,38.0826469518334,NA,NA,NA,NA
China,CN,CHN,2002,2610.66275070444,60.9102172851562,42.1944423387413,NA,NA,NA,NA
China,CN,CHN,2003,2856.85053293219,59.4697685241699,51.0774801301803,NA,NA,NA,NA
China,CN,CHN,2004,3127.91444892337,58.2399864196777,58.640334040843904,NA,NA,NA,NA
China,CN,CHN,2005,3465.72767067642,57.0100021362305,61.3600749408237,9.49384352908653,-15.8416948621915,77.6876599636969,NA
China,CN,CHN,2006,3883.27464370816,55.6569900512695,63.5695798621627,9.98232532896274,5.03133992297594,56.7895921897956,NA
China,CN,CHN,2007,4409.69709445986,54.1107559204102,61.2664640006176,16.485030292177,3.14964158077656,37.7370780806937,NA
China,CN,CHN,2008,4811.34486346262,53.0104942321777,56.7111330003209,10.9032714208101,4.83561449933386,56.8633256147911,NA
China,CN,CHN,2009,5237.78809982377,51.6582946777344,44.4197644331119,11.4651971465208,3.708439005455,60.1102098272202,NA
China,CN,CHN,2010,5764.65012366375,50.7659729371959,49.8540722338977,11.0399710818906,4.43867415605105,63.3745507797583,NA
China,CN,CHN,2011,6275.71634288814,48.1699714660645,49.9458272253643,11.0626224007863,4.7209375352172,62.1317488921056,NA
China,CN,CHN,2012,6723.09003744607,46.8996887207031,47.4802130784317,10.9572673113543,4.70879547674531,61.3276392597704,NA
China,CN,CHN,2013,7197.937319496,45.5099983215332,45.9160413795571,10.762086414812,4.11621496859936,57.9789535041869,NA
China,CN,CHN,2014,7686.37369520403,44.2497444152832,44.0684564812532,15.5234236261726,2.83756414747942,38.423746049332,NA
China,CN,CHN,2015,8175.33285077393,42.6702156066895,38.6971848362625,15.7312275700006,2.35971757942166,35.3105074609305,NA
China,CN,CHN,2016,8679.22528805041,41.1600761413574,36.177170692978,15.326073498047,2.27305914647431,34.7463159041114,NA
China,CN,CHN,2017,9221.35045639842,39.7597312927246,36.95085261586,15.595511924101,2.30659274468845,35.9495456293082,NA
China,CN,CHN,2018,9798.57890566402,38.4998016357422,36.8943843914718,16.2403554427458,1.90614917225662,32.6384180929019,NA
China,CN,CHN,2019,10356.2924890582,37.2900848388672,35.4544350281407,15.7907279889576,1.85059846535453,31.9286301031841,NA
China,CN,CHN,2020,10573.3794064211,36.4765769733742,34.337778473884,13.7961540297522,1.83367433279064,34.3934932822414,NA
China,CN,CHN,2021,11469.3174514512,35.278923034668,36.6428789643754,14.6241117527941,1.66715839789604,31.2308199909555,NA
China,CN,CHN,2022,11830.298767861,34.7823638916016,37.512555678171,14.6559605630141,1.61081926788766,29.280483663244,NA
China,CN,CHN,2023,12483.9791101249,34.4698551964477,36.7391496938394,15.0661250338704,1.3582101434115,31.2189676180013,NA
China,CN,CHN,2024,13119.1076099516,34.1053019001675,37.9560601372544,14.9328173497711,1.24655238672903,28.2601351998986,NA
Colombia,CO,COL,2000,4016.80951748167,25.6506429820753,32.6670854693067,15.4943496592403,5.39792394187555,NA,16.9331428734368
Colombia,CO,COL,2001,4020.50789754842,25.2061628322324,33.9011117949445,NA,NA,NA,NA
Colombia,CO,COL,2002,4058.28493578738,24.807555644457,32.9826392144234,NA,NA,NA,NA
Colombia,CO,COL,2003,4154.17528523618,24.4658171429846,36.51618351723,22.8380013523536,3.12103057375518,23.9961096310536,27.622281719396
Colombia,CO,COL,2004,4311.91591255233,24.1919430520504,35.8634269337995,NA,NA,NA,NA
Colombia,CO,COL,2005,4457.27537460443,23.995061098622,37.422697494955,NA,NA,NA,NA
Colombia,CO,COL,2006,4694.03442939175,23.8380808081836,39.6413559606293,NA,NA,NA,NA
Colombia,CO,COL,2007,4947.25260813108,23.6855961224151,37.0988970982903,NA,NA,NA,NA
Colombia,CO,COL,2008,5048.57187245249,23.5403238189953,39.1676494164355,21.9014898626389,5.21060091909082,28.734486989823,24.5684126038182
Colombia,CO,COL,2009,5046.97121757727,23.4035854163208,35.1561285074585,20.949409459023,4.26925718799465,26.9381315099051,24.7300721329255
Colombia,CO,COL,2010,5214.24547620131,23.2767024327881,34.2646031687681,21.5744254310186,4.63035589008967,27.2931720418141,25.4043842590891
Colombia,CO,COL,2011,5517.1011086899,23.160996386794,39.4704235545367,23.4920085360318,3.55024244450256,26.1473323912308,24.2247402762094
Colombia,CO,COL,2012,5675.75617978305,23.057788796735,38.835151018669,26.3354797473995,2.61246082507443,24.4342633844524,25.0329863002189
Colombia,CO,COL,2013,5910.80592301166,22.9684011810078,37.9866487978457,24.4985703542816,2.06796958472249,21.9723771221469,33.2851931387088
Colombia,CO,COL,2014,6121.83982019825,22.8941550580091,37.4874656411103,23.4469943054822,1.89144261804789,24.8854207940469,30.1625917691368
Colombia,CO,COL,2015,6248.51490534512,22.8363719461354,38.3607641184453,24.1024162766989,2.21766054327845,25.9516530837993,26.8156770552217
Colombia,CO,COL,2016,6316.07067782542,22.7963733637834,36.202652984202,24.2234212780588,1.79953758062105,24.255825254109,28.6308350994839
Colombia,CO,COL,2017,6309.67745292518,22.7754808293497,35.2829149424588,22.5842861999584,1.73370084885831,24.4313941396603,27.5049639074473
Colombia,CO,COL,2018,6353.5464285392,22.7195183401916,36.5347527968973,23.4751871722398,1.48268180579717,23.9915421887579,29.9717907219429
Colombia,CO,COL,2019,6439.96359812647,22.5404471481623,37.558533980839,25.575368512731,1.37730083913839,24.8668409966126,31.3047065647576
Colombia,CO,COL,2020,5891.9552321540305,22.3617466462955,34.0555709680101,23.6871303712315,1.06737126418201,23.4321426324322,36.5543934839744
Colombia,CO,COL,2021,6457.16921807086,22.1660429673872,40.0591463936128,24.1312117221098,1.44401781208746,25.6664075118653,35.6635486558905
Colombia,CO,COL,2022,6856.72590505374,21.9535366862665,48.2826551123359,25.4074707206706,1.69393739956459,27.3855430792223,32.3909610062162
Colombia,CO,COL,2023,6837.37392084534,21.724428420456,40.1333165322581,28.3664666231519,1.32523954584196,23.646335714763,33.2804845516298
Colombia,CO,COL,2024,6865.31283944628,21.4789188133885,36.3179938785373,25.8487304639693,1.40615097006751,24.344323100812,NA
Comoros,KM,COM,2000,1150.82871091807,71.9639487807945,35.7574785306267,NA,NA,NA,NA
Comoros,KM,COM,2001,1188.50139049127,72.0097113403395,35.7572288509346,NA,NA,NA,NA
Comoros,KM,COM,2002,1217.11534330128,72.0413732896463,35.7571190335913,NA,NA,NA,NA
Comoros,KM,COM,2003,1216.98069479509,72.0551135390382,35.7569591176854,NA,NA,NA,NA
Comoros,KM,COM,2004,1231.14779946851,72.0403699770876,35.7570631253248,NA,NA,NA,NA
Comoros,KM,COM,2005,1274.61470948066,71.983104791632,35.7574093238258,NA,NA,NA,NA
Comoros,KM,COM,2006,1227.24669435092,71.8856784026969,35.7572745739842,NA,NA,NA,NA
Comoros,KM,COM,2007,1212.6966173611,71.7506678551051,33.1561792127495,NA,NA,NA,NA
Comoros,KM,COM,2008,1235.97280465287,71.5806501936798,36.2185263542809,NA,NA,NA,NA
Comoros,KM,COM,2009,1250.90237145763,71.3782024632437,37.8969223253542,NA,NA,NA,NA
Comoros,KM,COM,2010,1272.60716208007,71.1459017086199,39.5501057977388,NA,NA,NA,NA
Comoros,KM,COM,2011,1299.11093449408,70.8863249746314,40.0009485841888,NA,NA,NA,NA
Comoros,KM,COM,2012,1313.58187559666,70.602049306101,40.8104424055408,NA,NA,NA,NA
Comoros,KM,COM,2013,1343.54683280656,70.2956517478518,39.2433304243612,NA,NA,NA,NA
Comoros,KM,COM,2014,1342.3295858321,69.9697093447068,39.2358265722767,NA,NA,NA,NA
Comoros,KM,COM,2015,1329.37048235986,69.6267991414888,37.8049520714563,NA,NA,NA,NA
Comoros,KM,COM,2016,1345.6261652831,69.2694981830208,37.1328797158337,NA,NA,NA,NA
Comoros,KM,COM,2017,1369.41180275963,68.9003440310707,40.164358921352,NA,NA,NA,NA
Comoros,KM,COM,2018,1391.84570443267,68.5926354804161,42.996153341343,NA,NA,NA,NA
Comoros,KM,COM,2019,1389.36488014859,68.2712415931757,42.2680785350184,NA,NA,NA,NA
Comoros,KM,COM,2020,1359.7070891825,67.9361927805119,33.7299346157491,NA,NA,NA,NA
Comoros,KM,COM,2021,1360.32663361462,67.5875555686754,42.0677236496077,NA,NA,NA,NA
Comoros,KM,COM,2022,1366.9513495529,67.2253964471252,50.3887704882382,NA,NA,NA,NA
Comoros,KM,COM,2023,1383.64201759575,66.8497819053099,44.4398634497089,NA,NA,NA,NA
Comoros,KM,COM,2024,1402.52614298112,66.4607784326699,41.4806352919635,NA,NA,NA,NA
"Congo, Dem. Rep.",CD,COD,2000,339.52682222416,65.0991247382515,27.0144029227569,0.842223970299416,14.4723272089176,14.2218995679703,2.04576770561336
"Congo, Dem. Rep.",CD,COD,2001,322.033920026494,64.5846473179237,25.0419375138391,2.98657415584363,14.6513508613577,11.4004966042301,5.64916739364025
"Congo, Dem. Rep.",CD,COD,2002,321.547848189305,64.062935606816,29.3168456429821,4.88559399675292,14.3697488101806,12.5083171832631,7.48177282526455
"Congo, Dem. Rep.",CD,COD,2003,329.709536541877,63.5345372768631,54.0313561776419,6.10777300404513,12.0233648399971,12.5563939648635,7.69888096756401
"Congo, Dem. Rep.",CD,COD,2004,341.714925752766,63,49.3364146254994,7.43935608651113,15.622953275959,13.4433274046748,10.2629800534639
"Congo, Dem. Rep.",CD,COD,2005,351.708486411683,62.5981261378099,51.0276749145565,8.28774688382165,10.4849109685696,9.42091046247124,12.445233102688
"Congo, Dem. Rep.",CD,COD,2006,358.454382275579,62.1975172871887,44.7667089929736,9.22881302612904,13.4576910909569,12.0397065328691,13.4662162575507
"Congo, Dem. Rep.",CD,COD,2007,377.62283005586,61.798218662702,72.9983031777719,8.3599336401146,15.7029640355095,12.6550495511584,11.6016667841362
"Congo, Dem. Rep.",CD,COD,2008,393.640517898615,61.4002754789156,72.9527093196566,10.0060610234723,17.5907571322648,14.7758152425312,10.7566346367361
"Congo, Dem. Rep.",CD,COD,2009,383.726254541217,61.0037329503951,63.0860045505312,13.9682569361915,14.0363178636069,12.9912445234204,11.3302095855578
"Congo, Dem. Rep.",CD,COD,2010,403.722373878525,60.608636291706,80.9975153909582,12.7329340062447,14.2715523116767,13.8605435011586,7.470501465356
"Congo, Dem. Rep.",CD,COD,2011,389.119308449762,60.2150307174141,83.4133637998303,NA,NA,NA,NA
"Congo, Dem. Rep.",CD,COD,2012,408.966232816288,59.8229614420849,66.7056747465748,12.246028973946,9.49948207854234,24.2341675713907,13.8771262528884
"Congo, Dem. Rep.",CD,COD,2013,464.526715460494,59.4324736802842,72.5557545139014,10.5685554926185,10.5398226951272,25.7996129189068,12.2649104883301
"Congo, Dem. Rep.",CD,COD,2014,481.830241883776,59.0436126465775,74.1131729382021,10.3524509553027,11.121062021367,22.4731609292522,11.4850682689983
"Congo, Dem. Rep.",CD,COD,2015,495.826633014883,58.6564235555306,57.7539236163245,10.1504233424202,10.7480996110799,24.7427724307316,11.8420364912527
"Congo, Dem. Rep.",CD,COD,2016,480.461377880475,58.2709516217089,68.0083342860132,8.9102231569232,8.97767917172443,31.0742569739251,11.8809318137627
"Congo, Dem. Rep.",CD,COD,2017,482.854682128541,57.8872420596783,65.9184525277578,8.079126167184,8.21431719263823,31.071907466221,7.83630173498413
"Congo, Dem. Rep.",CD,COD,2018,495.312105711027,57.5053400840042,72.5591739081336,8.88835973175866,8.32215991759394,25.6157814824844,10.0767940158085
"Congo, Dem. Rep.",CD,COD,2019,482.524295129472,57.1252909092524,60.9143523742792,8.51740396731084,8.4087031920661,24.4454503231082,8.8220637577734
"Congo, Dem. Rep.",CD,COD,2020,470.852950000929,56.7471397499885,61.0284707727916,8.06501607044117,6.79403548459023,29.9917165914455,9.47234288372236
"Congo, Dem. Rep.",CD,COD,2021,485.160805929784,56.3709318207782,75.3870523860732,9.89750726222457,5.5773397333151,26.990160777577,8.64678328581574
"Congo, Dem. Rep.",CD,COD,2022,513.512704372167,55.996712336187,85.8221691879958,13.2352471174197,6.54174433889937,19.5484719488713,12.4487617400964
"Congo, Dem. Rep.",CD,COD,2023,539.45912637913,55.6245265107806,86.7400581798289,NA,NA,NA,NA
"Congo, Dem. Rep.",CD,COD,2024,554.117609962628,55.2544195591247,94.2484870645646,NA,NA,NA,NA
"Congo, Rep.",CG,COG,2000,2057.01922023551,41.1052619744129,123.909884405671,NA,NA,NA,NA
"Congo, Rep.",CG,COG,2001,2056.16505922617,40.5582140869595,130.732481081873,30.5912219889665,6.86974456607964,22.6082817705854,21.5105209197871
"Congo, Rep.",CG,COG,2002,2100.16876714574,40.0283933125489,135.45607107226,30.3482350705497,5.61867704280156,21.0583657587549,26.7993728918238
"Congo, Rep.",CG,COG,2003,2058.88683675038,39.5305416208111,156.861777335368,29.7076483905896,7.05786471067645,16.6911165444173,19.5450880992224
"Congo, Rep.",CG,COG,2004,2058.88402946896,39.0794009813761,131.368198717322,31.2383578521052,4.49837237625292,10.0482134258809,28.6715434638814
"Congo, Rep.",CG,COG,2005,2140.03686200251,38.689713363874,119.552892262402,35.7993182061616,2.67380384057069,7.07643491898595,21.4522262166708
"Congo, Rep.",CG,COG,2006,2226.0233547376,38.3762207379349,125.600762974491,41.717460890325,2.44061531771484,5.1584497472414,17.7624189060981
"Congo, Rep.",CG,COG,2007,2004.10103961966,38.1497436629707,148.586625395069,36.8578332696592,2.73821367345369,6.93410374795633,18.4733774881069
"Congo, Rep.",CG,COG,2008,2061.55829880574,37.9645184324797,133.108486659608,47.2109883354693,1.97538765783198,4.63856316976138,15.3037325843748
"Congo, Rep.",CG,COG,2009,2211.31572382028,37.7827705349735,135.552365681975,28.8748872682932,4.45703295547881,12.7277938210155,13.8794708891962
"Congo, Rep.",CG,COG,2010,2332.28508055953,37.6077128941261,124.064754399607,34.5970818741756,1.99738555847955,5.48091679178278,10.7590345834017
"Congo, Rep.",CG,COG,2011,2307.49384399715,37.4402491869769,124.591742710141,38.7472961925445,3.1844697305837,9.70887398219857,10.1766500054625
"Congo, Rep.",CG,COG,2012,2467.06102906839,37.2812830905655,97.444435145443,32.829085596001804,3.64276493147895,9.8432654125964,11.6546669888328
"Congo, Rep.",CG,COG,2013,2390.65754938662,37.1317182819314,93.0028633915235,34.9102425487905,4.50743031905696,9.81737707963182,10.8769536250591
"Congo, Rep.",CG,COG,2014,2488.68118548992,36.9924584381141,104.197620103417,31.6545368473144,5.30645141661039,12.5846144303636,12.764755103564
"Congo, Rep.",CG,COG,2015,2439.35189403696,36.864407236153,117.320721558581,19.9457149231407,9.54129736806282,22.9517287641338,14.8958714742342
"Congo, Rep.",CG,COG,2016,2174.19310251224,36.7484683530877,122.259818284021,19.4852908143228,9.34873096438907,27.4425314048142,17.1512744009458
"Congo, Rep.",CG,COG,2017,2003.27121075187,36.6455454659577,94.6170952583422,16.3081736484861,9.13317999029428,22.2366946644128,16.0396616415927
"Congo, Rep.",CG,COG,2018,1909.9560382117,36.5565422518025,100.583216779714,23.0310575250024,4.91079958967241,11.209345368502,16.4220244342388
"Congo, Rep.",CG,COG,2019,1885.51080877731,36.4823623876615,91.5757547930374,23.6381461363848,5.08028961362721,11.4590327825313,16.2271081721896
"Congo, Rep.",CG,COG,2020,1725.51040049963,36.4239095505743,69.3066247188397,18.7448714349599,8.0715402912770209,17.4984691072,17.7950013756253
"Congo, Rep.",CG,COG,2021,1701.79060456872,36.3820874175804,85.5462031552188,20.0514136790167,6.63598832490802,13.7971545038268,16.132138958121
"Congo, Rep.",CG,COG,2022,1686.00234391385,36.3577996657193,98.1613366922001,NA,NA,NA,NA
"Congo, Rep.",CG,COG,2023,1677.08549205924,36.3373242384375,96.2103944039618,NA,NA,NA,NA
"Congo, Rep.",CG,COG,2024,1671.7266018229,36.1133888300096,93.1881220839752,NA,NA,NA,NA
Costa Rica,CR,CRI,2000,7726.51985617467,40.9537621024606,86.5249233826171,22.1601212262542,4.84461315909554,39.6209745536451,22.0341230336691
Costa Rica,CR,CRI,2001,7854.23397563819,39.8572399551392,80.8527575070405,22.8622131981319,4.58711784405461,39.8630512643659,22.7586747034617
Costa Rica,CR,CRI,2002,7989.55926106105,38.7212366424054,80.4139436754132,22.919871157488,4.39268566758607,NA,24.5949163468958
Costa Rica,CR,CRI,2003,8207.45747826141,37.5481940696198,83.3277075502937,22.8826704000837,4.53969861972901,NA,23.6218985819599
Costa Rica,CR,CRI,2004,8445.52917577429,36.3403986453995,85.2564775039755,22.3081381519709,5.07413039753491,38.0455921095508,22.5253860124917
Costa Rica,CR,CRI,2005,8655.33967667373,35.1001367783616,89.2226646399546,22.7646961077317,5.07622328841168,37.8155726728739,22.6463628746731
Costa Rica,CR,CRI,2006,9160.29437313379,33.8296948771233,89.814554322106,23.567736891922,4.9528047018898,37.1512697921159,21.601230311401
Costa Rica,CR,CRI,2007,9779.51150221827,32.5313593503017,86.4565956113537,24.112114261736,5.07997987279224,38.3532831049998,21.160807876252
Costa Rica,CR,CRI,2008,10104.9092352005,31.2074166065139,86.4015124904847,24.4079331504365,5.08175189827645,37.4494996292762,21.6689393867558
Costa Rica,CR,CRI,2009,9883.67568633785,29.8601530543772,69.7593172897331,23.4639751541267,4.01517548166066,32.8342240781642,24.7449925700854
Costa Rica,CR,CRI,2010,10285.0856777667,28.4918551025085,67.5120894036891,22.8675831896243,4.12335139790043,33.0421734922922,25.6136283242529
Costa Rica,CR,CRI,2011,10612.4694960426,27.1573413320086,68.6391459050112,23.2976635604881,4.95646267055104,33.572893655398,25.3785206572683
Costa Rica,CR,CRI,2012,11001.5193084396,26.6104979331783,67.0485391393947,23.3615138048133,4.87051798659225,32.8455790237151,25.9446831282744
Costa Rica,CR,CRI,2013,11151.1437937744,26.0568223807137,64.0664108162845,23.5886935334401,5.06985742398358,32.6529186413442,26.5177396184809
Costa Rica,CR,CRI,2014,11422.6735972442,25.5133036818788,65.1912422181011,23.0707492545813,5.21498306224433,32.1297378397048,26.735858128983
Costa Rica,CR,CRI,2015,11714.7106121672,24.9801804232451,60.7535621474841,23.4572080301226,5.1594489073277,30.6743512069211,28.5548940371974
Costa Rica,CR,CRI,2016,12084.4351419988,24.4576911914953,62.178478293067,24.007993469082,5.55766728727354,29.6877843388063,27.1467334272953
Costa Rica,CR,CRI,2017,12468.5654849336,23.9460745734392,65.0719536997344,23.3185966603477,5.74453710616204,30.3847886896201,25.396728373515302
Costa Rica,CR,CRI,2018,12708.8042828359,23.4455691560332,66.7874137887726,24.2594135931064,5.1259142391199,26.9144731829747,28.8510027145181
Costa Rica,CR,CRI,2019,12944.013449341,22.9564135264037,65.4194732486775,27.3926092983665,4.38525227827531,23.8592047682337,29.3043498521222
Costa Rica,CR,CRI,2020,12322.2359458534,22.4788462718743,59.7463550719484,27.0064411263639,3.62020287832476,23.3632664869647,31.6809688040089
Costa Rica,CR,CRI,2021,13267.2549508035,22.0131059799991,70.103693305909,27.9359762139141,3.88883602647129,25.4444263386443,30.5293589380956
Costa Rica,CR,CRI,2022,13931.8461614764,21.5594312386028,79.0523903153884,28.1762328387187,4.07695737471071,23.89447647364,28.0496329893099
Costa Rica,CR,CRI,2023,14531.5005137466,21.1180606358298,71.4380310340536,28.9988586100631,3.71195489133517,23.865651476716,28.5737298467752
Costa Rica,CR,CRI,2024,15052.9149924743,20.6892327602033,69.8533786394509,27.4192113879727,3.96111817324054,25.6316266828583,NA
Cote d'Ivoire,CI,CIV,2000,1717.95385651231,56.9159934988087,54.9639916295152,NA,NA,NA,NA
Cote d'Ivoire,CI,CIV,2001,1636.57318705218,56.5329850964988,53.1141047180447,9.92642498401906,43.7249784404964,23.4071216108092,8.2941205356375
Cote d'Ivoire,CI,CIV,2002,1551.27925902838,56.140967852272,55.9019482275388,10.5019537439781,47.0557251385776,22.0580688456024,9.08261519702029
Cote d'Ivoire,CI,CIV,2003,1441.58801755037,55.7406255849469,53.260060681877,10.086143913204,49.8452491488703,19.661095636026,10.3190259166705
Cote d'Ivoire,CI,CIV,2004,1451.86547141894,55.332642113342,58.1182963035946,10.6855766003406,49.568073106304,18.2694367102163,10.1072584827044
Cote d'Ivoire,CI,CIV,2005,1431.73320203111,54.917701256276,62.8209360402806,10.688304051082,43.9621860336738,19.4866133038918,10.5281294074699
Cote d'Ivoire,CI,CIV,2006,1437.77453798586,54.4964868325674,63.690377061452,11.1938088191543,47.1631158187929,18.4126303949007,9.75267521167762
Cote d'Ivoire,CI,CIV,2007,1420.1738958245,54.069682661035,61.4309423484426,12.2029275251303,42.8297055057618,15.7606797811663,10.6613980449347
Cote d'Ivoire,CI,CIV,2008,1454.62731800082,53.6379725604971,61.9406212969499,12.018043493011,37.9768248329527,17.3370946957824,11.0198789267792
Cote d'Ivoire,CI,CIV,2009,1473.9183699329,53.2020403497726,66.6729037469185,11.5870709726701,34.6229252895672,22.9071206425867,10.4786765320953
Cote d'Ivoire,CI,CIV,2010,1540.52927270246,52.7625698476799,67.472940081257,11.260655664762,42.3748189924548,21.1865520920662,10.6252444022858
Cote d'Ivoire,CI,CIV,2011,1426.46463864534,52.3202448730377,64.7159030611345,8.66048493851633,40.9560774166569,21.5329778753545,9.60983909951552
Cote d'Ivoire,CI,CIV,2012,1503.43433046682,51.8757492446646,70.3010893191249,12.111023471161,39.1846632070888,23.6423163407011,11.3215604705724
Cote d'Ivoire,CI,CIV,2013,1632.32712787006,51.4297667813792,58.3526792527234,11.7130027509214,39.8346267139162,20.8158764335591,9.93060164103365
Cote d'Ivoire,CI,CIV,2014,1742.53693001178,50.9826855442632,53.6804175610344,10.6443386512511,41.1605306957635,21.0135970684793,9.21632749724051
Cote d'Ivoire,CI,CIV,2015,1814.71855088017,50.5305105310447,52.7153604615931,12.1641165457389,25.8528778033818,33.7249145501614,13.4545912156732
Cote d'Ivoire,CI,CIV,2016,1889.27777949938,50.070008965968,47.5655783613535,11.7312326383944,26.8620312386269,36.4678947685328,13.4001933039204
Cote d'Ivoire,CI,CIV,2017,1972.81431788947,49.6022690345656,48.6625074729482,11.9545089218456,27.8027812262649,36.464960953038,14.9472059883342
Cote d'Ivoire,CI,CIV,2018,2013.32307598499,49.1281522243605,46.0375087102874,11.9666616003208,24.6015550325938,37.1849652172223,14.7370417836244
Cote d'Ivoire,CI,CIV,2019,2093.09994335779,48.6485200228759,44.6604105830795,11.9628624765096,25.1329789868108,37.3055257475489,13.6271086543806
Cote d'Ivoire,CI,CIV,2020,2055.08483996432,48.1642339176349,41.9426318190526,12.1120100537383,22.8003629983399,40.9612457251102,16.0320683194889
Cote d'Ivoire,CI,CIV,2021,2146.46047529012,47.6816538043941,45.1140327762435,12.6643284318456,23.9182226886952,40.695262581388,16.3773571246349
Cote d'Ivoire,CI,CIV,2022,2227.08197820584,47.1507450323327,52.8663910413483,12.0455846447337,23.0307792498654,37.7236653460083,18.4136127955891
Cote d'Ivoire,CI,CIV,2023,2315.36434710324,46.5924798361296,48.8170039103332,13.3681230477413,25.5087371624034,35.5681018601577,17.8812303499603
Cote d'Ivoire,CI,CIV,2024,2395.65916961845,46.0266886059858,51.2649845400983,NA,NA,NA,NA
Croatia,HR,HRV,2000,8880.47789126428,44.3181680748769,74.6004590027123,40.1151679532652,5.23967088291587,42.7020783057335,47.2221990402671
Croatia,HR,HRV,2001,9515.92714476421,44.3086170943441,79.437800900761,39.8206243205467,4.1609758000039,42.8849671418264,43.7121447429725
Croatia,HR,HRV,2002,10062.0602516769,44.3254531407446,81.1605470544581,38.3104215994628,2.51057588532106,46.7531893696901,41.755663144503004
Croatia,HR,HRV,2003,10619.3351874985,44.3613039797887,81.4423725005617,38.661616972109,1.99524315529064,45.7037141576317,40.4233398594216
Croatia,HR,HRV,2004,11059.1274155158,44.4109121265635,81.6460024380816,37.2648886510273,1.68452043755436,45.9926834911795,40.0844408765201
Croatia,HR,HRV,2005,11522.944604729,44.4692782524556,81.4930488377878,36.9495038832536,1.551654237136,46.0437140484864,38.1827478510821
Croatia,HR,HRV,2006,12104.2947219361,44.5314030288517,83.5173461635857,35.7931121802988,1.49153501666112,47.8591056053542,36.2524689794885
Croatia,HR,HRV,2007,12718.2002498979,44.5922871271387,83.2601359160464,37.2992464518515,1.35012766168414,44.9527403881907,36.689473440895
Croatia,HR,HRV,2008,12970.5143712302,44.6469312187031,82.0792610890345,37.5282998603802,1.44401389707692,44.5468396742086,37.9639136505209
Croatia,HR,HRV,2009,12099.7045228367,44.6903359749318,69.7025315039058,35.4379210779596,1.44283314174551,44.777566539924,40.1045280569421
Croatia,HR,HRV,2010,11965.1414956676,44.7175020672114,72.6475745178258,34.6945106325586,1.41410633528139,47.2360083451037,41.1493503574158
Croatia,HR,HRV,2011,11993.1337166457,44.7226206718752,77.7839261603843,34.4797361606056,1.50495583401808,46.1743079806902,42.0272693065362
Croatia,HR,HRV,2012,11780.5853491253,44.6957111375127,79.0091759505258,34.7208144493313,1.49721575637547,48.6560719659461,40.2306266883972
Croatia,HR,HRV,2013,11838.4554388595,44.6340520312567,80.919621854334,35.2263548000533,0.858098615949653,49.6503209711661,40.2807243353602
Croatia,HR,HRV,2014,11862.7815706266,44.5408165073156,85.2166354640278,36.534946955514,1.89110873875248e-4,48.5729205429312,42.1320317375412
Croatia,HR,HRV,2015,12283.8750299177,44.4187405490996,90.6517861027716,37.8001131270939,9.20852709609098e-5,48.5243795754869,41.5389635817778
Croatia,HR,HRV,2016,12848.473748279,44.2705601400192,92.1393432283564,38.608880292646,2.01473479011364e-4,47.911618485464,40.0887188327797
Croatia,HR,HRV,2017,13485.3711360576,44.0990112634845,97.2452344566878,38.6668543392584,4.68023588388855e-5,48.2764355323508,39.0487010375613
Croatia,HR,HRV,2018,14061.0597402919,43.906829902906,99.0845893099948,37.8777026638834,NA,50.1979816569423,38.2934676446368
Croatia,HR,HRV,2019,14641.8735578488,43.696752041694,101.395111645358,39.0769679087896,NA,49.0219569716065,38.4684733908862
Croatia,HR,HRV,2020,13545.7402289427,43.4715136632589,89.5475327132272,39.2064086394451,3.06611242077115e-4,46.3020221262736,44.8967365599874
Croatia,HR,HRV,2021,15395.2861605128,43.2316497439829,102.327614281062,38.9642287849442,NA,47.4025707234889,40.6609190477007
Croatia,HR,HRV,2022,16618.3333786183,43.0022428266395,125.410793782261,38.2574357002352,NA,47.1295859589438,37.8385813379084
Croatia,HR,HRV,2023,17225.4504515697,42.7568439327802,107.277801631602,35.0804422498927,NA,47.1455811198445,38.1252645669689
Croatia,HR,HRV,2024,17854.3262648378,42.4841018288557,104.912403236133,NA,NA,NA,NA
Cuba,CU,CUB,2000,4112.26168350671,24.364616394043,31.0759878817225,NA,NA,NA,NA
Cuba,CU,CUB,2001,4229.90309433356,24.112434387207,29.3610963815873,NA,NA,NA,NA
Cuba,CU,CUB,2002,4277.39565642359,24.1485108887503,24.7293133475239,NA,NA,NA,NA
Cuba,CU,CUB,2003,4426.96599591833,24.1363361264887,26.5871335777077,NA,NA,NA,NA
Cuba,CU,CUB,2004,4670.18802138025,24.082318340774,31.3114153338743,NA,NA,NA,NA
Cuba,CU,CUB,2005,5182.35283601732,23.9966680454507,39.3613744331974,NA,NA,NA,NA
Cuba,CU,CUB,2006,5799.41163668615,23.8878468927597,37.1880142882062,NA,NA,NA,NA
Cuba,CU,CUB,2007,6215.76603727772,23.7643165349415,37.9676096642032,NA,NA,NA,NA
Cuba,CU,CUB,2008,6469.08507847668,23.634538624237,44.917220748508,NA,NA,NA,NA
Cuba,CU,CUB,2009,6561.2530509300605,23.5069748128867,32.9139819587629,NA,NA,NA,NA
Cuba,CU,CUB,2010,6716.49048497058,23.3900867531315,40.2919413008332,NA,NA,NA,NA
Cuba,CU,CUB,2011,6902.16397571139,23.292336097212,46.9604290476881,NA,NA,NA,NA
Cuba,CU,CUB,2012,7109.24834185635,23.2223079933156,45.8662036340766,NA,NA,NA,NA
Cuba,CU,CUB,2013,7307.82004410741,23.18359375,44.3238969253902,NA,NA,NA,NA
Cuba,CU,CUB,2014,7392.48324633027,23.1557540893555,39.2741528539069,NA,NA,NA,NA
Cuba,CU,CUB,2015,7727.91997207998,23.1297149658203,31.6138124793419,NA,NA,NA,NA
Cuba,CU,CUB,2016,7774.0698462623,23.0884170532227,27.2691132420785,NA,NA,NA,NA
Cuba,CU,CUB,2017,7927.27769431767,23.0396728515625,26.2224363787618,NA,NA,NA,NA
Cuba,CU,CUB,2018,8120.43123558256,22.9843673706055,27.0835484486147,NA,NA,NA,NA
Cuba,CU,CUB,2019,8124.75282059108,22.9271774291992,22.8208911354416,NA,NA,NA,NA
Cuba,CU,CUB,2020,7252.28811179844,22.8919677734375,15.6829868097474,NA,NA,NA,NA
Cuba,CU,CUB,2021,7379.04275283674,22.9012298583984,80.0237703083904,NA,NA,NA,NA
Cuba,CU,CUB,2022,7552.33152218842,22.8943939208984,93.8607755890525,NA,NA,NA,NA
Cuba,CU,CUB,2023,7433.42885399674,22.8740127703679,120.533878427187,NA,NA,NA,NA
Cuba,CU,CUB,2024,7381.39774048869,22.8335070771725,124.863238865053,NA,NA,NA,NA
Curacao,CW,CUW,2000,21523.6458973702,9.13078543370951,NA,NA,NA,NA,NA
Curacao,CW,CUW,2001,22171.0655460422,8.939852941845,NA,NA,NA,NA,NA
Curacao,CW,CUW,2002,22231.8793091625,8.90296834821871,NA,NA,NA,NA,NA
Curacao,CW,CUW,2003,21840.8913168396,8.8721732600326,NA,NA,NA,NA,NA
Curacao,CW,CUW,2004,21512.1116035171,8.8465946939892,NA,NA,NA,NA,NA
Curacao,CW,CUW,2005,21112.3219220136,8.8253076395427,134.911459782692,NA,NA,NA,NA
Curacao,CW,CUW,2006,20913.6630394407,8.8073870861473,144.555511068893,NA,NA,NA,NA
Curacao,CW,CUW,2007,21011.1570622011,8.79190802325721,146.049122473292,NA,NA,NA,NA
Curacao,CW,CUW,2008,21202.4305115575,8.7779454403265,166.739541731544,NA,NA,NA,NA
Curacao,CW,CUW,2009,20952.8998451864,8.76457432680949,144.702341659916,NA,NA,NA,NA
Curacao,CW,CUW,2010,20706.4374577658,8.75086967216031,143.932211823816,NA,NA,NA,NA
Curacao,CW,CUW,2011,20518.0986087103,8.7360583815896,172.9234179922,NA,NA,NA,NA
Curacao,CW,CUW,2012,20277.5111916571,8.7208699387689,183.23646073841,NA,NA,NA,NA
Curacao,CW,CUW,2013,19921.4770634064,8.7061214131203,166.406149086576,NA,NA,NA,NA
Curacao,CW,CUW,2014,19529.5286704975,8.6917969189052,164.35981815222,NA,NA,NA,NA
Curacao,CW,CUW,2015,19361.8130008678,8.6779528350245,148.313815925541,NA,NA,NA,NA
Curacao,CW,CUW,2016,18953.0537415003,8.6646455403795,139.052979137029,NA,NA,NA,NA
Curacao,CW,CUW,2017,18651.4798142441,8.6519314138713,139.812449543914,NA,NA,NA,NA
Curacao,CW,CUW,2018,18355.1767135889,8.63986683440091,155.268858771687,NA,NA,NA,NA
Curacao,CW,CUW,2019,17980.5298177114,8.6285081808695,NA,NA,NA,NA,NA
Curacao,CW,CUW,2020,14849.9698474917,8.61791183217819,NA,NA,NA,NA,NA
Curacao,CW,CUW,2021,15625.4113227953,8.608134167228,NA,NA,NA,NA,NA
Curacao,CW,CUW,2022,16772.8146989153,8.5992315649201,NA,NA,NA,NA,NA
Curacao,CW,CUW,2023,17326.9645481336,8.5919070707765,NA,NA,NA,NA,NA
Curacao,CW,CUW,2024,18044.7750692923,8.5678187558235,NA,NA,NA,NA,NA
Cyprus,CY,CYP,2000,22383.955078125,31.2273033200621,137.494903248556,32.8863167702754,3.42680021812129,29.3660132594782,33.3195406430062
Cyprus,CY,CYP,2001,23019.240234375,31.1975931922456,131.849067868114,33.696558249254,3.39736424839489,29.9056432117699,33.9330499112149
Cyprus,CY,CYP,2002,23604.177734375,31.2136410629284,123.64133212338,33.4915153087832,3.24802654733772,30.5872592890543,35.4684391849214
Cyprus,CY,CYP,2003,23930.7734375,31.2879026792627,114.004632981485,35.440221989504,2.48879711800369,33.755821105351004,38.9387800604299
Cyprus,CY,CYP,2004,24799.63671875,31.4091858562684,113.903613489207,35.6996432200736,0.875331028766652,36.3434208664362,37.4612788377622
Cyprus,CY,CYP,2005,25631.35546875,31.5659325788019,111.917065271958,37.8193489043237,0.026758477977772602,35.3229748291917,38.5371858780148
Cyprus,CY,CYP,2006,26395.490234375,31.7465848317199,109.806498040343,38.3450167759448,0.0244490807145651,35.0942104576868,38.0300166381323
Cyprus,CY,CYP,2007,27156.806640625,31.9395845998788,111.275122844623,41.6188125415726,0.00411629917262387,33.6809319301327,37.3479175346651
Cyprus,CY,CYP,2008,27449.212890625,32.1333738681351,112.925930874708,39.8989139137507,0.0145030720143449,35.0565619808559,37.9683043356125
Cyprus,CY,CYP,2009,26183.673828125,32.3163946213452,102.7910918992,37.6563864508547,0.00995378599360114,32.9840028439389,40.8306069823963
Cyprus,CY,CYP,2010,26090.037109375,32.4770888443658,108.901699269523,37.8426182615221,0.0162941639736035,32.6059799581783,40.6065897416938
Cyprus,CY,CYP,2011,25538.76953125,32.6020107241456,110.617131287039,37.4250758230556,0.0255654677807828,31.7832586552564,41.8706223100365
Cyprus,CY,CYP,2012,24285.484375,32.6989710851262,112.344273297273,37.7961497733924,0.0189997964307525,32.7868629978964,52.6432632319096
Cyprus,CY,CYP,2013,22711.708984375,32.7897666374625,120.926200639389,38.8917152697626,0.0342065505544312,31.5056583335709,44.9137727181064
Cyprus,CY,CYP,2014,22373.56640625,32.8769441180196,130.84436307939,41.5236713526249,0.00137750533783318,32.5752462290791,50.8825846479159
Cyprus,CY,CYP,2015,23088.4296875,32.9597522081927,137.276426477193,40.4248670862314,0.0537641820262204,32.6265870772963,41.7266838953056
Cyprus,CY,CYP,2016,24477.974609375,33.0374395893769,139.022098457248,38.3242374913063,-0.0177573795571583,34.3605294431013,38.1375311510325
Cyprus,CY,CYP,2017,25665.990234375,33.1092549429674,148.013355558135,38.4124173745333,0.0606543083513401,33.5317234668992,36.8458898245716
Cyprus,CY,CYP,2018,26962.392578125,33.1744469503595,147.623567410054,38.3179535865917,0.052616809316683,33.8600743650905,40.3410835750321
Cyprus,CY,CYP,2019,28167.146484375,33.2322642929482,150.50616312951001,39.3207855012135,0.160685014235182,32.1121991200069,38.505858012453
Cyprus,CY,CYP,2020,26895.671875,33.2819556521287,160.66871645997,38.373285560444,NA,29.912013301926,43.6947268030349
Cyprus,CY,CYP,2021,29517.05859375,33.3281634605029,176.82773681987,38.3938605337321,NA,30.0192127691019,40.6785279078526
Cyprus,CY,CYP,2022,31505.2109375,33.3305170592416,205.753530252705,38.2305530784052,NA,31.0531675578397,36.2005584745208
Cyprus,CY,CYP,2023,32022.01953125,33.3260522477361,190.740957956519,39.9569594214153,NA,29.6539176926842,38.4593865037483
Cyprus,CY,CYP,2024,32757.541015625,33.3175740807517,190.40287092076,39.9002949913761,NA,29.0633057235793,NA
Czechia,CZ,CZE,2000,12543.9364342367,25.9961743543231,97.4983956327874,33.6248697753886,1.67769513465939,28.9432078193548,33.4006750843855
Czechia,CZ,CZE,2001,12958.4667607533,26.0868247495998,98.5368737300189,34.2567104007063,1.12769866272703,27.9774954970756,36.5068873202154
Czechia,CZ,CZE,2002,13179.9878092741,26.1639932421247,90.8792715456582,34.7740736988374,1.0199063368665,27.430297017714,36.8246818410733
Czechia,CZ,CZE,2003,13618.9349633164,26.2350849798647,94.6468600665608,38.5577141300093,0.948938671376167,25.0897885569752,38.1534005577445
Czechia,CZ,CZE,2004,14259.63342798,26.3008352832983,113.173975970415,36.0241364580409,0.345154214157182,29.0316595543711,34.539184662623
Czechia,CZ,CZE,2005,15147.7214417611,26.3624454576802,121.191287316105,35.6938269292348,NA,29.3712853960113,33.4491817376531
Czechia,CZ,CZE,2006,16107.3042502688,26.421116808265,127.051015055016,35.574712513441,NA,28.2900978962978,32.6086353042219
Czechia,CZ,CZE,2007,16892.542854974,26.4780506403075,129.876739504889,36.2301636999566,NA,28.5932843923268,32.3810509125975
Czechia,CZ,CZE,2008,17190.6470333289,26.5344482590623,123.904809929948,35.1258085320753,NA,28.8593571907563,32.1223391133862
Czechia,CZ,CZE,2009,16272.8084766719,26.5915109697841,113.049254784875,34.3231094625403,NA,30.5015100006542,35.1186476762797
Czechia,CZ,CZE,2010,16665.9317825137,26.6504400777277,126.756480116798,34.2808691995342,NA,30.8843147593701,34.639613861013
Czechia,CZ,CZE,2011,16926.2846674435,26.7121661605254,136.750855542438,35.4300420842638,NA,32.0542601888651,34.6520142942431
Czechia,CZ,CZE,2012,16772.3539223328,26.7750760407102,145.480195396935,35.9762295229248,NA,33.0235342364271,36.3468844348247
Czechia,CZ,CZE,2013,16759.7808635642,26.8377813065021,145.502230624961,36.3583113596966,NA,33.535101291134,34.5157400640104
Czechia,CZ,CZE,2014,17118.0425571578,26.9004078958531,156.415122826886,35.4284647912707,NA,32.1630257260082,34.2174755498584
Czechia,CZ,CZE,2015,17931.5987670768,26.9629557125645,154.018400997633,35.6940831456467,NA,32.4804525965659,33.0693000771957
Czechia,CZ,CZE,2016,18359.0978103904,27.0254246604377,148.547004664435,36.3608113102748,NA,32.5886215578891,32.5225943262792
Czechia,CZ,CZE,2017,19257.6930680911,27.0878146432744,147.750834854762,36.223892446611,NA,32.6151579640032,31.386098316698
Czechia,CZ,CZE,2018,19736.6295261285,27.1501255648759,145.141717890789,36.885057141704,NA,31.263216509753,31.8283646893324
Czechia,CZ,CZE,2019,20360.0599221814,27.2123573290437,138.154609993871,36.6049236279496,NA,31.1530196072001,32.0399044366584
Czechia,CZ,CZE,2020,19233.1469549829,27.2745098395792,128.780430305965,36.4584773857569,NA,29.8473202170651,37.6424553361707
Czechia,CZ,CZE,2021,20373.8783043424,27.3189405625684,137.378116302868,36.0647013081516,NA,30.1145332947673,36.8457557403545
Czechia,CZ,CZE,2022,20627.348651011,27.3032361620476,144.011494109397,35.7542661767476,NA,29.4442772331159,34.4426537105922
Czechia,CZ,CZE,2023,20272.5874017334,27.2647611603183,131.892598295876,35.7340115187956,NA,28.5428595614517,NA
Czechia,CZ,CZE,2024,20449.1135911311,27.2052015407815,131.466608125579,36.5370100710361,NA,27.9470680629837,NA
Denmark,DK,DNK,2000,49266.9882757886,14.9000015258789,83.0420859548864,37.8538909899208,NA,40.3587309935928,36.3295874040288
Denmark,DK,DNK,2001,49557.1509962227,14.811692117913,83.922664599029,36.8255222237882,NA,41.3617942487157,35.7847698939083
Denmark,DK,DNK,2002,49624.5965359582,14.6999969482422,84.4845925538271,36.2911456075943,NA,42.5121329371664,36.0953935308146
Denmark,DK,DNK,2003,49708.0909084109,14.5800018310547,80.7613001763544,36.2178350158913,NA,42.018590156888,35.767975389886
Denmark,DK,DNK,2004,50956.3045398814,14.2869723088407,82.0077308240144,37.8539938235166,NA,40.6956071338578,35.8307759102234
Denmark,DK,DNK,2005,52015.1841169021,13.9940293167135,89.3987952460671,39.3222080553541,NA,39.8503648117405,33.8090842292666
Denmark,DK,DNK,2006,53823.1590295482,13.7498711850182,97.4298607727841,38.0985324443546,NA,40.9064997850641,32.5510758502503
Denmark,DK,DNK,2007,54113.9771471341,13.5748535633651,100.047674594039,40.5770178188443,NA,39.2308388329969,34.9730643021222
Denmark,DK,DNK,2008,53572.5346568185,13.416862487793,104.470310168489,39.3530306938842,NA,37.6682861074448,35.5704583622838
Denmark,DK,DNK,2009,50635.9118061988,13.2382346860071,89.3948566562728,38.5493966847956,NA,38.211971088443,40.7304528981614
Denmark,DK,DNK,2010,51209.4492757775,13.1347579956055,94.3877282319057,39.0501760317115,NA,37.202357830265,41.321624841298
Denmark,DK,DNK,2011,51667.5313210425,12.8432346044154,102.012930474308,39.7283549528451,NA,36.7945685608892,41.3553765306718
Denmark,DK,DNK,2012,51470.689845427,12.7663803100586,104.362280505171,39.9316830870602,0.0252684942887911,36.7832545291461,42.5735551510871
Denmark,DK,DNK,2013,51970.3909324806,12.4563475239568,103.612813249189,39.7295306701476,0.0257481595917746,36.2580901887808,40.3069360551146
Denmark,DK,DNK,2014,52368.3625969272,12.3176014268093,103.210859225139,41.8748795594501,0.0330426225712466,33.9471945125128,39.8534795726126
Denmark,DK,DNK,2015,53094.0133607574,12.2745943422671,105.130362453899,38.90354146663,0.0402622363013438,36.5544388482468,39.4680654843822
Denmark,DK,DNK,2016,54300.2039621991,12.3000030517578,101.452783808643,38.0360359648306,0.0449123333771197,37.5821151332045,37.3753237986279
Denmark,DK,DNK,2017,55601.0145717787,11.9838056200491,104.215676920442,38.0879168879288,0.0434068892248992,36.6652717307238,36.281185472149
Denmark,DK,DNK,2018,56355.0733084714,11.8940237689311,108.813985501909,37.4293825413279,0.0410839493941011,37.9632364149074,36.1767651513151
Denmark,DK,DNK,2019,57114.6227336347,11.7903509189331,111.891475065653,39.7772359663564,0.0397239837917416,34.478671822054,35.294411019505
Denmark,DK,DNK,2020,55934.5555945523,11.7605514526368,104.433432671151,39.2120703827283,0.0417623492143527,35.5711083464412,38.7585745073268
Denmark,DK,DNK,2021,59312.815804377104,11.7383550681851,112.321472697291,40.5563394227763,0.0415254720142461,32.5633094449203,36.417787972112
Denmark,DK,DNK,2022,59108.7449374068,11.6119760162297,131.995824909071,35.8696678745175,0.0415531422348304,34.4218549834723,32.1649694515103
Denmark,DK,DNK,2023,59026.9843650999,11.447361457133,129.625337431278,37.2844380973472,0.043002932280483,32.4361401645463,33.3385713177252
Denmark,DK,DNK,2024,60772.8624276041,11.3039447311595,131.765030975207,38.2868050493917,0.0430123647162969,31.4334718295782,NA
Djibouti,DJ,DJI,2000,NA,26.6513638350292,NA,NA,NA,NA,NA
Djibouti,DJ,DJI,2001,NA,27.1064672747505,NA,NA,NA,NA,NA
Djibouti,DJ,DJI,2002,NA,27.5496642358293,NA,NA,NA,NA,NA
Djibouti,DJ,DJI,2003,NA,27.9695585931003,NA,NA,NA,NA,NA
Djibouti,DJ,DJI,2004,NA,28.3547542213988,NA,NA,NA,NA,NA
Djibouti,DJ,DJI,2005,NA,28.6938549955596,NA,NA,NA,NA,NA
Djibouti,DJ,DJI,2006,NA,28.9754647904177,NA,NA,NA,NA,NA
Djibouti,DJ,DJI,2007,NA,29.1881874808082,NA,NA,NA,NA,NA
Djibouti,DJ,DJI,2008,NA,29.3206269415659,NA,NA,NA,NA,NA
Djibouti,DJ,DJI,2009,NA,29.3616748445516,NA,NA,NA,NA,NA
Djibouti,DJ,DJI,2010,NA,29.3513445217097,NA,NA,NA,NA,NA
Djibouti,DJ,DJI,2011,NA,29.3223467541324,NA,NA,NA,NA,NA
Djibouti,DJ,DJI,2012,NA,29.2733688664623,NA,NA,NA,NA,NA
Djibouti,DJ,DJI,2013,2140.13769442336,29.2030668712516,347.720317058403,NA,NA,NA,NA
Djibouti,DJ,DJI,2014,2253.14082249768,29.1100967810522,298.564535821251,NA,NA,NA,NA
Djibouti,DJ,DJI,2015,2376.12554719873,28.9931146084163,268.363456254629,NA,NA,NA,NA
Djibouti,DJ,DJI,2016,2502.85181449431,28.8507763658959,213.071998607921,NA,NA,NA,NA
Djibouti,DJ,DJI,2017,2596.45134698268,28.681738066043,305.967966403468,NA,NA,NA,NA
Djibouti,DJ,DJI,2018,2677.1650334451,28.4846557214098,300.398900523844,NA,NA,NA,NA
Djibouti,DJ,DJI,2019,2781.94350113484,28.2581853445482,320.93923036418,NA,NA,NA,NA
Djibouti,DJ,DJI,2020,2773.40661780097,28.0009829480105,225.744871323723,NA,NA,NA,NA
Djibouti,DJ,DJI,2021,2854.15987035097,27.7117045443485,263.477728733891,NA,NA,NA,NA
Djibouti,DJ,DJI,2022,2959.78673011268,27.3890061461144,302.285409231545,NA,NA,NA,NA
Djibouti,DJ,DJI,2023,3117.8155381531,27.1591754011079,285.902043800644,NA,NA,NA,NA
Djibouti,DJ,DJI,2024,3290.42482052598,27.0947364947022,241.237463098287,NA,NA,NA,NA
Dominica,DM,DMA,2000,6879.59737273918,34.7647255683359,NA,NA,NA,NA,NA
Dominica,DM,DMA,2001,6897.65674086518,34.6413932054772,NA,NA,NA,NA,NA
Dominica,DM,DMA,2002,6676.97271467957,34.4790749604208,NA,NA,NA,NA,NA
Dominica,DM,DMA,2003,7047.66189595946,34.2755836855941,NA,NA,NA,NA,NA
Dominica,DM,DMA,2004,7323.8530008275,34.0346906150568,NA,NA,NA,NA,NA
Dominica,DM,DMA,2005,7381.74728529453,33.7599275082177,NA,NA,NA,NA,NA
Dominica,DM,DMA,2006,7698.53701483824,33.4548261244855,NA,NA,NA,NA,NA
Dominica,DM,DMA,2007,8106.18951878325,33.122918223269,NA,NA,NA,NA,NA
Dominica,DM,DMA,2008,8682.57378179773,32.767735563977,NA,NA,NA,NA,NA
Dominica,DM,DMA,2009,8582.71481435718,32.3928099060183,NA,NA,NA,NA,NA
Dominica,DM,DMA,2010,8574.27308682238,32.0016730088016,NA,NA,NA,NA,NA
Dominica,DM,DMA,2011,8553.8384670104,31.6021834397273,NA,NA,NA,NA,NA
Dominica,DM,DMA,2012,8532.34388117289,31.245390662906,NA,NA,NA,NA,NA
Dominica,DM,DMA,2013,8459.6586988024,30.880295802278,NA,NA,NA,NA,NA
Dominica,DM,DMA,2014,8576.26367623609,30.5092152889748,NA,NA,NA,NA,NA
Dominica,DM,DMA,2015,8282.59874702141,30.1320846536472,NA,NA,NA,NA,NA
Dominica,DM,DMA,2016,8499.52291903149,29.7488394269459,NA,NA,NA,NA,NA
Dominica,DM,DMA,2017,7985.6341102129,29.3594151395213,NA,NA,NA,NA,NA
Dominica,DM,DMA,2018,8261.16492553236,28.9637473220238,NA,NA,NA,NA,NA
Dominica,DM,DMA,2019,8624.51695993537,28.5617715051036,NA,NA,NA,NA,NA
Dominica,DM,DMA,2020,7302.94454951254,28.153423219411,NA,NA,NA,NA,NA
Dominica,DM,DMA,2021,7738.31730070386,27.7386379955958,NA,NA,NA,NA,NA
Dominica,DM,DMA,2022,8590.92209069816,27.317351364308,NA,NA,NA,NA,NA
Dominica,DM,DMA,2023,8946.98822588042,26.8894988561973,NA,NA,NA,NA,NA
Dominica,DM,DMA,2024,9172.71049624795,26.4550160019134,NA,NA,NA,NA,NA
Dominican Republic,DO,DOM,2000,4123.10573163115,38.6871450784081,79.3003930961432,13.8025401183318,42.425538213575,25.6526085152962,10.9875855185638
Dominican Republic,DO,DOM,2001,4158.98430282429,37.7020549706531,70.5105678080061,14.7659107316083,30.7860089393121,35.346658471066,12.1697108843683
Dominican Republic,DO,DOM,2002,4280.80182397408,36.7085977475123,68.7232829028777,14.5818964369689,31.6343110148669,35.6134796794251,12.4100701063605
Dominican Republic,DO,DOM,2003,4162.66686117661,35.573802865234,84.4495031861592,13.2418305751113,20.865426479748,41.9051948952321,10.7120925866839
Dominican Republic,DO,DOM,2004,4212.01044121773,34.1085914770709,81.3514229381911,13.8371774250512,28.0020675879518,41.2102090779153,13.3317198477445
Dominican Republic,DO,DOM,2005,4549.24957008857,32.4240819530679,61.6535587358027,14.8944167303813,22.9549989763635,47.8797676656045,13.5953672250726
Dominican Republic,DO,DOM,2006,4904.71715839398,30.666146293965,63.7664826351505,15.27992833626,13.6593604917176,53.9004743733752,13.7597772413137
Dominican Republic,DO,DOM,2007,5204.78500652254,28.9806565005023,61.229259153164,16.4944656206091,9.45465761470816,55.7624868503324,13.5862337522216
Dominican Republic,DO,DOM,2008,5308.92664966814,27.5134845734198,61.4285058325394,15.5231716214471,9.52284876559499,57.8160829951835,15.4066549591004
Dominican Republic,DO,DOM,2009,5294.64953374426,26.4105025134574,50.6509376792025,14.0327733754754,8.83307023410127,57.1409812715802,15.106208932521
Dominican Republic,DO,DOM,2010,5666.45633430206,25.8357226825823,56.0573964175321,13.8621559687475,8.17577925374555,57.0961873576315,14.2243842044906
Dominican Republic,DO,DOM,2011,5773.57403459156,25.7559610498699,59.0692578401698,13.7530564552843,7.22900666957983,57.1468087302159,14.0356295447902
Dominican Republic,DO,DOM,2012,5860.29893321013,25.7601320030432,58.5062536731089,14.5714737313022,6.62783582874469,54.6586827059719,15.8662710050019
Dominican Republic,DO,DOM,2013,6075.03399972737,25.7748640048784,56.8137658014945,15.0596357502335,5.97010939525872,54.9883938639101,15.4846483694906
Dominican Republic,DO,DOM,2014,6430.27811051339,25.8068466177847,55.6601041506633,15.0782995327954,5.9943064103485,52.6961296157379,15.6805638273879
Dominican Republic,DO,DOM,2015,6800.95309395474,25.8627694041715,52.3471238667007,14.5186216543802,5.51428277198673,46.1907413173176,15.3612641247847
Dominican Republic,DO,DOM,2016,7177.75376475488,25.9493219264478,51.7306571245477,14.827297566694,6.43866604149046,53.9944720676463,16.4269789437784
Dominican Republic,DO,DOM,2017,7379.39978067137,26.073193747023,50.7595355508472,14.9920997503639,6.21411515951003,53.5430525199582,16.8356837461838
Dominican Republic,DO,DOM,2018,7818.70593240469,26.2410744283062,52.3351709577013,15.269462908084,6.10191753534612,52.7362295880949,16.0317825388458
Dominican Republic,DO,DOM,2019,8117.04639185786,26.4596535327067,50.912982200697,15.5470600045533,5.61427031207126,51.9526356498779,17.5016516701036
Dominican Republic,DO,DOM,2020,7395.8734262396,26.7356206226337,44.7331613466756,14.8813590480588,4.94019752903127,49.6011077226059,21.4214588048653
Dominican Republic,DO,DOM,2021,8344.90510312395,27.0756652604965,51.9500227303115,16.4297863174204,5.4640700006624,50.8441434351361,17.3592951719425
Dominican Republic,DO,DOM,2022,8698.13592094395,27.5796844356289,54.3781976712844,16.3623217477379,5.78628347412755,50.7444977155062,18.0569272165148
Dominican Republic,DO,DOM,2023,8809.96335385949,27.6422008176662,49.8436131764417,17.015284341071,5.26627191745659,49.0851998432129,18.066236602366
Dominican Republic,DO,DOM,2024,9168.45418897141,27.5878125247849,51.7835143952326,17.4959013786011,5.45886508835393,47.9158235501231,NA
Early-demographic dividend,V2,EAR,2000,2160.74346407508,61.9196182344693,47.5066091398447,NA,NA,NA,NA
Early-demographic dividend,V2,EAR,2001,2146.84095089536,61.5375483984902,46.4833797570643,NA,14.8198894825118,29.0739494006878,NA
Early-demographic dividend,V2,EAR,2002,2146.24084688962,61.1550002331574,47.8178635715227,NA,13.6385323185278,29.6899882480631,NA
Early-demographic dividend,V2,EAR,2003,2214.01476503093,60.7627755113504,48.617711015825,NA,11.1519275256407,32.2546930548982,NA
Early-demographic dividend,V2,EAR,2004,2314.66677487664,60.359256511067,52.6960594357659,NA,11.1740502948926,33.7134700244736,NA
Early-demographic dividend,V2,EAR,2005,2411.95897260986,59.9508800433517,54.9668753473215,NA,14.024313945065,35.1911002949105,NA
Early-demographic dividend,V2,EAR,2006,2517.93797435526,59.5403239071953,56.3985239585749,NA,13.6593604917176,34.4261555724734,NA
Early-demographic dividend,V2,EAR,2007,2620.13480564456,59.1433258014154,56.7582058074418,NA,9.35404415420036,33.7589404499678,NA
Early-demographic dividend,V2,EAR,2008,2668.77158037966,58.7105330555833,59.6070834629785,20.0439625894145,7.49006299314777,31.6769745703794,NA
Early-demographic dividend,V2,EAR,2009,2644.32908283068,58.2791465852609,52.050825164691,18.4844809754703,7.89694562775179,30.3595143354845,21.3947745127698
Early-demographic dividend,V2,EAR,2010,2769.87664169436,57.8674846672318,53.349989270117,20.946233890795,7.91791289966511,29.741042800864,21.8807465541855
Early-demographic dividend,V2,EAR,2011,2862.47539021219,57.44613071243,56.517194772314,21.0773476802538,7.3730455366537,33.4021197557206,20.8638935315227
Early-demographic dividend,V2,EAR,2012,2939.37593158074,56.9951586038203,57.5346276909554,21.4992410275789,6.70484562323042,29.5741968351551,21.4138521932692
Early-demographic dividend,V2,EAR,2013,3013.93253830751,56.4767701886448,56.4796489623229,21.3382824076861,6.16301341519427,30.9762796845664,21.7967381404118
Early-demographic dividend,V2,EAR,2014,3091.3641287626,55.9926199581097,54.8164945216542,20.5383196474919,5.9943064103485,31.6579518341785,21.8045523147703
Early-demographic dividend,V2,EAR,2015,3178.86716124226,55.5496766106625,50.8388085111414,19.7295863343752,5.45536647132617,33.8168736782598,22.0810689066286
Early-demographic dividend,V2,EAR,2016,3266.95703994597,55.1902031484275,48.5155028452785,19.3982060391526,6.77559590392142,32.9305784664664,21.5398956206393
Early-demographic dividend,V2,EAR,2017,3370.86780261045,54.8750639444412,50.5259971027819,19.5732351416994,5.86645269815181,33.458731522362,21.4991761377962
Early-demographic dividend,V2,EAR,2018,3450.30289844386,54.5650227064532,54.444959648588,19.7331841530692,5.1817363916703,33.0563960584105,21.7023223874701
Early-demographic dividend,V2,EAR,2019,3485.83540250583,54.2350403941126,52.0274235296136,NA,4.8205903971446,32.2290407575851,NA
Early-demographic dividend,V2,EAR,2020,3296.2051222201,53.9187547684328,47.2001890217132,NA,4.954780085914,33.2319303697444,NA
Early-demographic dividend,V2,EAR,2021,3506.50286307281,53.6247399220588,53.2736946311421,NA,5.43459880906451,34.4366896284657,NA
Early-demographic dividend,V2,EAR,2022,3676.37654127034,53.3030756594834,58.8508086269123,19.0469695308507,5.49349042783413,32.2687535013103,21.3463486825937
Early-demographic dividend,V2,EAR,2023,3783.31364991383,52.9832569016292,53.2990617607256,NA,5.26627191745659,32.2456602261992,NA
Early-demographic dividend,V2,EAR,2024,3884.38931770884,52.6552096940554,52.0353099458386,NA,NA,NA,NA
East Asia & Pacific,Z4,EAS,2000,5077.98492597409,58.3656586880986,52.4460186454322,NA,NA,NA,NA
East Asia & Pacific,Z4,EAS,2001,5196.78754674668,57.384510529656,51.1576121407536,NA,4.17539848365456,26.0902128313323,NA
East Asia & Pacific,Z4,EAS,2002,5382.25360075602,56.2315146779047,52.6734173244514,NA,4.8001558718076,27.5934782673969,NA
East Asia & Pacific,Z4,EAS,2003,5602.52459533088,55.0486890942673,58.1713007553519,NA,4.07055581974911,28.9697131893253,NA
East Asia & Pacific,Z4,EAS,2004,5886.18938389565,53.9860866196238,64.6742349005833,NA,3.7785981613864,27.2033980225474,NA
East Asia & Pacific,Z4,EAS,2005,6190.68887546982,52.9591500187354,67.1838323363072,13.0972040675835,2.80091264719352,28.4176482031927,NA
East Asia & Pacific,Z4,EAS,2006,6545.03469272412,51.8821481812505,69.6009088356528,13.5729491628771,4.40364233759651,27.155909354603,NA
East Asia & Pacific,Z4,EAS,2007,6985.43993494533,50.6950890574727,68.8347838733559,18.2195898376523,3.27139202722197,24.867675577447,NA
East Asia & Pacific,Z4,EAS,2008,7239.90537339912,49.7821320223815,69.2716750306931,14.6249218472091,4.83561449933386,25.9861206618578,NA
East Asia & Pacific,Z4,EAS,2009,7370.0195612033,48.7308396393432,57.2409063746144,14.3702527532003,3.73523161609048,28.7320137584622,NA
East Asia & Pacific,Z4,EAS,2010,7876.59864598949,47.9812963322002,62.4121810312105,13.8709718161934,4.43867415605105,27.3698980403287,NA
East Asia & Pacific,Z4,EAS,2011,8240.19911455592,46.2347952117132,64.5971576508542,13.9835932124756,4.42951625265686,26.9344923182723,NA
East Asia & Pacific,Z4,EAS,2012,8603.6234263906,45.3000359874275,63.168043109784,14.540662339055,4.17141411468042,23.9078920997788,NA
East Asia & Pacific,Z4,EAS,2013,8985.01177157421,44.3040841049506,62.3827545888117,14.4791737725825,3.54008012017122,25.7281080251363,NA
East Asia & Pacific,Z4,EAS,2014,9355.53149899712,43.3873205278862,61.3573190938721,17.6843048630595,3.39939199371704,24.7890127032167,NA
East Asia & Pacific,Z4,EAS,2015,9730.64405529046,42.2766856580328,55.8290520469976,17.782909849088,3.39185581184318,24.8620526774577,NA
East Asia & Pacific,Z4,EAS,2016,10109.9616270695,41.2078057668978,52.1899349115895,17.5317784716244,3.40500880501316,27.5023345833712,NA
East Asia & Pacific,Z4,EAS,2017,10544.5364751924,40.1962916161541,54.1226392740164,17.7661689485206,3.23921345112568,28.4499078272209,NA
East Asia & Pacific,Z4,EAS,2018,10985.5560070104,39.1484740211186,55.1170354905828,18.3719626211286,3.27135345212231,26.194451064039,NA
East Asia & Pacific,Z4,EAS,2019,11370.44994499,38.2564439872777,52.9754541230876,18.2402743042425,2.90065389760556,27.2545382949579,NA
East Asia & Pacific,Z4,EAS,2020,11313.8325015148,37.6258581855137,50.0180622255219,16.6438218450199,3.41771598335338,27.3151030252692,NA
East Asia & Pacific,Z4,EAS,2021,12018.1160959764,36.7648070169629,54.8600151200911,17.3695472546521,3.15325568489591,29.5324519549391,NA
East Asia & Pacific,Z4,EAS,2022,12361.4385727479,36.3171755606998,59.6939018282108,17.6161318715596,2.88117630957061,24.9228457969234,NA
East Asia & Pacific,Z4,EAS,2023,12838.6681574645,35.9755629097195,57.1466583666313,NA,NA,25.3083291800793,NA
East Asia & Pacific,Z4,EAS,2024,13295.329301063,35.6256009720952,58.3569037736715,NA,NA,NA,NA
East Asia & Pacific (excluding high income),4E,EAP,2000,2132.32908980814,63.2901431118072,50.7679347273937,NA,9.24681575287557,30.2209723575052,NA
East Asia & Pacific (excluding high income),4E,EAP,2001,2259.91957276105,62.2158144942383,49.4268730081318,NA,7.44262665384817,26.0902128313323,NA
East Asia & Pacific (excluding high income),4E,EAP,2002,2422.46003381382,61.003715773546,51.9205752543149,NA,8.24804341797282,27.8277716414022,NA
East Asia & Pacific (excluding high income),4E,EAP,2003,2618.71809817655,59.787916027226,59.0617171992864,NA,5.66100554027768,32.149528438324,NA
East Asia & Pacific (excluding high income),4E,EAP,2004,2835.31842515797,58.7216665020779,66.6355492715534,NA,6.9539162962834,28.2098084242662,NA
East Asia & Pacific (excluding high income),4E,EAP,2005,3095.20781374557,57.6603085190962,69.1000539699843,10.2080209113426,6.2924206717528,33.8153211326111,NA
East Asia & Pacific (excluding high income),4E,EAP,2006,3410.6598804258,56.5230269408455,70.3405091991411,10.7177194410728,5.61913833105364,36.6567632537175,NA
East Asia & Pacific (excluding high income),4E,EAP,2007,3805.1786009497,55.2646904458885,67.9568956413823,16.6039624856313,NA,NA,NA
East Asia & Pacific (excluding high income),4E,EAP,2008,4102.08415106923,54.3066503383161,64.1905518989466,12.1257225794265,6.34260882063415,32.0045602260952,NA
East Asia & Pacific (excluding high income),4E,EAP,2009,4397.74180769777,53.1655644781205,51.5731579716592,12.2380509094088,5.32857266240587,32.832939495059,NA
East Asia & Pacific (excluding high income),4E,EAP,2010,4797.14626921917,52.3439187555736,56.1702299797332,11.6600366949717,5.4803606225689,31.9167372332168,NA
East Asia & Pacific (excluding high income),4E,EAP,2011,5168.39472019044,50.3859511325434,56.8294256326259,11.7655444873791,6.24709424897766,37.7611886911504,NA
East Asia & Pacific (excluding high income),4E,EAP,2012,5511.80083123891,49.3242944577983,54.3914300341054,11.7211849742111,4.93824909571407,35.3572710893234,NA
East Asia & Pacific (excluding high income),4E,EAP,2013,5864.59707043702,48.1877809304356,52.7859645889392,11.6086892177056,4.11621496859936,36.2028541959938,NA
East Asia & Pacific (excluding high income),4E,EAP,2014,6225.56359132253,47.1434243935758,51.1629888239809,15.8539948509456,4.29002283283031,28.9407126773545,NA
East Asia & Pacific (excluding high income),4E,EAP,2015,6589.81824245918,45.8885343248644,46.0529922248111,16.0031302685738,4.28544191893664,28.4200422333962,NA
East Asia & Pacific (excluding high income),4E,EAP,2016,6966.41995023195,44.6813884758003,43.4835710369408,15.5394897565908,4.30788566025969,31.6213303110053,NA
East Asia & Pacific (excluding high income),4E,EAP,2017,7374.76727155093,43.5345361741673,44.7887416524977,15.7517093348342,3.8171564756283902,29.7849632455032,NA
East Asia & Pacific (excluding high income),4E,EAP,2018,7806.58627734919,42.3497294649126,45.0911503213632,16.3248551288409,4.07688979466362,29.4583099067526,NA
East Asia & Pacific (excluding high income),4E,EAP,2019,8220.63635978721,41.3444307243415,42.9152669023519,16.005842164332,3.47060234713265,27.9108091427629,NA
East Asia & Pacific (excluding high income),4E,EAP,2020,8293.47330929094,40.629475444459,40.8339837931559,14.1433748826668,4.96936264279673,27.8889756859843,NA
East Asia & Pacific (excluding high income),4E,EAP,2021,8905.68067463003,39.6473868315671,44.766996321658,14.8289381339747,4.44980915042628,30.9358199217937,NA
East Asia & Pacific (excluding high income),4E,EAP,2022,9200.1190748992,39.1406031439672,46.8418898134075,14.9146601451896,4.88737510224729,25.8630210739197,NA
East Asia & Pacific (excluding high income),4E,EAP,2023,9666.08432645256,38.7723536498738,45.0719101583305,15.3262203896393,3.3700859406057,26.3856862506716,NA
East Asia & Pacific (excluding high income),4E,EAP,2024,10127.9180882519,38.3874462069199,46.5944318064169,15.2316664678336,NA,NA,NA
East Asia & Pacific (IDA & IBRD countries),T4,TEA,2000,2157.85535603795,63.5887847205205,50.7679347273937,NA,9.24681575287557,30.2209723575052,NA
East Asia & Pacific (IDA & IBRD countries),T4,TEA,2001,2286.87458531728,62.5001968603375,49.4268730081318,NA,7.44262665384817,26.0902128313323,NA
East Asia & Pacific (IDA & IBRD countries),T4,TEA,2002,2451.23083387714,61.272030146749,51.9205752543149,NA,8.24804341797282,27.8277716414022,NA
East Asia & Pacific (IDA & IBRD countries),T4,TEA,2003,2649.71946543958,60.0405472108579,59.0617171992864,NA,5.66100554027768,32.149528438324,NA
East Asia & Pacific (IDA & IBRD countries),T4,TEA,2004,2868.82269353821,58.9609478945955,66.6355492715534,NA,6.9539162962834,28.2098084242662,NA
East Asia & Pacific (IDA & IBRD countries),T4,TEA,2005,3131.6805514233,57.8862302520075,69.101189199029,10.2080209113426,6.2924206717528,33.8153211326111,NA
East Asia & Pacific (IDA & IBRD countries),T4,TEA,2006,3450.71267623218,56.7346673347731,70.341747857815193,10.7177194410728,5.61913833105364,36.6567632537175,NA
East Asia & Pacific (IDA & IBRD countries),T4,TEA,2007,3849.69181744448,55.4606416480179,67.9579591365466,16.6039624856313,5.43278199651482,30.7934125709969,NA
East Asia & Pacific (IDA & IBRD countries),T4,TEA,2008,4149.89172169115,54.4910034971447,64.1929971363557,12.1258804139297,6.34260882063415,32.0045602260952,NA
East Asia & Pacific (IDA & IBRD countries),T4,TEA,2009,4448.80407260716,53.336295491479,51.5755375041207,12.2382198485076,5.32857266240587,32.832939495059,NA
East Asia & Pacific (IDA & IBRD countries),T4,TEA,2010,4852.63859013079,52.5055589443123,56.1721405871619,11.6602214800517,5.4803606225689,31.9167372332168,NA
East Asia & Pacific (IDA & IBRD countries),T4,TEA,2011,5227.95136482515,50.5243026362455,56.831964931979,11.7657636151727,6.24709424897766,37.7611886911504,NA
East Asia & Pacific (IDA & IBRD countries),T4,TEA,2012,5575.01390464133,49.4510395794293,54.3940694848238,11.7214191102251,4.93824909571407,35.3572710893234,NA
East Asia & Pacific (IDA & IBRD countries),T4,TEA,2013,5931.54927372231,48.3022478618965,52.7892262513015,11.6089337226752,4.11621496859936,36.2028541959938,NA
East Asia & Pacific (IDA & IBRD countries),T4,TEA,2014,6296.37014710907,47.2469772657578,51.1666030744471,15.8550047172056,4.29002283283031,28.9407126773545,NA
East Asia & Pacific (IDA & IBRD countries),T4,TEA,2015,6664.53447337008,45.9789122938272,46.0564247795521,16.0041652274989,4.28544191893664,28.4200422333962,NA
East Asia & Pacific (IDA & IBRD countries),T4,TEA,2016,7045.16072110558,44.759432075549,43.4865598949252,15.5406257950586,4.30788566025969,31.6213303110053,NA
East Asia & Pacific (IDA & IBRD countries),T4,TEA,2017,7457.82890009373,43.6011632669954,44.7914695374145,15.7528613986798,3.8171564756283902,29.7849632455032,NA
East Asia & Pacific (IDA & IBRD countries),T4,TEA,2018,7894.29743865068,42.404703272842,45.093748242271,16.326113200238,4.07688979466362,29.4583099067526,NA
East Asia & Pacific (IDA & IBRD countries),T4,TEA,2019,8312.8476797593,41.3901858301761,42.918052350245,16.0073638341269,3.47060234713265,27.9108091427629,NA
East Asia & Pacific (IDA & IBRD countries),T4,TEA,2020,8386.41483907815,40.6698002398975,40.8363715971787,14.145081370549,4.96936264279673,27.8889756859843,NA
East Asia & Pacific (IDA & IBRD countries),T4,TEA,2021,9005.51806406365,39.6791245148302,44.7686717712859,14.8303360323517,4.44980915042628,30.9358199217937,NA
East Asia & Pacific (IDA & IBRD countries),T4,TEA,2022,9303.40405088781,39.1698172161479,46.8441335658356,14.915949541714,4.88737510224729,25.8630210739197,NA
East Asia & Pacific (IDA & IBRD countries),T4,TEA,2023,9774.78042985959,38.8008988675882,45.0742111093105,15.327435620535,3.3700859406057,26.3856862506716,NA
East Asia & Pacific (IDA & IBRD countries),T4,TEA,2024,10241.9890248099,38.4152320981314,46.5969410075874,15.2328542478016,3.23713546177471,25.7259147953962,NA
Ecuador,EC,ECU,2000,3953.39879728357,39.3134994892942,65.4042953826391,NA,NA,NA,NA
Ecuador,EC,ECU,2001,4049.0001889951,38.9876455993341,56.128486744205,NA,NA,NA,NA
Ecuador,EC,ECU,2002,4174.89793579965,38.7128731949042,54.7966439366136,NA,NA,NA,NA
Ecuador,EC,ECU,2003,4220.21298466638,38.4581530113022,52.3575426975979,NA,NA,NA,NA
Ecuador,EC,ECU,2004,4430.23717984188,38.2170426725962,56.0745467239942,NA,NA,NA,NA
Ecuador,EC,ECU,2005,4589.32849203452,37.9931295854284,61.9581507902572,NA,NA,NA,NA
Ecuador,EC,ECU,2006,4706.98056823816,37.7900011564413,65.8423556166562,NA,NA,NA,NA
Ecuador,EC,ECU,2007,4715.30359842555,37.6112447922773,68.8505854462677,NA,NA,NA,NA
Ecuador,EC,ECU,2008,4939.90215021789,37.4604478995788,74.5902963648439,NA,NA,NA,NA
Ecuador,EC,ECU,2009,4909.33681705683,37.3411978849882,57.3473460627608,NA,NA,NA,NA
Ecuador,EC,ECU,2010,5022.20374387205,37.2594741388356,65.7773849135062,NA,NA,NA,NA
Ecuador,EC,ECU,2011,5359.45724615639,37.2050946452309,70.0356837525249,NA,NA,NA,NA
Ecuador,EC,ECU,2012,5579.85624282158,37.1591267180865,67.0029290916898,NA,NA,NA,NA
Ecuador,EC,ECU,2013,5893.32172683036,37.1162713375878,63.4333003342414,30.5658423371221,8.79548120983121,24.3307528629529,33.530977470257596
Ecuador,EC,ECU,2014,6055.04172761485,37.0767567804201,61.4263766217565,28.8901339676781,9.03131899812712,25.6165986044507,33.3268796672496
Ecuador,EC,ECU,2015,5976.1596805651,37.040811323269,47.8280397077826,30.8458833789351,10.8575995065972,25.7661962577277,34.0758538247243
Ecuador,EC,ECU,2016,5849.13587933672,37.0086632428196,40.5344917996647,28.6412079584013,9.17246270848102,23.6464313899793,35.0549572104551
Ecuador,EC,ECU,2017,6104.27253521751,36.9805408157575,43.6177233172817,27.9863154861129,8.91861951799442,25.7714007630185,31.5192679680287
Ecuador,EC,ECU,2018,6063.0956178776,36.9566723187679,48.0093476154836,31.2062328120813,7.82430585054944,23.1094083174894,33.7250449206698
Ecuador,EC,ECU,2019,5971.38938386723,36.9372860285362,48.0828494933307,29.6599984642663,7.51893853085468,23.7251563184577,33.1468964953936
Ecuador,EC,ECU,2020,5355.68934196443,36.9226102217479,43.9893109378389,27.1210867326524,6.87573909137477,23.7986192243624,34.0396754166882
Ecuador,EC,ECU,2021,5815.09477390949,36.9128731750883,53.261275610573,29.6714820409688,7.04482303475686,22.2958536676624,31.9261749303125
Ecuador,EC,ECU,2022,6107.49495006543,36.9098164067734,61.880792818786,30.9625405355437,6.4032010646705,21.0668798322297,30.4365983203311
Ecuador,EC,ECU,2023,6165.40977555695,36.8692270445737,57.1626938264309,NA,NA,NA,NA
Ecuador,EC,ECU,2024,5993.74697758454,36.7623067602398,57.4436448205751,NA,NA,NA,NA
"Egypt, Arab Rep.",EG,EGY,2000,2458.60835003154,57.2660601067481,39.0179359012055,NA,NA,NA,NA
"Egypt, Arab Rep.",EG,EGY,2001,2492.03441188861,57.2164493234667,39.8104265402844,NA,NA,NA,NA
"Egypt, Arab Rep.",EG,EGY,2002,2498.4812119434,57.1652370516083,40.9870678279229,24.349696489839,7.59296069269115,22.1388504407372,27.2483504882555
"Egypt, Arab Rep.",EG,EGY,2003,2524.80477195753,57.1165314466208,46.1796407185629,25.4311377245509,7.55000779580494,21.5008300239377,27.3324550898204
"Egypt, Arab Rep.",EG,EGY,2004,2574.42341789647,57.0744406639524,57.8199052132701,24.6404286008654,7.44899687810072,21.6467817009914,26.8903770863383
"Egypt, Arab Rep.",EG,EGY,2005,2635.70305226634,57.0430728590512,62.9526462395543,24.2916620241411,5.82661147748423,23.880455536447,27.3888579387187
"Egypt, Arab Rep.",EG,EGY,2006,2761.62410768311,57.0270008319896,61.5185365063947,28.1389833252388,5.48716992628903,19.9092936752261,32.7636716852841
"Egypt, Arab Rep.",EG,EGY,2007,2902.06559803259,57.0270333655491,65.077873254565,27.1170918367347,5.0421921026809,19.3998578198591,29.3352309344791
"Egypt, Arab Rep.",EG,EGY,2008,3052.2129784594,57.0391010879127,71.6806253489671,27.6239352317141,5.63464301174864,20.2066311722871,30.3182043551089
"Egypt, Arab Rep.",EG,EGY,2009,3135.09661305712,57.0616529375096,56.5534446363462,26.9200729226636,4.88347381999178,21.9016401623874,30.0771253118403
"Egypt, Arab Rep.",EG,EGY,2010,3233.84521249306,57.0942824479846,47.9363500745898,24.7838223106249,4.84635486712129,24.2306206456445,28.8602519476214
"Egypt, Arab Rep.",EG,EGY,2011,3222.37650111397,57.1365831529823,45.2556341623514,21.9307417402086,4.58857946051187,27.6119049629398,29.1899277952009
"Egypt, Arab Rep.",EG,EGY,2012,3220.99194201188,57.1881485861475,40.7117692721084,20.2282199796979,4.23888896851217,27.2796067246643,28.6894966262614
"Egypt, Arab Rep.",EG,EGY,2013,3216.37839024454,57.2485722811249,40.373038056332,21.4163083207912,4.15497092684764,26.4666024175187,32.2017308105784
"Egypt, Arab Rep.",EG,EGY,2014,3235.66246235519,57.3174477715592,36.9201877934272,19.8767136150235,3.40362837993991,20.5529235035822,32.9206291079812
"Egypt, Arab Rep.",EG,EGY,2015,3306.98159414141,57.3943685910952,34.8459429600229,20.9886247391464,4.06163687662409,26.1078162409752,30.2303694913867
"Egypt, Arab Rep.",EG,EGY,2016,3381.22246307712,57.4789282733775,30.2465490514505,NA,NA,NA,NA
"Egypt, Arab Rep.",EG,EGY,2017,3452.90961245976,57.5513991312821,42.8321343581608,NA,NA,NA,NA
"Egypt, Arab Rep.",EG,EGY,2018,3568.63966286365,57.5422822550031,45.9110196733959,NA,NA,NA,NA
"Egypt, Arab Rep.",EG,EGY,2019,3701.2446344954,57.5187972667352,41.1240171551108,NA,NA,NA,NA
"Egypt, Arab Rep.",EG,EGY,2020,3770.86947868544,57.4818465369326,32.1262555667523,NA,NA,NA,NA
"Egypt, Arab Rep.",EG,EGY,2021,3837.31992325256,57.4313937378532,29.8569734808122,NA,NA,NA,NA
"Egypt, Arab Rep.",EG,EGY,2022,4029.78295458204,57.3674870991968,36.9831048772713,NA,NA,NA,NA
"Egypt, Arab Rep.",EG,EGY,2023,4111.3118479018,57.2901884958081,40.4504007720031,NA,NA,NA,NA
"Egypt, Arab Rep.",EG,EGY,2024,4137.6092923313,57.1995636061596,39.6007520873733,NA,NA,NA,NA
El Salvador,SV,SLV,2000,2964.89346881406,43.4361430189543,68.7100889044911,15.5419706138715,5.56747119883438,33.6749653843021,15.020032749119
El Salvador,SV,SLV,2001,2978.59734844668,42.5473239605284,65.8907385362251,19.6930053584384,5.72880572880573,33.0907830907831,22.9700165444693
El Salvador,SV,SLV,2002,3016.06307728602,41.6513766033159,65.9190907767708,18.0761655168748,6.71670933310192,39.2372109168221,20.2223745800788
El Salvador,SV,SLV,2003,3057.16467629097,40.7531423410282,68.23698247861,17.3279876137923,7.78709789000346,43.2592528536838,17.3445990446826
El Salvador,SV,SLV,2004,3081.23629665234,39.8574625673761,69.7822641767691,17.9055290299118,6.99418488068979,41.6081812713054,19.6177566278891
El Salvador,SV,SLV,2005,3163.36118376833,38.9691786760709,69.7158116750578,18.4399237991564,6.56171787152236,44.3215205484421,20.4755749081508
El Salvador,SV,SLV,2006,3302.34817354347,38.0931320608237,73.4555675070266,20.0638879392296,5.97367633861801,44.5946754412205,22.529529890518
El Salvador,SV,SLV,2007,3359.1623024135,37.2323121906317,77.6210560347995,22.939438917219,5.16642583719928,42.5583694577534,20.5422722530016
El Salvador,SV,SLV,2008,3420.44927357443,36.3627496547277,80.6659739399085,24.4405786659061,4.03329498545036,40.6532674652049,22.7515707273464
El Salvador,SV,SLV,2009,3337.81150878211,35.4700952504752,66.0711911744487,20.9736376538069,4.940023562172,38.5643140194923,25.8533021392349
El Salvador,SV,SLV,2010,3398.49346060363,34.5672072456838,73.5372876725398,22.0295838230001,4.77072267433361,40.4658642366356,24.1458115603277
El Salvador,SV,SLV,2011,3515.19664634846,33.665586357966,79.2766437025052,23.2282558637,4.39977143688125,34.6103767515076,24.8898726231008
El Salvador,SV,SLV,2012,3600.31912505518,32.7767333049341,77.6485716222883,22.6560609136287,4.37199880106336,42.5466655416971,22.9022053992888
El Salvador,SV,SLV,2013,3665.90044167854,31.9121488042005,80.4511944908271,21.1068548167065,4.55758812907278,42.7808746172568,22.9958128249062
El Salvador,SV,SLV,2014,3713.94992016222,31.0833335733777,78.1044257477935,20.5922799936442,3.91794058817684,42.7829518650444,22.7697175169483
El Salvador,SV,SLV,2015,3790.34089108162,30.3017883300781,76.5602707370519,20.8150431413365,3.59430503977688,43.0580142025297,22.7632940909989
El Salvador,SV,SLV,2016,3875.84691357954,29.6009826660156,72.8190933731491,23.6888663993406,3.53955649975225,39.7498371896228,23.2079037686245
El Salvador,SV,SLV,2017,3954.84014277572,28.9143295288086,74.3046511916519,25.0974253686368,3.3205292221291,39.0163626266666,24.8439899000093
El Salvador,SV,SLV,2018,4046.16291720583,28.2422790527344,75.6336168879956,24.9488391040262,3.43836942058788,40.1642070884239,24.7270938497397
El Salvador,SV,SLV,2019,4143.11437097867,27.5851058959961,76.0420130991468,24.1024004190298,3.475851740921,40.6978659678023,24.7593666042437
El Salvador,SV,SLV,2020,3808.53195436409,26.9429779052734,66.4595069497083,23.5586663397695,2.9940215736244,40.2798480550079,33.9446069790407
El Salvador,SV,SLV,2021,4247.54750394978,26.3161468505859,81.8450759800765,28.5747339991475,3.38403969738876,37.2163019604653,29.5074843835756
El Salvador,SV,SLV,2022,4355.96037108555,25.8534978701321,88.7011372097555,28.1919328173012,5.79138872043663,37.0755003032141,27.3943202580725
El Salvador,SV,SLV,2023,4481.19664108356,25.3919324850097,79.8122651787866,26.2750657238117,5.27826342708513,38.7662341759628,27.9180096903272
El Salvador,SV,SLV,2024,4576.55846613444,24.9325094897801,85.6825726575292,27.2590986226098,4.72432150701761,37.0397602471985,NA
Equatorial Guinea,GQ,GNQ,2000,3839.08642737128,61.1845412866012,NA,NA,NA,NA,NA
Equatorial Guinea,GQ,GNQ,2001,5882.85050306586,61.1361634613469,NA,NA,NA,NA,NA
Equatorial Guinea,GQ,GNQ,2002,6604.0054631081,60.8030849608295,NA,NA,NA,NA,NA
Equatorial Guinea,GQ,GNQ,2003,7082.65489186921,60.104097514352,NA,NA,NA,NA,NA
Equatorial Guinea,GQ,GNQ,2004,9208.60566707162,59.0695990327632,NA,NA,NA,NA,NA
Equatorial Guinea,GQ,GNQ,2005,10212.4545051498,57.7185402828701,131.02447181321,NA,NA,NA,NA
Equatorial Guinea,GQ,GNQ,2006,10521.9996774827,56.0698720314796,118.532782368937,39.8875950722638,0.485566113522172,1.37123109904788,3.68613231412251
Equatorial Guinea,GQ,GNQ,2007,11594.9172068456,54.1425450453987,134.083789857569,36.8489170966677,0.553383414351842,1.31109634459391,3.42602479722701
Equatorial Guinea,GQ,GNQ,2008,13048.0703050168,51.9555100914342,128.688006601458,34.5064459306067,0.238745364601134,0.99125528747583,4.15893882785452
Equatorial Guinea,GQ,GNQ,2009,12627.862381545,49.5277179363931,122.212077110801,33.3725624545602,0.424899391492722,1.85803749012918,4.86568406431922
Equatorial Guinea,GQ,GNQ,2010,10984.3243932426,46.8781193470824,144.668225001248,26.6458526716015,0.569288289216862,2.12038385419376,5.62325103907898
Equatorial Guinea,GQ,GNQ,2011,11203.9073679091,44.0256650903089,114.37734663649,28.307356347246,0.487154976609302,1.9051935338253,4.97367667879812
Equatorial Guinea,GQ,GNQ,2012,11650.7196270884,40.9893059328797,116.675422472364,27.9489643145056,0.464193649715736,2.99494086380353,7.1338148829886
Equatorial Guinea,GQ,GNQ,2013,10731.6455729191,37.7879926416016,106.893284926066,25.0110410233655,1.24290644618851,2.08863430921344,8.04260611446995
Equatorial Guinea,GQ,GNQ,2014,10363.4872473549,34.4406759832816,104.379198671388,24.2062020364203,1.38297320480922,2.42783982444797,7.09211811356117
Equatorial Guinea,GQ,GNQ,2015,9068.91003238645,31.048729384645,98.8780591680756,26.3646574648791,0.857850395046244,4.74339741034483,9.94330276207662
Equatorial Guinea,GQ,GNQ,2016,7971.83401904573,30.746730146949,92.6007307237942,16.8112858452036,1.84932010899561,7.1002726121453,10.2457380951843
Equatorial Guinea,GQ,GNQ,2017,7259.10936454803,30.4483980867015,102.428258251803,17.3967020065656,1.6524793412128,6.1052197807501,9.90214268336292
Equatorial Guinea,GQ,GNQ,2018,6578.90039765711,30.1603376333825,103.645681622953,19.7974179470357,1.34449536672681,6.50329531868443,10.3213929151027
Equatorial Guinea,GQ,GNQ,2019,6018.12066321865,29.8824580452707,94.8787924253545,18.5889421236756,1.60894549259491,7.82952768906894,11.4103961361878
Equatorial Guinea,GQ,GNQ,2020,5575.26241511492,29.6146685806753,77.9278846441807,14.3473179384033,1.45657373818512,10.3659614482813,12.2535279171298
Equatorial Guinea,GQ,GNQ,2021,5487.92479201992,29.3568784979408,76.9666485998527,15.3235243595859,1.26278028327432,5.97194078052141,10.357886752864
Equatorial Guinea,GQ,GNQ,2022,5524.24312418579,29.1089970554533,81.8130161368099,26.4498757804947,1.13389063252087,3.95238475391954,11.0452921646904
Equatorial Guinea,GQ,GNQ,2023,4992.26076814571,28.8709335116483,60.6886626813037,NA,NA,NA,NA
Equatorial Guinea,GQ,GNQ,2024,4892.95310498567,28.6425971250194,74.2894990329407,NA,NA,NA,NA
Eritrea,ER,ERI,2000,845.132430060544,65.9016380310059,67.8813619265146,NA,NA,NA,NA
Eritrea,ER,ERI,2001,893.268735439193,65.6746788024902,72.0627109589752,NA,NA,NA,NA
Eritrea,ER,ERI,2002,889.009113592982,65.4579200744629,76.5901636574451,NA,NA,NA,NA
Eritrea,ER,ERI,2003,830.379672282601,65.2548713684082,74.0078242901552,NA,NA,NA,NA
Eritrea,ER,ERI,2004,808.591420184592,65.0675354003906,65.570906849032,NA,NA,NA,NA
Eritrea,ER,ERI,2005,809.794793468889,64.8977966308594,61.1060310218073,NA,NA,NA,NA
Eritrea,ER,ERI,2006,789.402432018085,64.7474822998047,45.2608460537354,NA,NA,NA,NA
Eritrea,ER,ERI,2007,789.072701743247,64.6179046630859,34.5595595326375,NA,NA,NA,NA
Eritrea,ER,ERI,2008,693.398874212494,64.5102882385254,30.5609500494496,NA,NA,NA,NA
Eritrea,ER,ERI,2009,702.430936480778,64.4257965087891,27.9721416148149,NA,NA,NA,NA
Eritrea,ER,ERI,2010,703.877374381654,64.3653450012207,37.4714654565691,NA,NA,NA,NA
Eritrea,ER,ERI,2011,751.374899794668,64.3293724060059,47.3937901188684,NA,NA,NA,NA
Eritrea,ER,ERI,2012,NA,64.3175735473633,NA,NA,NA,NA,NA
Eritrea,ER,ERI,2013,NA,64.3286666870117,NA,NA,NA,NA,NA
Eritrea,ER,ERI,2014,NA,64.360279083252,NA,NA,NA,NA,NA
Eritrea,ER,ERI,2015,NA,64.408992767334,NA,NA,NA,NA,NA
Eritrea,ER,ERI,2016,NA,64.4745712280273,NA,NA,NA,NA,NA
Eritrea,ER,ERI,2017,NA,64.5572853088379,NA,NA,NA,NA,NA
Eritrea,ER,ERI,2018,NA,64.6548957824707,NA,NA,NA,NA,NA
Eritrea,ER,ERI,2019,NA,64.7647666931152,NA,NA,NA,NA,NA
Eritrea,ER,ERI,2020,NA,64.883861541748,NA,NA,NA,NA,NA
Eritrea,ER,ERI,2021,NA,65.0128860473633,NA,NA,NA,NA,NA
Eritrea,ER,ERI,2022,NA,65.1530723571777,NA,NA,NA,NA,NA
Eritrea,ER,ERI,2023,NA,65.303596496582,NA,NA,NA,NA,NA
Eritrea,ER,ERI,2024,NA,65.4634475708008,NA,NA,NA,NA,NA
Estonia,EE,EST,2000,10006.7696280939,32.614470927373,126.495626368659,33.5842388860668,0.105130948504442,34.2666418570033,33.3557746759575
Estonia,EE,EST,2001,10662.9455020331,32.6073543650209,126.546640067292,32.89975435824,0.109280286860753,35.8102108768036,31.3400559343088
Estonia,EE,EST,2002,11474.6622721923,32.5909129034339,123.28234538757,33.6696291918982,0.0911390521538576,35.2793690945614,30.7417797848293
Estonia,EE,EST,2003,12424.0441535693,32.5658239651331,122.744772807796,33.8721528876047,0.111799613127438,33.7408609553785,30.7361176707181
Estonia,EE,EST,2004,13348.5284463324,32.532648546051,129.949500077661,33.844876778942,0.0230061349693252,35.6341434638981,30.616734660113
Estonia,EE,EST,2005,14703.6179707772,32.4919476421201,135.912792115107,32.1838496904748,NA,37.1056509739825,30.0129338284044
Estonia,EE,EST,2006,16234.5152041417,32.4442822492731,136.620737662645,33.2882303454759,NA,37.7953414550446,29.6002634409446
Estonia,EE,EST,2007,17543.4661785723,32.3902133634424,133.980829235754,33.6419044244348,NA,37.2784166608232,29.2674813681586
Estonia,EE,EST,2008,16688.997772178,32.3303019805606,136.681988157836,33.9552709856873,NA,33.5402259204967,34.3818931215876
Estonia,EE,EST,2009,14274.8511086787,32.2651090965602,116.759079859802,38.2337445025813,NA,35.1664176771011,40.9388487930904
Estonia,EE,EST,2010,14657.939813612,32.1951957073738,143.671762256978,35.7060341345806,NA,36.1779717568128,38.2430436082081
Estonia,EE,EST,2011,15820.922342204,32.1224443665494,166.7460724339,33.517189879235,NA,37.0847395020064,34.8527645409945
Estonia,EE,EST,2012,16460.6843479001,32.0370406679684,169.156067773865,34.204405603078,NA,37.4826888249707,34.1955592548035
Estonia,EE,EST,2013,16809.5326683781,31.9076541703232,164.601632156916,33.785534391356,NA,37.1815138690222,34.1148108061736
Estonia,EE,EST,2014,17413.6867560212,31.7331617191968,157.953944842229,34.6334354337073,NA,37.3331060812653,33.6145594674937
Estonia,EE,EST,2015,17722.1557669523,31.5203390309447,148.507157123558,35.5344384589226,NA,37.3737347919436,35.8209566136791
Estonia,EE,EST,2016,18264.9873304279,31.275961821922,147.7462327097,35.4410497581252,NA,39.1077573493265,35.8214191120908
Estonia,EE,EST,2017,19270.8141210511,31.0068058084842,144.635650944133,34.6786425909497,NA,38.442570501394,34.6983825831746
Estonia,EE,EST,2018,19914.3454922878,30.7196467069867,143.485224864735,34.4274812856053,NA,37.7005403924956,35.2168612467468
Estonia,EE,EST,2019,20579.8756732376,30.4212602337846,140.352147998549,35.2025773474862,NA,37.9099271751629,35.6510871727138
Estonia,EE,EST,2020,19946.945696898,30.1184221052335,137.392641283846,35.2026212872841,NA,35.6141525267518,40.9084381155599
Estonia,EE,EST,2021,21570.6658455268,29.8222725864178,160.471922305927,35.6426682302115,NA,35.7953115969129,38.2360357397009
Estonia,EE,EST,2022,21023.2994937246,29.5107666263262,175.68711950524,35.1062660190468,NA,35.8348753062096,35.4164509352612
Estonia,EE,EST,2023,20126.3730486957,29.3229914476874,154.592617111149,36.2390154827152,NA,35.0235435641863,37.6884300915577
Estonia,EE,EST,2024,20078.1397620993,29.3018838458039,151.037702410455,38.3078148665079,NA,34.3645677051619,NA
Eswatini,SZ,SWZ,2000,2273.04683761056,77.1590669238003,NA,19.8904325877888,58.6878892660922,4.48248534788854,16.7451846044136
Eswatini,SZ,SWZ,2001,2283.98316815361,77.2904380863541,NA,19.6832175583768,57.9230595583396,6.17446833494585,17.3561769556414
Eswatini,SZ,SWZ,2002,2358.56935643468,77.4309115696962,NA,18.4345545070683,57.8380120063719,6.15631929463386,19.633460808007
Eswatini,SZ,SWZ,2003,2448.83792077995,77.5687683031881,NA,19.5540450631223,57.8957296725577,3.51016296791023,20.2518040228541
Eswatini,SZ,SWZ,2004,2522.14342097167,77.6922892161911,NA,23.6335020731955,66.0253702257749,2.93421106035573,20.0121205734345
Eswatini,SZ,SWZ,2005,2658.75180508187,77.7897552380664,NA,23.5574810498981,67.12185822792,2.78483348547629,21.4224754369189
Eswatini,SZ,SWZ,2006,2823.48728215402,77.8494472981755,NA,32.8396382336251,74.0827004980532,2.4458426780699,22.7755517341853
Eswatini,SZ,SWZ,2007,2928.46845823015,77.860010032492,NA,29.6679367521736,69.757515779258,2.25874946213359,21.9704467919265
Eswatini,SZ,SWZ,2008,2950.67334362132,77.8307991170144,NA,31.8917943778328,70.1427223603872,3.43347151377994,26.5039066091065
Eswatini,SZ,SWZ,2009,2973.83456912379,77.7656134375206,NA,26.7056335618789,63.7375749508751,4.13767638448777,26.300830898505
Eswatini,SZ,SWZ,2010,3069.52175725884,77.6669207932529,NA,17.4213311314999,47.1791600524978,4.1685733946741,25.1288252366908
Eswatini,SZ,SWZ,2011,3108.70225253092,77.5365246334607,NA,17.4751284695605,47.9348926759254,5.29876709576357,22.6823743982996
Eswatini,SZ,SWZ,2012,3218.50138205493,77.3762284073935,NA,29.6802299788205,60.9660426847552,17.955457556643,22.9827805396513
Eswatini,SZ,SWZ,2013,3332.11983927912,77.1878355643008,85.2034551274939,NA,NA,NA,NA
Eswatini,SZ,SWZ,2014,3381.79292071291,76.973149553432,91.6200186943398,30.4071584593444,50.2848486571865,16.9912983052732,25.3036093481814
Eswatini,SZ,SWZ,2015,3419.82276559528,76.7339738240368,88.2620944023684,28.6375360072177,47.6140340514475,19.5271433849138,26.7184709093898
Eswatini,SZ,SWZ,2016,3500.17688847942,76.4721118253644,89.3584874439935,25.2664783127525,36.8129499131603,22.4338568304583,27.7982484296625
Eswatini,SZ,SWZ,2017,3596.23605400492,76.1947995036839,86.8801420302976,27.403115916595,42.3976187749145,21.4300603742732,27.072012615129
Eswatini,SZ,SWZ,2018,3565.54285067501,75.9420704595773,85.4927768173538,24.8118360530166,37.364929202507,24.20366408691,26.763771617809
Eswatini,SZ,SWZ,2019,3759.67106964666,75.6540450482249,86.6407948477595,25.8079043031861,35.6019324361556,24.0134000858009,25.2805120736599
Eswatini,SZ,SWZ,2020,3609.3669136859,75.3347201077808,84.0140188426878,27.2731606684613,44.4579590994377,23.8211346496008,26.0695180972398
Eswatini,SZ,SWZ,2021,3719.03838239806,74.9843819474827,89.9313874866569,25.0880373762125,35.4945015384163,25.7795710065655,24.6155754063595
Eswatini,SZ,SWZ,2022,3695.64957179548,74.603317081458,92.5715871298334,NA,NA,NA,NA
Eswatini,SZ,SWZ,2023,3790.16576788091,74.1918121499245,99.7246110815617,NA,NA,NA,NA
Eswatini,SZ,SWZ,2024,3866.37127926695,73.7501538741361,107.480621053879,NA,NA,NA,NA
Ethiopia,ET,ETH,2000,247.505413659694,85.0806903839111,NA,NA,NA,NA,NA
Ethiopia,ET,ETH,2001,260.04231608135,84.8822326660156,NA,11.7799227192722,25.8553466585096,9.83865518595287,14.5127189087474
Ethiopia,ET,ETH,2002,256.066635883709,84.666766166687,NA,12.7548413577616,33.4703802997053,12.6340940139072,17.2455618681994
Ethiopia,ET,ETH,2003,243.076666020009,84.4561462402344,NA,13.0642932752775,31.2654873348018,12.0241946585903,15.7633732927995
Ethiopia,ET,ETH,2004,267.923513391712,84.2414093017578,NA,11.904046384769,32.6880757897878,10.1065483072868,16.1670492299566
Ethiopia,ET,ETH,2005,290.833381425059,84.017032623291,NA,10.9364647378013,33.8579494869031,10.6438311231901,14.8516589031207
Ethiopia,ET,ETH,2006,313.013896721503,83.7851524353027,NA,8.87143240493906,48.1324881837834,17.0475946213315,9.51582703276699
Ethiopia,ET,ETH,2007,338.799064654308,83.9051669738098,NA,8.26738260053514,48.8580144024267,15.7436975288387,7.69319353227766
Ethiopia,ET,ETH,2008,364.642208155735,83.2063293457031,NA,10.1431001761295,30.228676859433,12.5893247738218,12.8780606408161
Ethiopia,ET,ETH,2009,385.632419711374,82.8488998413086,NA,9.40188635516537,24.8147605185449,10.8894427108421,12.1531167118786
Ethiopia,ET,ETH,2010,421.898622378633,82.5062160491943,NA,10.7618375171957,29.0889182541031,9.24512381574798,12.5031975516212
Ethiopia,ET,ETH,2011,455.909628648555,82.136209487915,48.232935411689,10.8764740793191,29.6593225906755,15.5556916050988,10.583931315438
Ethiopia,ET,ETH,2012,481.639999909808,81.7938632965088,45.3979041835072,11.0704406589647,38.3117968712752,21.6725515248177,8.46637984459639
Ethiopia,ET,ETH,2013,518.324662208106,81.384485244751,41.4717870807625,10.4402875798581,33.1935474114121,17.3452968369419,10.2119139511192
Ethiopia,ET,ETH,2014,556.362532243867,80.9737129211426,40.7410841498626,9.73745298640636,19.2231373676059,34.567844509173,9.55243367655399
Ethiopia,ET,ETH,2015,597.912113218663,80.548433303833,39.6561241449515,9.94334434408776,18.8010110628449,34.6279281046708,10.3776370135472
Ethiopia,ET,ETH,2016,636.835680951429,80.1236381530762,34.8990210816111,9.35821730271435,19.308737608619,32.6946665474066,10.08929364178
Ethiopia,ET,ETH,2017,678.98541915757,79.6915149688721,31.1036494929016,9.44482835647072,18.74062025261,33.2564096068506,11.2325037938413
Ethiopia,ET,ETH,2018,705.96881207336,79.2161903381348,31.1993689777881,8.97336534691479,21.8862606769475,30.474903355412,10.8174774177959
Ethiopia,ET,ETH,2019,744.702789740042,78.7513294219971,28.8152939292608,7.78821928824931,15.1850960563318,31.1924437403836,9.70541576731943
Ethiopia,ET,ETH,2020,768.705424484873,78.3739948272705,24.0061143414049,7.10462875413624,17.8088743849157,30.2946749761992,8.4122686683976
Ethiopia,ET,ETH,2021,790.657019602458,77.8932914733887,24.3450574655662,6.55460436002926,17.1200988070933,26.5438469372001,8.41741927679743
Ethiopia,ET,ETH,2022,811.177729337321,77.2632312774658,26.5954996964257,5.05571917896134,18.542060877121,30.195307848041,7.3017831362622
Ethiopia,ET,ETH,2023,842.446604881663,76.9413528442383,20.5982015071406,4.50496318857986,18.2833667007966,29.6907971510535,6.12162158600518
Ethiopia,ET,ETH,2024,883.458588614999,76.3777160644531,17.4004358586815,4.07207549840636,18.5000840594632,32.1089790836431,NA
Euro area,XC,EMU,2000,30189.3008380116,26.5104803951201,70.5418081502294,36.1940983743289,0.105130948504442,30.5748993450951,37.9298670547612
Euro area,XC,EMU,2001,30766.5726970873,26.23731743262,69.6972047933024,35.8573186520359,0.109280286860753,31.2288235096783,37.9107702178559
Euro area,XC,EMU,2002,30929.8173201796,26.0427010587418,67.3009798101577,35.3552366697073,0.820664542558034,32.0342255521226,38.1671884339805
Euro area,XC,EMU,2003,31005.4460255685,25.8763368713208,65.8310575640424,35.2265941279405,0.868783210367369,32.1678388510599,38.4849387727424
Euro area,XC,EMU,2004,31559.0180212487,25.7245239302209,68.6594661106373,34.8164227969559,0.344985139851169,32.5271730440169,36.8690554258583
Euro area,XC,EMU,2005,31964.0968987768,25.5645245719146,71.7303843344521,34.8769937641155,NA,33.2487834370484,36.7334386179709
Euro area,XC,EMU,2006,32882.2025430207,25.4067391454419,75.8025240478873,35.1309657438116,NA,33.0524154822039,36.1574153551742
Euro area,XC,EMU,2007,33707.163004223,25.2768351109258,77.5110407639923,35.1441942594272,NA,32.8420906371239,35.5828543054936
Euro area,XC,EMU,2008,33692.5979697593,25.1721171844763,78.4270171560824,35.0169203080592,NA,32.0140351898343,36.4359782840521
Euro area,XC,EMU,2009,32081.0242521645,25.0416225996203,68.1038379353722,34.8807194844226,NA,30.8221573028638,39.7400714948249
Euro area,XC,EMU,2010,32682.9836342241,24.8829729974984,75.9885470999795,35.0952059177727,NA,31.569942972157,40.0585036241035
Euro area,XC,EMU,2011,33329.674600975,24.7501937363599,81.1784949954466,35.2122029908848,NA,31.476270334491,38.4868993609793
Euro area,XC,EMU,2012,32959.6032104989,24.5879194914049,82.8178062931547,35.8733637574343,NA,31.0614628291827,39.5329288447008
Euro area,XC,EMU,2013,32867.052177107,24.372467584142,82.5307901176785,36.5560862621124,NA,30.5633062868484,39.541565417922
Euro area,XC,EMU,2014,33296.8666974398,24.1866459182912,82.9707940474164,36.5829942588715,NA,31.5664951546679,39.055451053222
Euro area,XC,EMU,2015,33928.614137702,23.9770617453352,84.3015191376678,36.1926996772478,NA,31.5457760551596,38.2466558499226
Euro area,XC,EMU,2016,34456.7787485334,23.7132642460318,83.3034421746615,36.0412937429596,NA,32.5515156125204,37.802774591529
Euro area,XC,EMU,2017,35301.6485495203,23.5859186437146,86.3221003349213,36.1035323530955,NA,32.9966430456608,37.4906780980446
Euro area,XC,EMU,2018,35860.4204802822,23.4176628681885,87.9677965821851,36.1922903365595,NA,32.854985988768,37.0307000064551
Euro area,XC,EMU,2019,36362.1610606018,23.2502011632894,88.1241601253515,36.0435423398487,NA,32.1121991200069,36.8268461614636
Euro area,XC,EMU,2020,34123.5966842683,23.143500028711,81.3265191323919,36.0508583123849,NA,31.0923715794032,42.7971482774647
Euro area,XC,EMU,2021,36304.0120488212,23.03449034246,88.5555185521565,36.0286419059347,NA,30.3323022094051,41.7906086056193
Euro area,XC,EMU,2022,37533.5524037551,22.9125206335118,100.761322940431,35.866181671887,NA,31.0531675578397,40.0292504480093
Euro area,XC,EMU,2023,37542.8850711276,22.788173004379,92.1561685782896,35.444143580497,NA,29.6539176926842,NA
Euro area,XC,EMU,2024,37747.5762546902,22.6599275481517,88.6423241807433,36.1280644643042,NA,28.6904156729809,NA
Europe & Central Asia,Z7,ECS,2000,18489.7723627187,31.3430266671302,69.1371846013986,34.0488264492079,2.10933976222972,32.671763842661,34.4336575283302
Europe & Central Asia,Z7,ECS,2001,18876.2222676969,31.1337129110421,68.1600759247844,33.8634087796066,1.37044854651437,33.6405419383734,34.5933096436016
Europe & Central Asia,Z7,ECS,2002,19137.987953529,30.9421518690499,65.9864516798915,33.7778045780643,1.3124409291592,32.9621673819744,35.1472631979202
Europe & Central Asia,Z7,ECS,2003,19434.9539216248,30.7515975165273,65.0641336172238,33.3324340659924,1.29501023095659,33.7408609553785,35.5381843125897
Europe & Central Asia,Z7,ECS,2004,19994.9526883816,30.5956833248238,67.4371421154801,33.1687414646952,1.04637239836514,34.1887156286504,34.5098205475009
Europe & Central Asia,Z7,ECS,2005,20483.7052778191,30.4343454749644,69.8070580544957,33.9614508007901,NA,33.5187551931119,34.4676492049961
Europe & Central Asia,Z7,ECS,2006,21218.6420264668,30.2338684020004,73.3067316403161,34.0026883486887,NA,33.689192081294,34.0038270401457
Europe & Central Asia,Z7,ECS,2007,21942.3439443716,30.0324261351008,73.9907599415422,34.3362797409864,NA,33.7465595261517,33.9396529607639
Europe & Central Asia,Z7,ECS,2008,22077.8466393493,29.8357112432863,75.6648910968793,34.4194915251773,NA,32.0247665289261,34.5074761294578
Europe & Central Asia,Z7,ECS,2009,21021.0362461548,29.647668157303,67.2699924595909,33.1768672036375,NA,32.9840028439389,38.2032966042182
Europe & Central Asia,Z7,ECS,2010,21496.9574340089,29.4168603465268,73.4666413574285,34.0323293842334,NA,32.6900692397123,37.7036046270003
Europe & Central Asia,Z7,ECS,2011,21946.7182534558,29.1844706071492,78.0378700117278,33.7158639465968,NA,34.1680469516782,35.9591029170094
Europe & Central Asia,Z7,ECS,2012,21930.9259023068,28.8495061846084,78.8311312029271,33.8695002990375,NA,33.7260891988493,36.7456738766557
Europe & Central Asia,Z7,ECS,2013,22039.7194290423,28.3213650738311,78.4783811592383,34.2591459851761,1.20486777184182,34.1165294158844,36.3665730601742
Europe & Central Asia,Z7,ECS,2014,22377.236628629398,27.7626208943785,78.2842685472163,34.1624549179803,1.90370063460362,33.9471945125128,36.1395023945058
Europe & Central Asia,Z7,ECS,2015,22742.4739859372,27.3133403297571,78.6789943100016,33.6984870453404,1.9584479547597,34.6491301142067,35.8284780129216
Europe & Central Asia,Z7,ECS,2016,23073.4498063679,27.069689385809,78.3753533735528,33.6615111362426,1.65802000478809,35.2084396953493,35.5189562174873
Europe & Central Asia,Z7,ECS,2017,23666.3148569145,26.9604057133959,81.1416996166471,33.7394660802822,1.58693111994199,35.0057123155546,35.2683108626847
Europe & Central Asia,Z7,ECS,2018,24094.598211265,26.8185609912167,83.3239056919053,34.0837271495768,1.46927972435297,34.1582240884846,34.8403118905662
Europe & Central Asia,Z7,ECS,2019,24442.3874231782,26.6373589547387,83.1535716756117,33.9322070616378,1.50091269603079,33.9946368353839,34.7954153415997
Europe & Central Asia,Z7,ECS,2020,23085.0498018734,26.5044055639175,77.0551056464571,33.8536134141553,1.75287578977308,33.1697075435432,40.8340381155425
Europe & Central Asia,Z7,ECS,2021,24641.4252022588,26.3774694052705,83.185632647397,34.0077509487887,1.96516957155354,33.321780388257,38.6992809370927
Europe & Central Asia,Z7,ECS,2022,25489.1529254156,26.270402998787,93.4423112505241,34.1358650710055,1.75638758608708,32.5180493021114,37.1215234090108
Europe & Central Asia,Z7,ECS,2023,25741.0380070691,26.156414176535,86.1529497756613,34.2144887481153,NA,31.3508580715727,38.9195235258643
Europe & Central Asia,Z7,ECS,2024,26049.7447851247,26.0306528142272,82.8433175700461,34.6266121822774,NA,31.0574519744518,NA
Europe & Central Asia (excluding high income),7E,ECA,2000,3245.88534647866,43.2662495847266,64.2475380613866,NA,NA,NA,NA
Europe & Central Asia (excluding high income),7E,ECA,2001,3234.66049997751,42.9596749174159,66.4631964070799,NA,NA,NA,NA
Europe & Central Asia (excluding high income),7E,ECA,2002,3426.15822729396,42.6206942647422,65.3190217284669,NA,NA,NA,NA
Europe & Central Asia (excluding high income),7E,ECA,2003,3636.01340486753,42.2407008477351,65.9337968283356,NA,NA,NA,NA
Europe & Central Asia (excluding high income),7E,ECA,2004,3966.81545088351,41.8556131339817,70.0060845461264,NA,NA,NA,NA
Europe & Central Asia (excluding high income),7E,ECA,2005,4286.86707967653,41.479315496411,66.167401289155407,NA,NA,NA,NA
Europe & Central Asia (excluding high income),7E,ECA,2006,4618.3280614311,41.0779758306794,66.4960483012222,NA,NA,NA,NA
Europe & Central Asia (excluding high income),7E,ECA,2007,4937.15920672959,40.6754345387071,66.4660759388013,NA,NA,NA,NA
Europe & Central Asia (excluding high income),7E,ECA,2008,5057.30262489027,40.237369633183,69.5600290679185,32.5947906891318,4.11348632963537,39.6889841999968,30.4341884072367
Europe & Central Asia (excluding high income),7E,ECA,2009,4846.21223459428,39.7771954226451,61.9417335561053,32.214429254872,3.13579820142031,39.8409712011758,34.7578518702294
Europe & Central Asia (excluding high income),7E,ECA,2010,5149.8055295914,39.2748929624697,61.4781075271409,30.7087539591115,3.60305493286515,41.120158794661,30.3498384310219
Europe & Central Asia (excluding high income),7E,ECA,2011,5534.97431736067,38.6785226583167,68.6230607829263,29.9356072251445,3.349203927031,39.5142850782054,27.1861712785884
Europe & Central Asia (excluding high income),7E,ECA,2012,5714.90712667646,37.7330468473774,68.110663995319,29.8348825813534,3.47374937976241,41.3857635679015,27.3123770014644
Europe & Central Asia (excluding high income),7E,ECA,2013,6037.24531324726,36.1499960444341,64.5251936232523,29.5173106547975,3.28590033584567,40.9522247581891,26.9407733263278
Europe & Central Asia (excluding high income),7E,ECA,2014,6178.94474790458,34.4344004077675,64.6838803393192,28.9769362168247,2.90207301138316,39.2349156509456,27.6609647178304
Europe & Central Asia (excluding high income),7E,ECA,2015,6338.80741019255,33.1864155078559,61.6783647418943,28.2908720888195,3.18789587416055,39.7451141291945,27.0647108284392
Europe & Central Asia (excluding high income),7E,ECA,2016,6462.34464500545,32.7971258199649,61.4568548156496,28.2448137335995,3.11405482067675,40.1154252940869,27.9929642791997
Europe & Central Asia (excluding high income),7E,ECA,2017,6792.21425054227,32.7091574779177,66.3429884847379,27.7408586530356,3.05769451753558,39.9500823564941,28.8090042364875
Europe & Central Asia (excluding high income),7E,ECA,2018,6989.62463883041,32.5535007081771,72.0679891452876,28.4763641865432,3.04166427884687,41.928235388066,28.9232965819671
Europe & Central Asia (excluding high income),7E,ECA,2019,7109.90457345448,32.2482913827339,71.0255690842484,27.8322027824621,2.82975655945905,40.6164924336732,30.2689663641641
Europe & Central Asia (excluding high income),7E,ECA,2020,7080.0362508299,32.0452822107874,65.2674804509648,27.2748873828778,3.05523371910244,39.9685971817015,30.8303292403362
Europe & Central Asia (excluding high income),7E,ECA,2021,7690.46991422501,31.849574544441,73.197085076504,27.0244168563426,3.14616908878397,39.8394931488335,28.160669280983
Europe & Central Asia (excluding high income),7E,ECA,2022,7972.62807689424,31.8371060740497,82.1952392128498,26.4609758584764,2.94930593225937,38.7575900609177,28.8684752527582
Europe & Central Asia (excluding high income),7E,ECA,2023,8435.75381106955,31.8377475509473,72.2995707258912,29.8176676625799,3.42970628623294,35.6269367595938,32.238802325932
Europe & Central Asia (excluding high income),7E,ECA,2024,8719.2497368167,31.7300568763584,64.7847278825453,31.6900152329217,3.06058419047955,38.2607819400316,NA
Europe & Central Asia (IDA & IBRD countries),T7,TEC,2000,4437.3279983663,37.3315049763611,64.9879524758554,26.3059085355949,5.23967088291587,38.803258288864,25.3697990654903
Europe & Central Asia (IDA & IBRD countries),T7,TEC,2001,4558.68495710412,37.1605418597205,62.8832402636728,27.7984031103222,5.20317155068311,36.4482942659608,26.4531051615791
Europe & Central Asia (IDA & IBRD countries),T7,TEC,2002,4789.40719343969,36.9866336070724,62.2343767455734,30.6727531043446,5.59243145698027,36.0723921832303,26.1762526753305
Europe & Central Asia (IDA & IBRD countries),T7,TEC,2003,5084.48553032781,36.7777320576996,63.4457735757048,28.3446995788205,6.21172799487236,38.4908537357018,26.7223471940375
Europe & Central Asia (IDA & IBRD countries),T7,TEC,2004,5481.95683609424,36.6376446531452,64.6001676352218,27.7171463786343,5.28826146803675,38.8076069463192,25.5427594753509
Europe & Central Asia (IDA & IBRD countries),T7,TEC,2005,5843.32142618431,36.5141232420243,63.0839297073983,NA,4.89724862124637,36.9187554346626,NA
Europe & Central Asia (IDA & IBRD countries),T7,TEC,2006,6297.57598769406,36.2978286392725,63.5672824021781,NA,3.70899515365437,39.1558519667048,NA
Europe & Central Asia (IDA & IBRD countries),T7,TEC,2007,6778.5300441514,36.0514312888323,62.9130037674809,32.3525927913321,3.94455889337899,42.0319761469724,27.2602380715261
Europe & Central Asia (IDA & IBRD countries),T7,TEC,2008,7066.17131599245,35.8054757270226,64.8891201185721,33.2055191169788,2.97621883917028,38.2838245613222,27.3342699188624
Europe & Central Asia (IDA & IBRD countries),T7,TEC,2009,6711.53031024933,35.5645620596339,58.2829848930419,28.9135607808599,2.49865623748617,39.1096353879806,33.8977277111002
Europe & Central Asia (IDA & IBRD countries),T7,TEC,2010,7000.76886191211,35.2741332580125,60.4647527452973,28.8394204527623,2.4532487645335,40.0025603579418,30.2523820314066
Europe & Central Asia (IDA & IBRD countries),T7,TEC,2011,7380.61822115828,34.9046541871022,63.4361828040048,29.9452537799952,3.04969458069064,39.4873877878119,27.0476241223952
Europe & Central Asia (IDA & IBRD countries),T7,TEC,2012,7600.7808253936,34.3845951081698,63.2136038807818,29.1373377191601,2.95532568376909,40.7778356280313,27.4055604962241
Europe & Central Asia (IDA & IBRD countries),T7,TEC,2013,7818.91433979736,33.5335366366835,61.9465793952155,28.7603736533784,2.92589456587331,40.3915070450671,27.553309451567
Europe & Central Asia (IDA & IBRD countries),T7,TEC,2014,7958.16097502701,32.6088108977115,62.9818829516057,28.8477946722222,2.88475015396377,38.3863997180018,28.6132075304193
Europe & Central Asia (IDA & IBRD countries),T7,TEC,2015,8034.6842596255,31.9280110818081,62.4942417165777,27.5395656995444,2.99006068570697,39.4839609624046,29.9904728108297
Europe & Central Asia (IDA & IBRD countries),T7,TEC,2016,8146.53010473417,31.7001335275844,61.8690279724338,27.3897681859149,2.82296349637583,38.6237213759785,30.5050860763596
Europe & Central Asia (IDA & IBRD countries),T7,TEC,2017,8464.38023977556,31.6328003171014,64.6082733747908,27.3285309162177,2.72612681609126,38.5669409439683,30.578217886904
Europe & Central Asia (IDA & IBRD countries),T7,TEC,2018,8750.28088810459,31.5343675850744,69.0547727880078,29.0017170469839,2.9814072211377,40.7160099023625,29.794095224277
Europe & Central Asia (IDA & IBRD countries),T7,TEC,2019,8959.32260249973,31.3606118640076,67.4494050119772,28.7721087993091,2.7020747919651,40.4128628575128,30.7410893685368
Europe & Central Asia (IDA & IBRD countries),T7,TEC,2020,8812.50868521582,31.2449245215722,62.9043943187098,28.6671797937498,2.63088723774295,39.8394931488335,34.4887023825262
Europe & Central Asia (IDA & IBRD countries),T7,TEC,2021,9476.65110748915,31.1319629290291,70.0495786932915,28.244571031902,3.14511134068824,39.1790873908591,31.0395045836972
Europe & Central Asia (IDA & IBRD countries),T7,TEC,2022,9708.77674684136,31.0887216717609,72.6918504065243,28.0341807408699,2.88370875136166,37.9761036296853,31.4403888652011
Europe & Central Asia (IDA & IBRD countries),T7,TEC,2023,10132.3013270566,31.0400191470348,65.6593833412684,30.3674946961174,3.30034853853335,35.1253772738396,32.2545033251129
Europe & Central Asia (IDA & IBRD countries),T7,TEC,2024,10509.1101785927,30.930477274716,60.2919957606793,29.6219203250154,2.36121191513289,36.7749542883372,NA
European Union,EU,EUU,2000,26365.8085370636,28.4800263527161,71.5705308027643,36.17883417327,1.08743944089994,31.6346980289563,37.6706814909158
European Union,EU,EUU,2001,26899.8894391635,28.2430007972923,70.729960303726,35.7581953021833,1.05986664720877,32.393930657733,37.6647856154102
European Union,EU,EUU,2002,27131.1240490784,28.0553838147023,68.4361597036627,35.2458287692514,1.0199063368665,32.5953490997434,37.9096583616909
European Union,EU,EUU,2003,27284.7373654402,27.9111490281714,67.3582029677997,35.1711795618299,0.948938671376167,33.0588094022999,38.2278774856964
European Union,EU,EUU,2004,27885.7767479776,27.769112689923,70.3968822673266,34.7541522403462,0.391886814372421,33.9139736057472,36.6579861856864
European Union,EU,EUU,2005,28334.7697308438,27.5997648292823,73.5521083200505,34.9171499618968,NA,35.1597342920407,36.4639370213631
European Union,EU,EUU,2006,29246.6564527789,27.4385079300871,77.9839965237354,35.1062608693426,NA,34.243994479202,35.8842413207282
European Union,EU,EUU,2007,30060.2071364862,27.3113697025417,79.7970750209135,35.2511150944131,NA,33.6809319301327,35.367559197838
European Union,EU,EUU,2008,30144.6595203745,27.1786011816779,80.7845236252072,35.045631485177,NA,32.0247665289261,36.1702471327922
European Union,EU,EUU,2009,28771.7442854218,27.0531530378787,70.5061152819935,34.770529086096,NA,32.8302458042513,39.3627412125232
European Union,EU,EUU,2010,29352.9533503664,26.8907668804455,78.2822047070773,34.9745218887578,NA,32.7741585212464,39.6063137309556
European Union,EU,EUU,2011,29974.1599339174,26.7837903938779,83.4716467909952,35.0994088885444,NA,32.0542601888651,38.1416876111684
European Union,EU,EUU,2012,29700.9101574933,26.6473343806737,85.0873053879509,35.701420834139,NA,33.0235342364271,39.1108540622402
European Union,EU,EUU,2013,29667.2132839257,26.4623223381629,84.7802574446217,36.2974391200984,NA,33.535101291134,39.114670187127
European Union,EU,EUU,2014,30117.891265209,26.3016834819709,85.4945619031171,36.3468117078876,NA,32.5752462290791,38.6192095651917
European Union,EU,EUU,2015,30771.6635221374,26.125625733415198,86.6784730245276,35.9796397851748,NA,32.6265870772963,37.8174594431494
European Union,EU,EUU,2016,31300.1655435498,25.910922716891,85.7843525287716,35.8622336818319,NA,34.3605294431013,37.3799414431335
European Union,EU,EUU,2017,32135.668371076,25.8059200889607,88.7153593417555,35.9197538638933,NA,33.5792696051467,37.0249786714846
European Union,EU,EUU,2018,32739.0873976707,25.6719004155681,90.4287934541118,36.004139989731,NA,33.7590728166706,36.5839986171412
European Union,EU,EUU,2019,33289.4438136062,25.5403508475156,90.5535167755498,35.8993082701878,NA,33.751477741709,36.4012159190415
European Union,EU,EUU,2020,31435.0432357987,25.4500197832758,83.8178435756324,35.8822870370293,NA,31.1535832589367,42.208568010465
European Union,EU,EUU,2021,33488.0493001082,25.3530569099385,91.2027987709932,35.9402205454404,NA,31.4723255827524,41.0525897923879
European Union,EU,EUU,2022,34606.1111714906,25.2340317993194,103.704297824246,35.6807315602308,NA,31.7877880404884,39.3351784702831
European Union,EU,EUU,2023,34626.5282460477,25.1056497280388,95.2184322373871,35.3559573971369,NA,30.8906550188244,NA
European Union,EU,EUU,2024,34899.3225839678,24.9699900035801,91.6412129770423,36.004842321992,NA,29.2149720650972,NA
Faroe Islands,FO,FRO,2000,NA,64.3013229370117,110.545353366722,NA,NA,NA,NA
Faroe Islands,FO,FRO,2001,NA,64.0657844543457,104.904366916234,NA,NA,NA,NA
Faroe Islands,FO,FRO,2002,NA,64.0634574890137,98.6231560125168,NA,NA,NA,NA
Faroe Islands,FO,FRO,2003,NA,63.8723526000977,108.258290126639,NA,NA,NA,NA
Faroe Islands,FO,FRO,2004,NA,63.682014465332,93.415398908373,NA,NA,NA,NA
Faroe Islands,FO,FRO,2005,NA,63.6679420471191,100.962759404909,NA,NA,NA,NA
Faroe Islands,FO,FRO,2006,NA,63.5415802001953,97.3947177610908,NA,NA,NA,NA
Faroe Islands,FO,FRO,2007,NA,63.7070121765137,99.5060041310306,NA,NA,NA,NA
Faroe Islands,FO,FRO,2008,44623.0315871975,63.5320777893066,103.496222535589,NA,NA,NA,NA
Faroe Islands,FO,FRO,2009,42379.0851176044,63.1111907958984,96.8608080332117,NA,NA,NA,NA
Faroe Islands,FO,FRO,2010,42334.391628988,62.7463073730469,97.1824434582361,NA,NA,NA,NA
Faroe Islands,FO,FRO,2011,43947.1570625821,62.7024040222168,105.846453473678,NA,NA,NA,NA
Faroe Islands,FO,FRO,2012,47304.8451728204,62.6755027770996,117.157793662648,NA,NA,NA,NA
Faroe Islands,FO,FRO,2013,50121.7919684574,62.2585182189941,114.062282820929,NA,NA,NA,NA
Faroe Islands,FO,FRO,2014,52645.8769957728,62.0906105041504,106.142539193387,NA,NA,NA,NA
Faroe Islands,FO,FRO,2015,52638.2668218454,61.8568496704102,105.610671594387,NA,NA,NA,NA
Faroe Islands,FO,FRO,2016,52758.462646154,61.6799774169922,104.552703002397,NA,NA,NA,NA
Faroe Islands,FO,FRO,2017,53832.1022752798,61.6675300598145,107.238908370178,NA,NA,NA,NA
Faroe Islands,FO,FRO,2018,54432.5257658066,61.5941162109375,106.874664759521,NA,NA,NA,NA
Faroe Islands,FO,FRO,2019,56031.6628701293,61.6054344177246,108.623245950251,NA,NA,NA,NA
Faroe Islands,FO,FRO,2020,54305.7918823334,61.3310012817383,96.224193751839607,NA,NA,NA,NA
Faroe Islands,FO,FRO,2021,56275.5306614124,61.1916236877441,103.488037146112,NA,NA,NA,NA
Faroe Islands,FO,FRO,2022,57784.7223702914,61.0040175453243,122.86334141193,NA,NA,NA,NA
Faroe Islands,FO,FRO,2023,59067.5637446297,60.8024729876355,113.336400780359,NA,NA,NA,NA
Faroe Islands,FO,FRO,2024,59302.1098546142,60.5867674117035,105.752803037623,NA,NA,NA,NA
Fiji,FJ,FJI,2000,3960.88903458193,51.9350119128789,135.895641463483,NA,NA,NA,NA
Fiji,FJ,FJI,2001,3998.79730008036,51.5712085408538,129.997341839447,NA,NA,NA,NA
Fiji,FJ,FJI,2002,4086.1043298133,51.2204860855269,126.052579068143,NA,NA,NA,NA
Fiji,FJ,FJI,2003,4087.72446536081,50.8739505117109,128.975969916537,NA,NA,NA,NA
Fiji,FJ,FJI,2004,4264.59725802376,50.5227077842183,125.121987598815,24.5748226119196,18.3314753733139,42.3606381178567,25.1000404849673
Fiji,FJ,FJI,2005,4255.45096025011,50.1578638678615,117.740079365079,24.1289682539683,17.9670383571499,41.7792093129721,24.7111111111111
Fiji,FJ,FJI,2006,4295.40677074806,49.7705247274532,118.048331674709,25.6627239236157,15.9279318754338,42.2224292844296,26.5294365623298
Fiji,FJ,FJI,2007,4223.44802067613,49.3505430223025,110.389514898623,21.7598165963859,18.2820319093082,29.4112982662785,23.1303569814893
Fiji,FJ,FJI,2008,4240.77264898616,48.9020247426661,130.997847976458,25.1502561263142,17.5662308907951,38.6861102615809,21.4422073844431
Fiji,FJ,FJI,2009,4164.29314815569,48.4371986830421,108.869117411674,24.8233637913927,18.3527813982906,34.6434776544943,23.8792791467939
Fiji,FJ,FJI,2010,4272.35916210382,47.9584852214896,121.227903395671,24.3650066416798,19.4848606614022,40.3566694852819,23.8350458055167
Fiji,FJ,FJI,2011,4375.58083514077,47.4664550524895,124.476834805196,25.3575957861965,17.5513767440831,44.1601386779907,22.2436207511801
Fiji,FJ,FJI,2012,4427.97841523552,46.9616788705229,125.285791685112,25.0670322733988,19.2549061783614,43.723773925522,22.9944491731373
Fiji,FJ,FJI,2013,4630.3512738488,46.4447273700709,126.348386724849,25.3909683380951,20.4975694038857,48.3547333863243,24.3834617971389
Fiji,FJ,FJI,2014,4883.24299340799,45.9161712456144,110.812306063192,25.9927531840075,19.6848796769581,47.4624290053469,25.8269182612467
Fiji,FJ,FJI,2015,5097.53106864695,45.3765811916347,101.189048956211,26.9109829526146,18.9092799638479,46.4721358711325,26.5860776011648
Fiji,FJ,FJI,2016,5218.85824573477,44.8265279026126,97.1744905841206,25.6979640414781,20.2527260101237,42.605309319556,25.3275491706505
Fiji,FJ,FJI,2017,5500.67840280072,44.2591656550391,97.0216625258442,27.2286335314833,18.7036822678658,43.0710153554071,25.3702932755711
Fiji,FJ,FJI,2018,5720.21445752907,43.7671652614302,103.235419948556,26.2378048405692,19.090288636544,45.8324484457146,28.0255867196907
Fiji,FJ,FJI,2019,5701.10434532357,43.29010447743,110.696192117501,25.6792160064432,18.8996538657712,46.4554376348141,27.9271534768037
Fiji,FJ,FJI,2020,4721.12281287253,42.813315308126,78.0763651830605,20.2725749260015,17.0693351837132,40.6754193385786,32.529176076387
Fiji,FJ,FJI,2021,4507.33353013335,42.3381635238072,87.2159321837078,18.8626505402079,13.8859089105507,33.7486281452739,36.2945118850375
Fiji,FJ,FJI,2022,5291.51692439451,41.8647298534734,119.213746657784,20.7707097923036,16.2521494614733,47.3498792181296,29.9393213276694
Fiji,FJ,FJI,2023,5761.56947891018,41.3930950261232,126.282134510517,23.1702116618249,13.7849881691154,43.5129338846163,27.7596127035997
Fiji,FJ,FJI,2024,5935.20895738332,40.9233397707543,118.962880886427,26.6155546921514,13.0091247906872,44.4113754937817,NA
Finland,FI,FIN,2000,37872.6020343504,32.8772314650461,74.9255788717317,40.1148211693282,-0.0143934078192188,33.2739605260791,33.9177041631839
Finland,FI,FIN,2001,38784.1308115726,32.5017607178042,70.2841376639721,37.9716899587174,-0.00358390825194875,33.6959053848221,33.2570377490267
Finland,FI,FIN,2002,39343.0698997627,32.2048358430801,69.3209377526273,38.27539746699,NA,34.3040781677697,34.3249797898141
Finland,FI,FIN,2003,40038.9839702277,31.9574450873142,68.0715029595159,37.6366057186548,0.00172494092077346,36.03919065772,34.9011956708016
Finland,FI,FIN,2004,41521.962874476,31.7233403232867,70.967802899062,37.4301535205145,0.00165826479172194,35.6759087291059,34.5966070517384
Finland,FI,FIN,2005,42529.3506920884,31.4859470482396,76.5889740444293,37.6003546573063,0.00159033078880407,35.5104961832061,34.6883995481763
Finland,FI,FIN,2006,44069.3958834717,31.2411720150673,82.0005669294983,37.7794875651535,NA,35.0718531336995,34.2865076564407
Finland,FI,FIN,2007,46213.6898975737,30.9799622683037,82.8631608209175,37.4143986656616,NA,33.9161969554278,32.6421075703388
Finland,FI,FIN,2008,46359.8732844055,30.7056327803639,86.1896598765527,37.3868099849166,NA,33.3360452345117,33.3724575682229
Finland,FI,FIN,2009,42412.5133513534,30.453740033053,70.1279335295898,35.7680138663438,NA,36.1388607614067,38.2259883896883
Finland,FI,FIN,2010,43556.5385834368,30.2144201203053,75.4612085231229,35.3027154299564,NA,36.6633145020557,38.4162383668089
Finland,FI,FIN,2011,44391.4535667984,29.9416738125748,78.7159444486606,36.8450077154638,NA,37.5587933178353,37.9949912726721
Finland,FI,FIN,2012,43507.9345371578,29.6338636831288,79.4303765882482,37.3673756600026,NA,37.7796743697479,39.0731517432053
Finland,FI,FIN,2013,42883.6384986417,29.3257881840723,77.485171771574,37.7352000275188,0.00127901771439534,38.4025068747202,40.2865889914839
Finland,FI,FIN,2014,42502.4880199858,29.0120831059247,74.6277719754196,37.7605596172063,NA,38.2932719663156,40.7932768210634
Finland,FI,FIN,2015,42560.3456767103,28.6945069959396,71.9618253787014,37.6194146304331,NA,37.8351168947388,40.6832800487174
Finland,FI,FIN,2016,43529.6761616969,28.3841616571829,71.7222101178859,37.9719725380939,NA,38.395257296467,39.9389014310416
Finland,FI,FIN,2017,44862.220404205,28.0436961687044,75.9387822310041,36.995006808897,NA,38.4880090818788,38.1729904853453
Finland,FI,FIN,2018,45337.2409550575,27.6576532259657,79.1436148422846,37.0151570686272,NA,38.9997937246453,37.678359673142
Finland,FI,FIN,2019,45898.5708448954,27.2568785641686,80.5641502947367,36.8814932206374,NA,38.722309241441,37.3099724129835
Finland,FI,FIN,2020,44690.9801103074,26.9150560208327,72.1845955995888,35.469801638838,NA,39.9585242117843,41.4819765892371
Finland,FI,FIN,2021,45792.0454180872,26.6289784219671,79.7892781913782,37.0226399318229,NA,38.0909139469045,40.1026675885578
Finland,FI,FIN,2022,46016.1492103929,26.3032402164051,94.5625340522667,37.1815056268435,NA,37.081598791865,37.9345069231781
Finland,FI,FIN,2023,45196.4814400136,25.9937451397172,85.5141847218915,42.2578341056025,NA,31.0377471131049,44.9061372502335
Finland,FI,FIN,2024,45075.1684940688,25.7362809536364,83.4510295550974,41.7920019710645,NA,31.5059063482621,NA
France,FR,FRA,2000,33255.1379642335,23.4856016853907,57.7860470318197,43.439130304069,0.00296836457641203,25.568180131611,44.7395900950739
France,FR,FRA,2001,33640.6738002565,23.0925586392189,56.8932328560722,43.8061268925512,0.00108912179186495,24.7261977654205,45.1259611564405
France,FR,FRA,2002,33753.5782979758,22.7456133392475,55.1325248503102,43.143824638998296,7.04895395726072e-4,25.1099012691201,46.1481322288413
France,FR,FRA,2003,33840.6175720101,22.5308783964862,52.5988822870657,42.548360587428,-7.24356861651461e-5,25.2167746562021,46.378152228103
France,FR,FRA,2004,34557.1471111581,22.5099499988039,53.7497648292028,42.5896362595371,NA,24.6861805945766,45.7123683832106
France,FR,FRA,2005,34946.0372494703,22.5636684894562,55.8228361241299,42.7236277428812,0.00967042577901722,24.3134030905778,45.7486480076561
France,FR,FRA,2006,35645.4162427116,22.6532759931352,57.8692775292673,42.9995642519304,1.25979347701614e-5,23.883164737272,45.247946285329
France,FR,FRA,2007,36322.1685141004,22.7542023393843,58.1525611309659,42.4848634559389,0.00573299707847926,23.3322656840893,44.9111535137718
France,FR,FRA,2008,36257.3658930938,22.8438098430633,59.1797928411748,42.4509058971215,0.00589507546939538,22.6137344131186,45.2341073217247
France,FR,FRA,2009,35052.8510772683,22.8994608190324,52.1991123027613,41.8198464935277,0.00852309152540363,22.7006613671978,48.4059324731452
France,FR,FRA,2010,35578.1968010183,22.9037155191197,56.587555247796,43.2656767272935,0.00660016021020468,22.0130627591866,49.6925291037396
France,FR,FRA,2011,36269.9561530888,22.8817282612491,60.6056354816406,42.9691339303891,0.0167026997318427,22.191082722039,47.927974289251
France,FR,FRA,2012,36161.2918253465,22.8330535080084,61.6589570771102,43.8790803963843,0.00425615041017285,21.9810743178428,48.5371716441042
France,FR,FRA,2013,36256.086680981,22.7559278529082,61.8192338733962,44.7264579054071,0.0133915630832777,21.80026262226,49.0717319139337
France,FR,FRA,2014,36444.3949089146,22.6475703211387,62.1992669379507,44.9324802595085,0.00506341828061402,21.8654004952023,49.1207847434763
France,FR,FRA,2015,36702.4323733379,22.2389080849934,63.5046871956484,44.6530065209365,0.00457786024708238,22.1810146979833,48.4491880082217
France,FR,FRA,2016,36920.5342846914,21.4000885294221,63.3427564383351,44.4509842015877,0.00524158886267199,22.4053933530202,48.1500427991658
France,FR,FRA,2017,37580.5979329356,21.3532195973632,65.3958481559711,45.0848754876607,0.00367788929417723,22.5991585570014,48.466341621356
France,FR,FRA,2018,38062.4435961412,21.3285567463401,66.8022607812266,44.7259377621146,0.00360716766998137,22.8527836085745,47.1000773214216
France,FR,FRA,2019,38705.2072940618,21.3109215450644,66.4289607281749,43.3488714857635,0.00442636561855352,23.3997463975035,45.8897902925031
France,FR,FRA,2020,35709.2045925926,21.2880868234751,58.8388907240647,42.9822123869451,0.00298720163332219,23.1705281890269,51.9636314257982
France,FR,FRA,2021,38030.8571685178,21.2635396607662,63.788482630872,42.5814409563757,0.00339106359426529,20.7826373144756,49.9944440065304
France,FR,FRA,2022,38868.3303330557,21.2408078876644,75.9630077981996,43.4321332366138,0.00332012773808381,20.0167096069854,48.8603228368138
France,FR,FRA,2023,39319.4152227295,21.2195676873453,70.6261450610225,41.6513891623385,0.00309948994123367,19.3352884134029,47.2580360132692
France,FR,FRA,2024,39683.3953489029,21.2000249035884,68.1081875443744,42.1079880169865,0.00325332565114703,18.8612367956662,NA
French Polynesia,PF,PYF,2000,22498.8285530328,44.045746005572,27.9447311178519,NA,NA,NA,NA
French Polynesia,PF,PYF,2001,22076.5919162624,44.1068124150298,NA,NA,NA,NA,NA
French Polynesia,PF,PYF,2002,21932.9195333418,44.1368205559315,NA,NA,NA,NA,NA
French Polynesia,PF,PYF,2003,22055.6419702196,44.0716449779262,NA,NA,NA,NA,NA
French Polynesia,PF,PYF,2004,21919.9410589378,43.7270050058213,NA,NA,NA,NA,NA
French Polynesia,PF,PYF,2005,21661.4244664054,43.1527149179299,58.8757396449704,NA,NA,NA,NA
French Polynesia,PF,PYF,2006,21545.5997136473,42.4174165674871,56.6132574828647,NA,NA,NA,NA
French Polynesia,PF,PYF,2007,21648.532237682,41.5897518077279,57.455468093766,NA,NA,NA,NA
French Polynesia,PF,PYF,2008,21493.4178311249,40.7383624918871,58.0396477672874,NA,NA,NA,NA
French Polynesia,PF,PYF,2009,20499.7723032831,39.9318904731999,51.6750777052154,NA,NA,NA,NA
French Polynesia,PF,PYF,2010,19913.0252687915,39.2389776049012,54.0438821122259,NA,NA,NA,NA
French Polynesia,PF,PYF,2011,19241.6437951625,38.7282657402259,56.2319854247632,NA,NA,NA,NA
French Polynesia,PF,PYF,2012,18968.4422157904,38.4713460395408,57.8806819793666,NA,NA,NA,NA
French Polynesia,PF,PYF,2013,18930.1268887012,38.3869513338005,56.0619675585513,NA,NA,NA,NA
French Polynesia,PF,PYF,2014,18928.1858620128,38.3175192598732,56.2324578944225,NA,NA,NA,NA
French Polynesia,PF,PYF,2015,19166.9594761931,38.2625257845093,55.6304686354336,NA,NA,NA,NA
French Polynesia,PF,PYF,2016,19516.0718353276,38.2255618630349,53.6164949427793,NA,NA,NA,NA
French Polynesia,PF,PYF,2017,20287.7685831663,38.2103058937154,54.5776905038178,NA,NA,NA,NA
French Polynesia,PF,PYF,2018,20674.4206829029,38.2111974763125,65.0146628512067,NA,NA,NA,NA
French Polynesia,PF,PYF,2019,21289.8751241139,38.2175857572492,63.3061124024003,NA,NA,NA,NA
French Polynesia,PF,PYF,2020,19026.790444196,38.2326899079,45.8331834386023,NA,NA,NA,NA
French Polynesia,PF,PYF,2021,19626.2332540206,38.2600186773992,52.9788183937695,NA,NA,NA,NA
French Polynesia,PF,PYF,2022,20160.4994298379,38.3086193062888,69.5264023221442,NA,NA,NA,NA
French Polynesia,PF,PYF,2023,20664.9770259225,38.3032864971431,71.672203765227,NA,NA,NA,NA
French Polynesia,PF,PYF,2024,20846.6514059991,38.2808015275669,64.4688665693732,NA,NA,NA,NA
Gabon,GA,GAB,2000,7596.09970650519,20.4339595349562,101.701928939637,NA,NA,NA,NA
Gabon,GA,GAB,2001,7556.76995314898,19.5909006562552,83.6386132424108,NA,NA,NA,NA
Gabon,GA,GAB,2002,7338.75620613605,18.7794758125826,84.7590815376223,NA,NA,NA,NA
Gabon,GA,GAB,2003,7301.67154442842,18.0029169908426,80.3026082056312,NA,NA,NA,NA
Gabon,GA,GAB,2004,7148.98713447497,17.2644561779389,81.7675371418698,NA,NA,NA,NA
Gabon,GA,GAB,2005,7130.22505771754,16.5673253607757,83.9495998399241,NA,NA,NA,NA
Gabon,GA,GAB,2006,6724.08148977274,15.9147565262569,88.6494092562519,NA,NA,NA,NA
Gabon,GA,GAB,2007,6908.67399162999,15.3099816612864,85.1324791636578,NA,NA,NA,NA
Gabon,GA,GAB,2008,6468.38523357609,14.7562327527684,88.9988725945748,NA,NA,NA,NA
Gabon,GA,GAB,2009,6264.83611480154,14.2567417876068,83.5045774235636,NA,NA,NA,NA
Gabon,GA,GAB,2010,6481.49612073562,13.8147407527055,89.1576627248353,NA,NA,NA,NA
Gabon,GA,GAB,2011,6699.23394606512,13.4334616349685,90.4983773331323,NA,NA,NA,NA
Gabon,GA,GAB,2012,6803.22668079211,13.1161364212999,92.3428089420545,29.7921686297394,15.5872708123541,7.4605799546230704,16.2796182811036
Gabon,GA,GAB,2013,6938.25753862236,12.8517519328363,90.6350361478645,29.8577367055226,15.4538925923988,11.2329058017867,16.330781875643
Gabon,GA,GAB,2014,6998.60545439576,12.3763982037031,73.5203290162438,25.6652848775731,15.6014806949751,12.9582177268346,15.2532453291979
Gabon,GA,GAB,2015,7047.12654634355,11.914691616108,73.9497814588281,20.0751681373457,20.7842119739415,10.643704589095,17.1851872348986
Gabon,GA,GAB,2016,6991.3251446736,11.4554116593822,70.1333810645308,17.392060572169,19.1815934572681,15.8552621420785,17.0854995180674
Gabon,GA,GAB,2017,6840.05959347802,10.9990266743104,75.0687404456638,17.6545271161171,16.0877529569804,14.8770918049239,15.6674947805283
Gabon,GA,GAB,2018,6724.5961429108,10.5460050018134,77.0365976973024,16.7820062631389,16.1989055368851,10.2012441530808,13.6976362674135
Gabon,GA,GAB,2019,6817.56879468764,10.0968149829606,73.4280894486644,19.4073418934518,14.8806185443614,10.6181196953721,13.5418676122117
Gabon,GA,GAB,2020,6534.27966529444,9.6519249589853,70.1140546463796,17.4201458735185,20.0879209645193,10.5566649988856,16.4453716158986
Gabon,GA,GAB,2021,6479.0490069252,9.2118032713033,85.3483122054787,15.1149123543053,19.832179517526,13.9513399190102,14.0519584891347
Gabon,GA,GAB,2022,6527.48207901861,8.7756644540012,92.0630888496921,NA,NA,NA,NA
Gabon,GA,GAB,2023,6541.25368618042,8.3624037202687,91.4786533179144,NA,NA,NA,NA
Gabon,GA,GAB,2024,6618.9868586134,8.1367905322425,92.0468055146014,NA,NA,NA,NA
"Gambia, The",GM,GMB,2000,659.911237641141,53.0277667126216,56.3598198850954,NA,NA,NA,NA
"Gambia, The",GM,GMB,2001,679.539755947951,51.6508020234083,46.9292631865623,NA,NA,NA,NA
"Gambia, The",GM,GMB,2002,640.03893213613,50.4268846622967,59.642950918834,NA,NA,NA,NA
"Gambia, The",GM,GMB,2003,665.834222326194,49.3989922004629,68.8587930342232,NA,NA,NA,NA
"Gambia, The",GM,GMB,2004,693.563314497133,48.4937977402199,49.9342995615683,NA,NA,NA,NA
"Gambia, The",GM,GMB,2005,658.676285443081,47.6417867339387,50.0187233950976,NA,NA,NA,NA
"Gambia, The",GM,GMB,2006,636.596026908866,46.8396714629434,50.374468581975,NA,NA,NA,NA
"Gambia, The",GM,GMB,2007,637.20930597537,46.0803890576146,44.2938444656791,NA,NA,NA,NA
"Gambia, The",GM,GMB,2008,657.675679192228,45.3568766483329,39.0890994561344,NA,NA,NA,NA
"Gambia, The",GM,GMB,2009,681.433469086571,44.6620713654791,41.7773944257977,NA,NA,NA,NA
"Gambia, The",GM,GMB,2010,701.014524591061,43.9889103394338,41.0125150279466,NA,NA,NA,NA
"Gambia, The",GM,GMB,2011,625.464360270983,43.3303307005775,42.6397020468894,NA,NA,NA,NA
"Gambia, The",GM,GMB,2012,639.139881889048,42.6792695792909,47.7006731141985,NA,NA,NA,NA
"Gambia, The",GM,GMB,2013,638.522368532214,42.029694388495,45.4619193623296,NA,NA,NA,NA
"Gambia, The",GM,GMB,2014,611.879472952196,41.3858200344449,58.2579307752264,NA,NA,NA,NA
"Gambia, The",GM,GMB,2015,619.536364296461,40.7541500591612,44.5223730803813,NA,NA,NA,NA
"Gambia, The",GM,GMB,2016,615.193365494386,40.1347527513437,38.1140879565948,NA,NA,NA,NA
"Gambia, The",GM,GMB,2017,628.777299272925,39.528287342763,55.7335796090833,NA,NA,NA,NA
"Gambia, The",GM,GMB,2018,658.127833258563,38.9354130651893,64.8124640003735,NA,NA,NA,NA
"Gambia, The",GM,GMB,2019,682.797642940426,38.356789150393,55.9979116186993,NA,NA,NA,NA
"Gambia, The",GM,GMB,2020,670.758642891251,37.7930748301445,47.3955201736291,NA,NA,NA,NA
"Gambia, The",GM,GMB,2021,689.49323955737,37.2449293362141,42.0979827971754,NA,NA,NA,NA
"Gambia, The",GM,GMB,2022,710.686979216316,36.7130119003722,44.7219215369466,NA,NA,NA,NA
"Gambia, The",GM,GMB,2023,735.612384062616,36.1979817543892,39.9620173467122,NA,NA,NA,NA
"Gambia, The",GM,GMB,2024,758.965888826955,35.7005896590355,42.1706172080435,NA,NA,NA,NA
Georgia,GE,GEO,2000,1561.19867638847,47.5064000407741,62.6613956413099,14.2840595058827,6.04126296591816,46.4379345719822,15.0783538250236
Georgia,GE,GEO,2001,1661.83019106421,47.5901834959651,63.3299250824094,15.1115373089601,5.20317155068311,45.1680036038628,16.059334731795
Georgia,GE,GEO,2002,1768.5970116888,47.5872323972961,71.6291255364807,14.7103004291845,5.59243145698027,50.1978791641727,15.4117489270386
Georgia,GE,GEO,2003,1977.46143338741,47.4855294336659,77.6333765369391,14.2221599467545,6.35660138976627,46.3123815540114,14.580633107974
Georgia,GE,GEO,2004,2105.00472843799,47.2826800682775,79.0407459055607,21.1842065083517,6.42038102886718,39.6912506134832,19.7530612868092
Georgia,GE,GEO,2005,2321.60084285163,46.9963719375641,84.5295975354749,22.4173687063825,4.5837023914969,47.7635075287865,21.7521878684095
Georgia,GE,GEO,2006,2554.81253503914,46.6406083478416,89.125374368197,24.4795103662826,3.70899515365437,47.0403675378883,23.427290988332
Georgia,GE,GEO,2007,2891.13702331846,46.2293926054259,88.3934140686603,27.2781838082124,1.0734486602535,49.591263779365,26.1307064929563
Georgia,GE,GEO,2008,2970.15858282428,45.7767280166327,86.2982243681487,26.1065588810426,0.927299040540299,46.2309492754918,29.5356725330146
Georgia,GE,GEO,2009,2887.25607935922,45.2966178877778,78.1930390303569,25.5532080507061,0.720348335573971,50.0611995104039,31.3132436339375
Georgia,GE,GEO,2010,3090.06513662318,44.8030655251772,81.6733870603639,22.7256309539934,1.27886065141964,50.2079965121982,25.0571131879543
Georgia,GE,GEO,2011,3362.1030031968,44.3100742351467,85.4659350932986,23.9016820567838,1.43358149264751,52.2903463975881,23.1399670485459
Georgia,GE,GEO,2012,3609.780798626,43.8316473240021,89.7348800946338,24.6087392909632,1.25346058068196,51.4725727243639,24.2728608810983
Georgia,GE,GEO,2013,3806.50600649051,43.3817880980593,93.8139137895532,25.4626261239618,1.16737614583061,46.6180042307592,24.601894433386
Georgia,GE,GEO,2014,3960.35080091901,42.9762387005742,94.9506979383393,25.4539436353319,1.13609155772638,49.1871378633338,26.2373116449152
Georgia,GE,GEO,2015,4086.6223465965,42.6196199544328,97.0163115086257,27.1506310061364,0.714757209455836,45.1359379512356,27.6875651267801
Georgia,GE,GEO,2016,4225.09154904806,42.3015967994938,94.9262528383443,27.8302738489317,0.669557576220677,41.6071292121953,28.6748009739283
Georgia,GE,GEO,2017,4442.50744127374,42.0003172794243,102.584277697146,28.0307208514756,0.602805233292361,46.923672734008,26.8621190130624
Georgia,GE,GEO,2018,4713.6535484530305,41.6961818137424,109.847740556266,25.4057389694539,0.617912734558495,49.6064384149781,23.7175474941597
Georgia,GE,GEO,2019,4975.81148194814,41.3695908219657,117.810080239714,26.1000281542855,0.58985391607818,50.3031297305762,24.3635120460121
Georgia,GE,GEO,2020,4659.60925318234,41.0009447236122,92.8910841752194,24.6016188314688,0.587533858217972,48.5852595336055,29.0090180561971
Georgia,GE,GEO,2021,5175.19865185825,40.5706439381995,101.60090754891,24.8550820104077,0.559455049340827,52.0720557382994,27.2044002371385
Georgia,GE,GEO,2022,5736.30449578597,39.9898377320885,114.695437688718,26.4891572879495,0.643720911222712,48.2448387376939,24.9364534724128
Georgia,GE,GEO,2023,6180.6206023429,39.2476922200276,107.151179161579,27.9670222981518,0.662356095253115,45.7025705724649,25.241719707501
Georgia,GE,GEO,2024,6606.35772271858,38.9210394906267,103.456471463024,28.7080700981306,0.516222544319322,44.4932545434274,NA
Germany,DE,DEU,2000,35104.1308467844,19.9057839094363,59.1955992975405,30.0072312012246,NA,21.3945211289683,31.0107716724735
Germany,DE,DEU,2001,35618.5143698493,19.8929191726305,59.5592863682118,29.0723424412329,NA,22.0554542048268,30.4174846164707
Germany,DE,DEU,2002,35477.5151544301,19.8786026249444,58.3325687248129,28.9525313039724,NA,22.2494304545399,30.8239781232009
Germany,DE,DEU,2003,35270.0227284267,19.8626883696138,58.9145442942507,29.4980386556647,NA,22.3046106372999,31.1635970921229
Germany,DE,DEU,2004,35687.6378708542,19.8450305098743,62.9064909465164,28.2726860412378,NA,22.2618927052834,29.9861755573387
Germany,DE,DEU,2005,36024.094704702104,19.8254831489617,66.9531024934321,28.1351071285758,NA,23.009869778962,30.0041707693565
Germany,DE,DEU,2006,37459.261328042,19.8039003901116,72.7591934646234,27.8950448853754,NA,23.0490523968785,28.6974997733062
Germany,DE,DEU,2007,38593.0749910508,19.7801363365598,74.8838416816798,27.6698712149224,NA,24.5075178451781,27.5320782623062
Germany,DE,DEU,2008,39009.8477636357,19.7540450915419,76.1131665945746,27.9511678922326,NA,24.4101197387172,27.8052972254835
Germany,DE,DEU,2009,36940.4078672661,19.7254807582938,66.1391275757126,28.965103830439,NA,25.2987173088305,30.4455546778831
Germany,DE,DEU,2010,38526.7371042695,19.694297440051,73.8852351200263,28.017826143481,NA,25.1471245755441,30.7567125257145
Germany,DE,DEU,2011,40722.4849268242,19.6594237071802,78.433002901442,28.4908861229527,NA,25.7043622215038,28.3141784769068
Germany,DE,DEU,2012,40834.5088218456,19.606552479782,79.3316495670315,28.7461775885228,NA,25.2456504873853,27.9445071589837
Germany,DE,DEU,2013,40884.8926759028,19.5267681599638,77.5860288576931,28.9264882364433,NA,25.3703560716301,27.9969858502414
Germany,DE,DEU,2014,41602.4661281668,19.42425976257,76.8483516336234,28.9254038405479,NA,25.2489421599922,27.5160413741803
Germany,DE,DEU,2015,41929.7549110722,19.3025628367186,77.7565815686922,28.8827449036776,NA,24.8057915660264,27.43650045513
Germany,DE,DEU,2016,42516.9337063103,19.1652129315275,76.0059902166055,28.8217362865039,NA,23.7473910102201,27.3748517311851
Germany,DE,DEU,2017,43543.4807050551,19.0157455961147,77.4548394742448,28.9820017941202,NA,23.7410946009136,27.5226740191593
Germany,DE,DEU,2018,43905.8550061973,18.8576963795982,79.1252260463654,29.2858536471726,NA,22.9637112593174,27.3644959420855
Germany,DE,DEU,2019,44235.2658954682,18.6946008310961,79.0732427175683,29.5495126198661,NA,22.5627593135709,27.8804335534648
Germany,DE,DEU,2020,42372.8726784255,18.5299944997262,72.9335327120137,29.5059871563036,NA,20.6138287181453,32.1505946585061
Germany,DE,DEU,2021,44011.0194631674,18.3674129346066,79.9195348609851,29.2255467990463,NA,21.3985245158625,32.6685205602959
Germany,DE,DEU,2022,44817.1316331389,18.2132147219005,88.7857542130501,28.5689040179075,NA,21.0883814607143,31.174891399437
Germany,DE,DEU,2023,44368.9920074881,18.0965633307871,81.9625483787634,28.4183906847328,NA,20.1855010468928,NA
Germany,DE,DEU,2024,44027.7631554469,17.9788567420875,79.0907305894936,29.3708896111546,NA,19.9726827517719,NA
Ghana,GH,GHA,2000,1022.27520714566,56.0626213359384,116.048430162968,NA,NA,NA,NA
Ghana,GH,GHA,2001,1035.22666053257,55.3589492682299,110.045854160811,18.1061131001006,31.6416649064231,14.8027254556842,18.7116417612495
Ghana,GH,GHA,2002,1052.46591644399,54.6515307875194,97.4892431746551,18.0096066472924,34.8033602219666,20.9099924770716,20.0290266464737
Ghana,GH,GHA,2003,1077.69990866645,53.9452026418582,97.2871457139532,19.7668200073461,19.2596216230543,33.5060862894335,22.0203756781146
Ghana,GH,GHA,2004,1108.30475353633,53.2427995474315,99.6703343472122,23.7121460055721,15.2670873812117,34.915823309107,23.4793110246594
Ghana,GH,GHA,2005,1143.31178934301,52.5471562204243,98.1715141146279,23.6884692085609,14.024313945065,35.9035412420515,22.7457889920708
Ghana,GH,GHA,2006,1185.26570738595,51.8611073770215,64.5190542439152,13.3046887747606,16.5680831226214,36.5587043726517,15.2883466766383
Ghana,GH,GHA,2007,1205.31705804209,51.1874877334082,65.3543222852532,15.6668718626601,17.6410257446972,33.8368946141268,17.8651441453915
Ghana,GH,GHA,2008,1282.63416886747,50.5291320057694,69.5142256111434,15.6941534759169,21.2092312651593,33.0778528983723,20.5460947523142
Ghana,GH,GHA,2009,1311.63053760125,49.8888749102901,71.5947385281523,15.418490672829,15.8926655284012,29.3476148542127,18.027952390966
Ghana,GH,GHA,2010,1381.2279503506,49.2703073211296,75.3778157916824,16.6915374696386,17.2999015093364,27.5063989433166,20.1575042881243
Ghana,GH,GHA,2011,1537.81834019283,48.6695913353512,86.2954538549695,19.3717131890671,16.6259706687275,27.4367385080653,21.1409260461554
Ghana,GH,GHA,2012,1640.54072088003,48.0802081618969,93.1680351286831,19.3392683497525,12.6549033913036,26.784316770175,26.8839178478186
Ghana,GH,GHA,2013,1718.59704769958,47.5014205524087,60.7593219028775,14.2262590306295,12.6353606495898,26.1977792670887,19.2811347818803
Ghana,GH,GHA,2014,1726.36930134647,46.9336601202852,63.8365624430783,14.2150318928858,13.2266828868834,27.530921807581,18.2035086076329
Ghana,GH,GHA,2015,1722.77282833606,46.3773584789248,76.5212709243242,14.5298039024017,11.7491696107096,33.8168736782598,17.3642996458735
Ghana,GH,GHA,2016,1740.81101902928,45.832947241726004,67.8769994445865,14.1589434337656,13.6209576956692,37.946571396308,18.2895853622151
Ghana,GH,GHA,2017,1841.44636153249,45.3008580220872,70.5483652904116,14.5205312646041,13.8171772959499,33.618841617993,17.355240305187
Ghana,GH,GHA,2018,1915.4532323781,44.781522433407,67.9585174644902,15.0692892914466,12.8096894599668,31.5520750681137,17.6018475152484
Ghana,GH,GHA,2019,1999.55372220211,44.2753720890839,76.824802732152,14.6948055474354,10.1349829777964,32.131490954374,17.5109450941033
Ghana,GH,GHA,2020,1970.19411460398,43.7828386025163,66.5754987162431,13.754507358813,9.99997209357586,32.2681597599577,21.8835544057028
Ghana,GH,GHA,2021,2030.04866500967,43.3047443173464,62.7078309128346,14.9263731247694,9.90755258243877,35.2849368586408,20.7508748712557
Ghana,GH,GHA,2022,2067.20895855521,42.749390397129,70.1154557937915,15.5505506868353,10.1894431496361,32.4794462250677,22.6789929500877
Ghana,GH,GHA,2023,2091.81335596465,42.1925262225346,64.3878615301086,15.0222642375304,10.2441285751451,32.5550162520708,NA
Ghana,GH,GHA,2024,2173.00329800201,41.6345131961419,68.9668717609486,NA,NA,NA,NA
Gibraltar,GI,GIB,2000,NA,0,NA,NA,NA,NA,NA
Gibraltar,GI,GIB,2001,NA,0,NA,NA,NA,NA,NA
Gibraltar,GI,GIB,2002,NA,0,NA,NA,NA,NA,NA
Gibraltar,GI,GIB,2003,NA,0,NA,NA,NA,NA,NA
Gibraltar,GI,GIB,2004,NA,0,NA,NA,NA,NA,NA
Gibraltar,GI,GIB,2005,NA,0,NA,NA,NA,NA,NA
Gibraltar,GI,GIB,2006,NA,0,NA,NA,NA,NA,NA
Gibraltar,GI,GIB,2007,NA,0,NA,NA,NA,NA,NA
Gibraltar,GI,GIB,2008,NA,0,NA,NA,NA,NA,NA
Gibraltar,GI,GIB,2009,NA,0,NA,NA,NA,NA,NA
Gibraltar,GI,GIB,2010,NA,0,NA,NA,NA,NA,NA
Gibraltar,GI,GIB,2011,NA,0,NA,NA,NA,NA,NA
Gibraltar,GI,GIB,2012,NA,0,NA,NA,NA,NA,NA
Gibraltar,GI,GIB,2013,NA,0,NA,NA,NA,NA,NA
Gibraltar,GI,GIB,2014,NA,0,NA,NA,NA,NA,NA
Gibraltar,GI,GIB,2015,NA,0,NA,NA,NA,NA,NA
Gibraltar,GI,GIB,2016,NA,0,NA,NA,NA,NA,NA
Gibraltar,GI,GIB,2017,NA,0,NA,NA,NA,NA,NA
Gibraltar,GI,GIB,2018,NA,0,NA,NA,NA,NA,NA
Gibraltar,GI,GIB,2019,NA,0,NA,NA,NA,NA,NA
Gibraltar,GI,GIB,2020,NA,0,NA,NA,NA,NA,NA
Gibraltar,GI,GIB,2021,NA,0,NA,NA,NA,NA,NA
Gibraltar,GI,GIB,2022,NA,0,NA,NA,NA,NA,NA
Gibraltar,GI,GIB,2023,NA,0,NA,NA,NA,NA,NA
Gibraltar,GI,GIB,2024,NA,0,NA,NA,NA,NA,NA
Greece,GR,GRC,2000,18002.9064613985,27.334357089016,59.1126577488086,42.5018377669505,0.0172798119956455,30.5748993450951,44.4473263233025
Greece,GR,GRC,2001,18742.4235780691,27.1539296211498,56.8576339551067,40.4357813080368,0.0285148780569627,31.2288235096783,43.8026037175959
Greece,GR,GRC,2002,19548.3677447396,26.9022890357484,50.0533371904633,39.5456935545875,0.0254618946832381,32.4782380368879,43.2026585802198
Greece,GR,GRC,2003,20632.2557041942,26.567731975907,47.8943121550822,38.4678548260115,0.0328500395693658,31.3210195457735,43.1830691765025
Greece,GR,GRC,2004,21688.1050959558,26.1732397076272,49.825317672568,36.7877644448115,0.0303084574372822,30.0108834915343,44.5593874599535
Greece,GR,GRC,2005,21880.5265835801,25.7382623305689,50.3555334391407,37.0743679804993,0.0145304677489664,30.1903491275115,43.928487332671
Greece,GR,GRC,2006,23220.5324419197,25.282249944392,51.1047465834807,36.0771842596001,0.00728164176749718,31.2552336800204,43.1248180840893
Greece,GR,GRC,2007,23973.6936091313,24.8246526487561,54.5256818189044,37.2352449846351,0.00772447887355028,31.1892386974322,44.7050606293494
Greece,GR,GRC,2008,23923.8800731311,24.384920543321,57.1052836264926,37.5541284926224,0.00211280252691182,30.9757978470542,47.8546535471323
Greece,GR,GRC,2009,22878.1346644397,23.9825037277465,46.3779593986083,36.5112016848157,0.00225588504009836,30.8221573028638,51.9680969068081
Greece,GR,GRC,2010,21547.724178239,23.6368523016923,50.9225181997227,37.9537602345474,0.00111819300011182,31.569942972157,51.078647377558
Greece,GR,GRC,2011,19448.255802525,23.3647390070593,56.2929957941907,40.7396508078936,0.00457487933755747,31.5849669464968,54.7841287756502
Greece,GR,GRC,2012,17924.6620496886,23.1320202550678,62.3942117351318,44.3401671241512,NA,31.0614628291827,57.3762666302254
Greece,GR,GRC,2013,17644.8766635021,22.9048000349829,62.9547272215374,43.7607628112252,0.00583737084816998,30.5633062868484,61.3545612333663
Greece,GR,GRC,2014,17903.5252440012,22.6869513724134,66.4335364513677,43.194299954025,0.00621241488991601,32.3455593658367,49.7478747922233
Greece,GR,GRC,2015,17980.7298238137,22.4805573682455,65.2716454619318,44.5316596594634,NA,31.9493924161827,52.2111640982534
Greece,GR,GRC,2016,18049.928997892,22.2877011233652,63.6575490882866,46.389132681432,NA,32.9269304138675,48.8551944521521
Greece,GR,GRC,2017,18352.0884461258,22.1104657386589,70.8824967397253,45.7146833789404,NA,33.5792696051467,47.670388743995
Greece,GR,GRC,2018,18769.0389621976,21.9509343150126,79.2379908638706,45.6676911773363,0.00819480215406228,33.7590728166706,48.0218614049715
Greece,GR,GRC,2019,19216.6759579785,21.8111899533125,80.5900949510457,44.1162458081939,NA,34.2627020852517,46.9259260449285
Greece,GR,GRC,2020,17486.951333323,21.6933157544448,70.2937464580745,43.9717153776221,NA,31.8346911493934,58.0698817576878
Greece,GR,GRC,2021,19231.2888803517,21.6115101352558,88.0126654490379,43.7774247196601,0.0240894751935761,32.9509607112131,54.8325762184431
Greece,GR,GRC,2022,20550.5049158297,21.4497809019191,108.121843229922,45.2662217583919,0.00300504848144883,36.823864091674,50.8012558431009
Greece,GR,GRC,2023,21050.8648111581,21.2253696157912,92.4710882947018,43.4063064252109,NA,34.5645031546506,47.3019610078935
Greece,GR,GRC,2024,21494.6856060599,21.0032143499466,89.7765279446168,44.763796397246,0.00713979722975867,33.2964443809796,NA
Greenland,GL,GRL,2000,31623.0591501943,18.5482177734375,NA,NA,NA,NA,NA
Greenland,GL,GRL,2001,31914.1710964481,18.2093887329102,NA,NA,NA,NA,NA
Greenland,GL,GRL,2002,31483.6074780094,17.9247131347656,NA,NA,NA,NA,NA
Greenland,GL,GRL,2003,32787.9680355213,17.6514053344727,87.2971972810315,NA,NA,NA,NA
Greenland,GL,GRL,2004,34961.9356097257,17.4365692138672,88.1524357295282,NA,NA,NA,NA
Greenland,GL,GRL,2005,36681.8055890619,17.3100891113281,99.7079265489358,NA,NA,NA,NA
Greenland,GL,GRL,2006,38828.8524943222,17.1528015136719,89.6938562419079,NA,NA,NA,NA
Greenland,GL,GRL,2007,39896.875364094,16.7960433959961,94.9670539629143,NA,NA,NA,NA
Greenland,GL,GRL,2008,42527.6668469766,16.378173828125,107.37322125158,NA,NA,NA,NA
Greenland,GL,GRL,2009,42899.7441985862,16.1443862915039,85.7573657356888,NA,NA,NA,NA
Greenland,GL,GRL,2010,43481.5161087805,15.7215118408203,110.472368234124,NA,NA,NA,NA
Greenland,GL,GRL,2011,42994.8790874739,15.4713973999023,130.547942353994,NA,NA,NA,NA
Greenland,GL,GRL,2012,43655.7004664255,15.1135406494141,100.978401084907,NA,NA,NA,NA
Greenland,GL,GRL,2013,43338.3839246907,14.6274108886719,95.9116681587586,NA,NA,NA,NA
Greenland,GL,GRL,2014,45545.1429414917,14.3227615356445,87.0885837878503,NA,NA,NA,NA
Greenland,GL,GRL,2015,44536.3549705377,13.953742980957,83.1013810084573,NA,NA,NA,NA
Greenland,GL,GRL,2016,46561.7831434013,13.7738952636719,85.8376729204278,NA,NA,NA,NA
Greenland,GL,GRL,2017,46597.9452470348,13.6084442138672,84.2072558673104,NA,NA,NA,NA
Greenland,GL,GRL,2018,47012.9860350276,13.27490234375,89.7766906266033,NA,NA,NA,NA
Greenland,GL,GRL,2019,48170.7896955512,12.9782104492188,92.1907515607492,NA,NA,NA,NA
Greenland,GL,GRL,2020,48169.9406957389,12.7159118021885,82.6595028892583,NA,NA,NA,NA
Greenland,GL,GRL,2021,48709.9339758895,12.4547982386322,83.6838572277142,NA,NA,NA,NA
Greenland,GL,GRL,2022,49679.3365414895,12.1950594743168,93.3651328766632,NA,NA,NA,NA
Greenland,GL,GRL,2023,49929.7755428605,11.9368852250092,91.8900994375821,NA,NA,NA,NA
Greenland,GL,GRL,2024,NA,11.6804652064762,NA,NA,NA,NA,NA
Grenada,GD,GRD,2000,6677.1265230922,64.1297628980421,NA,NA,NA,NA,NA
Grenada,GD,GRD,2001,6509.51660313374,64.0800026052204,NA,NA,NA,NA,NA
Grenada,GD,GRD,2002,6707.36873532777,64.0800820062643,NA,NA,NA,NA,NA
Grenada,GD,GRD,2003,7309.78547094579,64.0805614766389,NA,NA,NA,NA,NA
Grenada,GD,GRD,2004,7233.29494434962,64.0818041608564,NA,NA,NA,NA,NA
Grenada,GD,GRD,2005,8162.91232124727,64.0841739213275,NA,NA,NA,NA,NA
Grenada,GD,GRD,2006,7808.24358323434,64.0880346204626,NA,NA,NA,NA,NA
Grenada,GD,GRD,2007,8257.36225682689,64.0937501206724,NA,NA,NA,NA,NA
Grenada,GD,GRD,2008,8307.49221491819,64.1016842843674,NA,NA,NA,NA,NA
Grenada,GD,GRD,2009,7733.12990600058,64.1122009739583,NA,NA,NA,NA,NA
Grenada,GD,GRD,2010,7670.71165827663,64.1256640518557,NA,NA,NA,NA,NA
Grenada,GD,GRD,2011,7695.37616017287,64.1398908907674,NA,NA,NA,NA,NA
Grenada,GD,GRD,2012,7559.5628483956,64.1347244226868,NA,NA,NA,NA,NA
Grenada,GD,GRD,2013,7688.75297701343,64.1207757376222,NA,NA,NA,NA,NA
Grenada,GD,GRD,2014,8206.62862112333,64.0985375653438,NA,NA,NA,NA,NA
Grenada,GD,GRD,2015,8694.12438005692,64.0680508888292,NA,NA,NA,NA,NA
Grenada,GD,GRD,2016,8983.68397337899,64.0293985818117,NA,NA,NA,NA,NA
Grenada,GD,GRD,2017,9357.40728883583,63.9826703583421,NA,NA,NA,NA,NA
Grenada,GD,GRD,2018,9744.16919577204,63.9279578575468,NA,NA,NA,NA,NA
Grenada,GD,GRD,2019,9785.56040240592,63.8653534320096,NA,NA,NA,NA,NA
Grenada,GD,GRD,2020,8413.28335500372,63.7949497484212,NA,NA,NA,NA,NA
Grenada,GD,GRD,2021,8782.32193426078,63.7168396293092,NA,NA,NA,NA,NA
Grenada,GD,GRD,2022,9406.19337643226,63.6311159816513,NA,NA,NA,NA,NA
Grenada,GD,GRD,2023,9817.86383583917,63.537871761416,NA,NA,NA,NA,NA
Grenada,GD,GRD,2024,10042.6503142063,63.4371999545771,NA,NA,NA,NA,NA
Guam,GU,GUM,2000,NA,6.86046837571431,NA,NA,NA,NA,NA
Guam,GU,GUM,2001,NA,6.72189284087079,NA,NA,NA,NA,NA
Guam,GU,GUM,2002,29576.221681311,6.5833780534989,68.8862698880377,NA,NA,NA,NA
Guam,GU,GUM,2003,29685.9531745657,6.4497129370036,64.023536004483,NA,NA,NA,NA
Guam,GU,GUM,2004,31483.8141949558,6.3241673540672,68.0020677177565,NA,NA,NA,NA
Guam,GU,GUM,2005,32520.3729565352,6.2100111673721,66.4372181343461,NA,NA,NA,NA
Guam,GU,GUM,2006,31242.462900947,6.1105142396007,72.7701746106654,NA,NA,NA,NA
Guam,GU,GUM,2007,31385.0475162113,6.02894643343519,79.4632704116443,NA,NA,NA,NA
Guam,GU,GUM,2008,31941.2706025874,5.9685776115579,78.2739373121511,NA,NA,NA,NA
Guam,GU,GUM,2009,31988.7229358255,5.93267763665121,72.0173985086993,NA,NA,NA,NA
Guam,GU,GUM,2010,32644.1484056205,5.92348267326921,72.0347544958577,NA,NA,NA,NA
Guam,GU,GUM,2011,32665.3787483379,5.9228945563502,77.7889245585875,NA,NA,NA,NA
Guam,GU,GUM,2012,33404.9317636913,5.92227232958849,76.7521367521368,NA,NA,NA,NA
Guam,GU,GUM,2013,34044.3190415455,5.9217248596138,79.5332468975736,NA,NA,NA,NA
Guam,GU,GUM,2014,34755.2691107298,5.9212523217443,78.3600713012478,NA,NA,NA,NA
Guam,GU,GUM,2015,35165.7014644795,5.92085489129801,71.3398861872737,NA,NA,NA,NA
Guam,GU,GUM,2016,35373.8483143417,5.920532743593,70.4117946110829,NA,NA,NA,NA
Guam,GU,GUM,2017,35850.9025520506,5.92028605394729,69.2665890570431,NA,NA,NA,NA
Guam,GU,GUM,2018,35731.2203743081,5.92011499767899,72.9631465873409,NA,NA,NA,NA
Guam,GU,GUM,2019,36830.1264410973,5.92001975010611,78.0645161290323,NA,NA,NA,NA
Guam,GU,GUM,2020,32884.8852646787,5.9195008912199,63.6747802569304,NA,NA,NA,NA
Guam,GU,GUM,2021,33239.4846327875,5.9115672305925004,61.8383060635226,NA,NA,NA,NA
Guam,GU,GUM,2022,34627.9862781837,5.89317381579539,71.8668596237337,NA,NA,NA,NA
Guam,GU,GUM,2023,NA,5.8650658361079,NA,NA,NA,NA,NA
Guam,GU,GUM,2024,NA,5.8273653428169,NA,NA,NA,NA,NA
Guatemala,GT,GTM,2000,3165.933886028,56.7565244894953,49.1455879049537,10.1544564116353,11.6195580334985,60.2806844745958,10.9399955148495
Guatemala,GT,GTM,2001,3166.20502444306,55.321904399496,70.6690331769476,12.1858859291436,10.8839450088476,53.2079912969339,13.3991606075354
Guatemala,GT,GTM,2002,3213.26990763198,54.2245268061152,67.1048115244645,12.6952143603472,10.9296428438678,55.2007932190201,12.9816094892199
Guatemala,GT,GTM,2003,3222.15622111509,53.4134610277895,67.0023391862425,12.4418004957894,10.9936458110061,55.9872501365563,14.5728922781348
Guatemala,GT,GTM,2004,3250.20561194529,52.673180513364,70.2148723581872,12.3171708029656,10.3812754044293,57.872823828847,12.8785912640903
Guatemala,GT,GTM,2005,3284.81128421658,51.9442048426166,67.1036996082037,11.9360043881605,15.0029941945334,51.687631412432,13.0393830774986
Guatemala,GT,GTM,2006,3388.15165081967,51.2323643811666,67.9119237396616,12.7059320037599,9.64075251267073,56.3467056094837,13.2246497707628
Guatemala,GT,GTM,2007,3527.77995621193,50.5434894946335,69.0013643101763,12.8512587981495,8.60015214116313,58.5397431499187,12.6596651018282
Guatemala,GT,GTM,2008,3569.93031541246,49.8834105486367,65.1787305213103,12.0531437230944,7.49006299314777,58.1415751954255,11.8741951414804
Guatemala,GT,GTM,2009,3516.19395579721,49.2579579087955,58.0406869738673,11.0487357838323,6.96082102140231,56.3923809827091,12.6216557349988
Guatemala,GT,GTM,2010,3546.62750929879,48.6729619407294,63.1251925746222,11.2508952061192,6.95045455673897,57.0223694766468,12.8578109221043
Guatemala,GT,GTM,2011,3621.37582644774,48.1342530100577,65.0470510420457,11.5886315232722,6.4204172632181304,56.2452483028263,12.7453111287762
Guatemala,GT,GTM,2012,3655.57490299412,47.6476614824,61.9594193352042,11.6536287653464,5.5645726285172,56.6995065132942,13.1714004750496
Guatemala,GT,GTM,2013,3717.30457960279,47.2190177233755,56.6852489007381,11.6748137710785,4.50003691997261,56.2087872287042,13.0331026352429
Guatemala,GT,GTM,2014,3809.61584332802,46.8541520986036,55.0832736168677,12.2754766501706,4.14095812066104,50.688862955756,13.2836096667991
Guatemala,GT,GTM,2015,3893.50533299068,46.5588949737039,49.8934518550985,11.6684130766311,4.32360222511988,52.3663317093715,12.7358103933838
Guatemala,GT,GTM,2016,3924.7789643024,46.3390767142957,46.3727343925686,11.9784847026855,4.29475624410581,49.8542589775807,12.7960643449342
Guatemala,GT,GTM,2017,3972.74059262672,46.2005276859983,46.0694034412912,11.8855616228225,4.36428871341105,51.4064843292186,12.8935207223026
Guatemala,GT,GTM,2018,4040.21214374742,46.154037696458,47.0116853424691,11.7783778069365,4.40577916129497,52.3542442316757,12.9824525839374
Guatemala,GT,GTM,2019,4139.12206338632,45.8117732732026,45.5167341849579,11.7162477369852,4.35593062230809,52.7412688199376,13.1269464202505
Guatemala,GT,GTM,2020,4005.83916360689,45.4516832088372,41.1407594007818,11.118681180436,3.87056359154511,52.6190147129516,14.9980142189795
Guatemala,GT,GTM,2021,4268.62864461492,45.0952928446242,49.261149442668,12.6596673834992,4.33974323308341,52.6498606447374,13.2756802646156
Guatemala,GT,GTM,2022,4383.90326160481,44.7418771784735,54.4490964612191,12.8979630928356,4.39538505726829,53.6183417649415,13.9978909075493
Guatemala,GT,GTM,2023,4469.05514652918,44.3917680434461,48.3297978472591,12.8586008437589,4.26896309499633,51.5193326627348,13.5099500396777
Guatemala,GT,GTM,2024,4564.21378502908,44.0452972725237,47.3052981448815,12.7770245838902,4.51576287054642,51.9223355369436,NA
Guinea,GN,GIN,2000,614.137235083638,69.0768894354776,36.6796954912881,NA,NA,NA,NA
Guinea,GN,GIN,2001,628.320554864936,68.7823051593746,40.1878781394378,NA,NA,NA,NA
Guinea,GN,GIN,2002,650.554963973291,68.4868637914186,38.0284032674396,NA,NA,NA,NA
Guinea,GN,GIN,2003,644.071217908894,68.1913984963673,35.0751269891585,NA,NA,NA,NA
Guinea,GN,GIN,2004,645.182843390689,67.896742438978393,34.5950959210535,NA,NA,NA,NA
Guinea,GN,GIN,2005,651.359606871604,67.6037287840093,47.9377003917167,NA,NA,NA,NA
Guinea,GN,GIN,2006,645.472001923653,67.3131906962178,69.3862937148949,NA,NA,NA,NA
Guinea,GN,GIN,2007,673.698997420626,67.0259613403614,71.1210322265015,NA,NA,NA,NA
Guinea,GN,GIN,2008,684.775780377366,66.7428738811978,64.1842433909581,NA,NA,NA,NA
Guinea,GN,GIN,2009,660.756701330284,66.4647614834846,69.8153454158123,NA,NA,NA,NA
Guinea,GN,GIN,2010,675.736917327708,66.1924573119794,73.5465739340387,NA,NA,NA,NA
Guinea,GN,GIN,2011,696.199991395571,65.9267945314397,85.9546732708386,NA,NA,NA,NA
Guinea,GN,GIN,2012,719.505916794546,65.6686063066233,86.6743318322581,NA,NA,NA,NA
Guinea,GN,GIN,2013,729.833143236326,65.4187258022878,80.4264477180461,NA,NA,NA,NA
Guinea,GN,GIN,2014,738.272274481308,65.1822079173318,76.7719658952305,NA,NA,NA,NA
Guinea,GN,GIN,2015,747.356966759448,64.9626808166504,72.4427307469345,NA,NA,NA,NA
Guinea,GN,GIN,2016,807.236421043888,64.6899719238281,111.839467415368,NA,NA,NA,NA
Guinea,GN,GIN,2017,867.907502577607,64.4172668457031,101.251633768429,NA,NA,NA,NA
Guinea,GN,GIN,2018,899.907328045175,64.1445617675781,88.984111543709,NA,NA,NA,NA
Guinea,GN,GIN,2019,926.42221954853,63.8718452453613,78.4153132285974,NA,NA,NA,NA
Guinea,GN,GIN,2020,945.570903389665,63.5197791939449,115.765259518929,NA,NA,NA,NA
Guinea,GN,GIN,2021,973.646890096159,63.1497821563744,115.195532789356,NA,NA,NA,NA
Guinea,GN,GIN,2022,987.502501465337,62.7615032530894,94.1652726931221,NA,NA,NA,NA
Guinea,GN,GIN,2023,1016.88094800324,62.3545916045295,95.829526758227,NA,NA,NA,NA
Guinea,GN,GIN,2024,1045.92207475792,61.9286963311345,97.7778177313259,NA,NA,NA,NA
Guinea-Bissau,GW,GNB,2000,571.094015178625,63.1587945611768,52.7373461180145,NA,NA,NA,NA
Guinea-Bissau,GW,GNB,2001,585.837980688333,62.8372160589934,47.5832172774612,NA,NA,NA,NA
Guinea-Bissau,GW,GNB,2002,594.040535151552,62.5265075632305,39.6760635550924,NA,NA,NA,NA
Guinea-Bissau,GW,GNB,2003,579.092506821836,62.2226944258417,38.0334709318917,NA,NA,NA,NA
Guinea-Bissau,GW,GNB,2004,572.526464627294,61.9218019987804,43.192131633446,NA,NA,NA,NA
Guinea-Bissau,GW,GNB,2005,595.94255560187,61.6198556340003,45.7842315450716,NA,NA,NA,NA
Guinea-Bissau,GW,GNB,2006,597.257151722046,61.3128806834548,48.7605033860226,NA,NA,NA,NA
Guinea-Bissau,GW,GNB,2007,597.482020935948,60.9969024990975,46.2445284700147,NA,NA,NA,NA
Guinea-Bissau,GW,GNB,2008,608.958620496925,60.6679464328819,45.1388893744724,NA,NA,NA,NA
Guinea-Bissau,GW,GNB,2009,608.202131879882,60.3283565777865,43.5957474099206,NA,NA,NA,NA
Guinea-Bissau,GW,GNB,2010,625.904027290582,59.9904403686523,43.5145876385454,NA,NA,NA,NA
Guinea-Bissau,GW,GNB,2011,658.953470528116,59.5608863830566,48.6174602066373,NA,NA,NA,NA
Guinea-Bissau,GW,GNB,2012,630.66862302825,59.1313972473145,44.1280665609795,NA,NA,NA,NA
Guinea-Bissau,GW,GNB,2013,634.095456089352,58.7023620605469,39.9574617805787,NA,NA,NA,NA
Guinea-Bissau,GW,GNB,2014,623.610159103365,58.2728004455566,46.8696583055238,NA,NA,NA,NA
Guinea-Bissau,GW,GNB,2015,645.066837207039,57.8431854248047,54.3703755891285,NA,NA,NA,NA
Guinea-Bissau,GW,GNB,2016,663.242608032005,57.413890838623,54.3006730474711,NA,NA,NA,NA
Guinea-Bissau,GW,GNB,2017,677.466131311367,56.9844207763672,56.9137475938811,11.6254653916043,18.0326914773455,23.7352592658767,13.1636010249212
Guinea-Bissau,GW,GNB,2018,686.456819839526,56.5550918579102,55.0195890357005,11.037411129839,18.7265019808404,24.334711979778,12.8106751284621
Guinea-Bissau,GW,GNB,2019,706.298562874985,56.1254425048828,49.943905496502,11.1783788568488,18.2244144698847,23.4149737102404,13.2098520498003
Guinea-Bissau,GW,GNB,2020,710.275830755611,55.6961669921875,42.8852704163601,10.209242799335,13.1156803884825,21.8420969854428,15.09453058271
Guinea-Bissau,GW,GNB,2021,729.396882757942,55.2665863037109,44.8202242773261,10.112254360367,18.9816039670434,27.0543381035242,14.2319519317076
Guinea-Bissau,GW,GNB,2022,752.149255217249,54.8372840881348,45.9934723683125,10.7086609943088,17.1409977437105,21.1383126514921,14.4107379903236
Guinea-Bissau,GW,GNB,2023,769.504652461795,54.4076156616211,42.4351515242076,11.017724982359,16.6769663897981,26.4578739559718,15.5376266451373
Guinea-Bissau,GW,GNB,2024,785.91021956464,53.886795578178,40.3719342566601,10.2453743587086,16.0063840787589,25.8145456425699,NA
Guyana,GY,GUY,2000,3759.60789699989,71.2389609421087,206.767370475214,NA,NA,NA,NA
Guyana,GY,GUY,2001,3847.09461851367,71.3805372789559,199.577000730114,NA,NA,NA,NA
Guyana,GY,GUY,2002,3894.87107415198,71.5203223189308,196.72507835983,NA,NA,NA,NA
Guyana,GY,GUY,2003,3873.04123684261,71.6916527513338,189.162485631386,NA,NA,NA,NA
Guyana,GY,GUY,2004,3937.11435304522,71.9331149827477,200.725286901642,NA,NA,NA,NA
Guyana,GY,GUY,2005,3867.93308158647,72.2241449293807,194.350757310172,NA,NA,NA,NA
Guyana,GY,GUY,2006,4076.77981715707,72.5395417653879,NA,NA,NA,NA,NA
Guyana,GY,GUY,2007,4382.10449666813,72.8541046649245,NA,NA,NA,NA,NA
Guyana,GY,GUY,2008,4472.34517889699,73.1426328021458,NA,NA,NA,NA,NA
Guyana,GY,GUY,2009,4649.34144792756,73.379925351207,NA,NA,NA,NA,NA
Guyana,GY,GUY,2010,4860.09110980566,73.5407814862632,NA,NA,NA,NA,NA
Guyana,GY,GUY,2011,5133.89539813637,73.6000003814697,NA,NA,NA,NA,NA
Guyana,GY,GUY,2012,5403.79899428921,73.6000003814697,NA,NA,NA,NA,NA
Guyana,GY,GUY,2013,5573.3421790463,73.5996108646331,NA,NA,NA,NA,NA
Guyana,GY,GUY,2014,5635.71704117947,73.5981847983843,NA,NA,NA,NA,NA
Guyana,GY,GUY,2015,5640.41560569466,73.5956081702421,NA,NA,NA,NA,NA
Guyana,GY,GUY,2016,5818.61682204646,73.5919107117101,NA,NA,NA,NA,NA
Guyana,GY,GUY,2017,5997.18271426826,73.587094453427,NA,NA,NA,NA,NA
Guyana,GY,GUY,2018,6080.90612132746,73.5811621482116,NA,NA,NA,NA,NA
Guyana,GY,GUY,2019,6278.63054079553,73.5741165226942,NA,NA,NA,NA,NA
Guyana,GY,GUY,2020,9010.61000469878,73.5659602646324,NA,NA,NA,NA,NA
Guyana,GY,GUY,2021,10711.9973374148,73.556696038053,NA,NA,NA,NA,NA
Guyana,GY,GUY,2022,17365.3336428642,73.5463264931817,NA,NA,NA,NA,NA
Guyana,GY,GUY,2023,23101.3538282741,73.5348542720122,NA,NA,NA,NA,NA
Guyana,GY,GUY,2024,33034.948872927,73.522282011443,NA,NA,NA,NA,NA
Haiti,HT,HTI,2000,1342.89490450523,63.1591502057824,27.1535220636918,NA,NA,NA,NA
Haiti,HT,HTI,2001,1314.11419693969,61.6128167401436,27.569933019116,NA,NA,NA,NA
Haiti,HT,HTI,2002,1304.5293810385,60.0291014859203,24.9396784759828,NA,NA,NA,NA
Haiti,HT,HTI,2003,1326.47161042212,58.7992396715523,37.1973434444641,NA,NA,NA,NA
Haiti,HT,HTI,2004,1286.90282128221,58.1294253653088,33.7809703531059,NA,NA,NA,NA
Haiti,HT,HTI,2005,1304.33303731231,57.4208228142682,34.9651045038228,NA,NA,NA,NA
Haiti,HT,HTI,2006,1305.03813815611,56.7153555079704,37.0570704128996,NA,NA,NA,NA
Haiti,HT,HTI,2007,1343.61111422048,56.0133828007093,34.2825489611293,NA,NA,NA,NA
Haiti,HT,HTI,2008,1356.53400140048,55.3152640467816,36.1450381454244,NA,NA,NA,NA
Haiti,HT,HTI,2009,1412.89653523429,54.6213586004862,33.0964998246108,NA,NA,NA,NA
Haiti,HT,HTI,2010,1317.58389339746,53.9320258161249,44.7215241260457,NA,NA,NA,NA
Haiti,HT,HTI,2011,1369.16921255852,53.2476250480015,44.1635704019387,NA,NA,NA,NA
Haiti,HT,HTI,2012,1354.88546124499,52.5685156504221,40.2582414988129,NA,NA,NA,NA
Haiti,HT,HTI,2013,1392.38204736859,51.8950569776952,40.3325097562551,NA,NA,NA,NA
Haiti,HT,HTI,2014,1411.76834802154,51.2276083841313,42.3515259071619,NA,NA,NA,NA
Haiti,HT,HTI,2015,1411.12684746796,50.5665292240428,41.9457381172044,NA,NA,NA,NA
Haiti,HT,HTI,2016,1416.74881879698,49.912178851744,41.4109022161974,NA,NA,NA,NA
Haiti,HT,HTI,2017,1432.67228609541,49.264916621551,42.0745477868911,NA,NA,NA,NA
Haiti,HT,HTI,2018,1437.35251928349,48.625101887781,45.1385763027223,NA,NA,NA,NA
Haiti,HT,HTI,2019,1394.42114071112,47.9930940047525,44.5687187758294,NA,NA,NA,NA
Haiti,HT,HTI,2020,1331.69778506932,47.3692523267849,37.4138801252638,NA,NA,NA,NA
Haiti,HT,HTI,2021,1292.71954963551,46.7539362081974,33.4120026772124,NA,NA,NA,NA
Haiti,HT,HTI,2022,1256.72143592448,46.1475050033093,29.7746074753724,NA,NA,NA,NA
Haiti,HT,HTI,2023,1219.11871645847,45.5503180664382,25.2478984941791,NA,NA,NA,NA
Haiti,HT,HTI,2024,1154.68841945337,44.9627347518998,18.6547617785224,NA,NA,NA,NA
Heavily indebted poor countries (HIPC),XE,HPC,2000,679.661916317719,71.7466312684083,53.6185973346173,NA,NA,NA,NA
Heavily indebted poor countries (HIPC),XE,HPC,2001,685.807417274643,71.406822068033,52.9565927107102,NA,NA,NA,NA
Heavily indebted poor countries (HIPC),XE,HPC,2002,692.386060275808,71.0883306244014,55.0003269008446,NA,NA,NA,NA
Heavily indebted poor countries (HIPC),XE,HPC,2003,699.537450245131,70.7807518601611,55.8663952328631,NA,NA,NA,NA
Heavily indebted poor countries (HIPC),XE,HPC,2004,719.286073985495,70.4578685583209,58.5533059456059,NA,NA,NA,NA
Heavily indebted poor countries (HIPC),XE,HPC,2005,737.815494830608,70.1285644091133,60.1937737701795,NA,NA,NA,NA
Heavily indebted poor countries (HIPC),XE,HPC,2006,758.076010727433,69.7791243516984,57.1890528231667,NA,NA,NA,NA
Heavily indebted poor countries (HIPC),XE,HPC,2007,777.852603441457,69.4635159422809,61.1281895118854,NA,NA,NA,NA
Heavily indebted poor countries (HIPC),XE,HPC,2008,799.010898073682,69.0276870567544,62.8265069108883,NA,NA,NA,NA
Heavily indebted poor countries (HIPC),XE,HPC,2009,803.669382584904,68.6360623898931,57.2763115477291,NA,NA,NA,NA
Heavily indebted poor countries (HIPC),XE,HPC,2010,830.195436382547,68.2353633714407,61.5113359027771,13.5794977244442,8.91862947069537,29.9133547361715,15.5259191232193
Heavily indebted poor countries (HIPC),XE,HPC,2011,840.995109673087,67.8273230778834,63.4765313127919,NA,NA,NA,NA
Heavily indebted poor countries (HIPC),XE,HPC,2012,850.90537224906,67.4196720821346,63.3606589740267,14.1641374996044,9.49948207854234,34.2814499619595,15.7725481460674
Heavily indebted poor countries (HIPC),XE,HPC,2013,878.389738901825,66.9914674715064,59.7803635812952,13.7298122775919,9.48277617512303,32.562679777001,14.8551194675507
Heavily indebted poor countries (HIPC),XE,HPC,2014,900.23327280781,66.5499206077234,58.6179714546922,13.8557639992859,9.15851966922943,36.2917714323766,15.0040576126569
Heavily indebted poor countries (HIPC),XE,HPC,2015,917.924140878178,66.123597755048,56.2610131196304,13.5780913632474,10.5739418494924,36.2541652727475,14.8264931564913
Heavily indebted poor countries (HIPC),XE,HPC,2016,930.303195845621,65.6938425317823,53.528320197967,13.0390268690124,9.82975815427185,38.6326055411197,14.8491497460944
Heavily indebted poor countries (HIPC),XE,HPC,2017,949.269457689577,65.2563863391483,52.3811635150435,13.7136406209568,9.85900224308962,35.879003680308,15.2418446014239
Heavily indebted poor countries (HIPC),XE,HPC,2018,961.125858662023,64.8097017058899,53.823698549324,14.0231117836653,11.0487827657633,37.5044407155828,14.2983456716401
Heavily indebted poor countries (HIPC),XE,HPC,2019,974.069965846461,64.39212273476,53.1389262447371,14.2262413976681,10.0066845006162,37.9429190288443,14.435738983216
Heavily indebted poor countries (HIPC),XE,HPC,2020,947.580161647698,63.9760290536508,47.2342916899179,13.6986998778285,9.82513650285828,36.0063657926594,15.7812585458091
Heavily indebted poor countries (HIPC),XE,HPC,2021,962.578481916824,63.5338236328798,51.0652963892432,NA,10.3185024513673,37.1728037269754,NA
Heavily indebted poor countries (HIPC),XE,HPC,2022,983.847120090035,63.0593690183961,55.5523209026046,NA,NA,NA,NA
Heavily indebted poor countries (HIPC),XE,HPC,2023,992.174917021435,62.6172388897621,52.0229954587253,NA,NA,NA,NA
Heavily indebted poor countries (HIPC),XE,HPC,2024,1016.27398761692,62.1389437370253,51.5872154598548,NA,NA,NA,NA
Honduras,HN,HND,2000,1789.47798512637,54.6766645607873,120.392164584236,NA,NA,NA,NA
Honduras,HN,HND,2001,1789.18816032117,54.1376966444085,115.943071737954,NA,NA,NA,NA
Honduras,HN,HND,2002,1807.97305547292,53.5805809935884,117.997454450299,NA,NA,NA,NA
Honduras,HN,HND,2003,1842.29750018813,53.009815395955,122.248277175534,19.9554957435278,6.14382985285786,44.7819688014402,20.9025765695873
Honduras,HN,HND,2004,1908.90950050464,52.4260223903944,135.461758741854,20.7539959444608,5.60059300396513,43.8003335216842,19.5412906521369
Honduras,HN,HND,2005,1975.85647913236,51.8296115821446,136.489768018486,20.7489738630315,5.41415125524104,42.2723330011209,19.8815874401488
Honduras,HN,HND,2006,2056.53491469231,51.2209925764436,133.13183510432,21.1096040487086,5.05032292961229,42.2581676829988,19.9082108508493
Honduras,HN,HND,2007,2134.19540639485,50.6005749785296,135.070634917917,22.0651773879209,5.21174031283563,42.3340233231037,22.4238553187263
Honduras,HN,HND,2008,2175.14709403064,49.9687683936407,135.748955193053,22.7434665983784,4.56761569168586,39.7812904552953,22.0470007838672
Honduras,HN,HND,2009,2076.30859895638,49.3259824270149,96.9050060188904,20.4203645292531,3.36856150630209,39.6375668582222,23.6076191388379
Honduras,HN,HND,2010,2108.47314459603,48.6726266838902,109.441838241682,20.5549207112929,3.81880821353984,40.6807268403482,22.7480069231437
Honduras,HN,HND,2011,2144.56265540491,48.0091107695049,122.216902597337,20.8951305715526,3.56829588093418,40.6662901263585,22.5041523742209
Honduras,HN,HND,2012,2188.39378817891,47.3358442890969,121.188215808285,21.186906822638,3.66427105184634,41.0173066052094,23.4992682867094
Honduras,HN,HND,2013,2205.40126728067,46.643620866747,116.306049247436,22.3379430792634,3.04781208790379,39.6290043149644,23.8938403917359
Honduras,HN,HND,2014,2229.24772232218,46.1231910875751,112.97509728471,23.1134335421745,2.99879892613199,44.2633853637302,24.2419177349486
Honduras,HN,HND,2015,2271.20265980349,45.6171526248566,107.26440535424,23.363155171353,3.31083254464234,47.6748167565869,21.9760874717836
Honduras,HN,HND,2016,2315.72983058198,45.1131585421143,99.8157169505924,NA,NA,NA,NA
Honduras,HN,HND,2017,2383.37398439714,44.6122677660085,101.813111079622,NA,NA,NA,NA
Honduras,HN,HND,2018,2430.13503657762,44.1147422283753,103.551162215452,NA,NA,NA,NA
Honduras,HN,HND,2019,2447.61649282181,43.6208438610234,99.4595352452417,NA,NA,NA,NA
Honduras,HN,HND,2020,2189.43168668222,43.1308345957315,88.0008563836292,22.2099126100845,2.62165199055061,43.3753024393368,24.3924492884403
Honduras,HN,HND,2021,2423.76634916911,42.6449763642453,103.372643459918,NA,NA,NA,NA
Honduras,HN,HND,2022,2482.22384904714,42.1635310982746,112.698524913966,NA,NA,NA,NA
Honduras,HN,HND,2023,2527.27366333188,41.6867607294898,98.7919798336365,NA,NA,NA,NA
Honduras,HN,HND,2024,2575.32081187859,41.2149271895171,91.6694117874122,NA,NA,NA,NA
"Hong Kong SAR, China",HK,HKG,2000,26933.2130754703,0,247.654020445592,NA,NA,NA,NA
"Hong Kong SAR, China",HK,HKG,2001,26885.4053275596,0,240.848977626932,NA,NA,NA,NA
"Hong Kong SAR, China",HK,HKG,2002,27210.0502364654,0,255.996457369342,NA,NA,NA,NA
"Hong Kong SAR, China",HK,HKG,2003,28097.0971397308,0,292.454655919737,NA,NA,NA,NA
"Hong Kong SAR, China",HK,HKG,2004,30304.2901619598,0,326.841054589054,NA,NA,NA,NA
"Hong Kong SAR, China",HK,HKG,2005,32401.3558626573,0,342.689209524653,NA,NA,NA,NA
"Hong Kong SAR, China",HK,HKG,2006,34458.0032348089,0,359.208661184248,NA,NA,NA,NA
"Hong Kong SAR, China",HK,HKG,2007,36371.6434233987,0,362.14946363969,NA,NA,NA,NA
"Hong Kong SAR, China",HK,HKG,2008,36924.0529643897,0,376.656806171877,NA,NA,NA,NA
"Hong Kong SAR, China",HK,HKG,2009,35938.578391742,0,348.397554309339,NA,NA,NA,NA
"Hong Kong SAR, China",HK,HKG,2010,38090.0154420129,0,404.770560908659,NA,NA,NA,NA
"Hong Kong SAR, China",HK,HKG,2011,39656.3184510131,0,421.854706554386,NA,NA,NA,NA
"Hong Kong SAR, China",HK,HKG,2012,39887.8192650568,0,430.568530415663,NA,NA,NA,NA
"Hong Kong SAR, China",HK,HKG,2013,40959.9776349249,0,442.620019127299,NA,NA,NA,NA
"Hong Kong SAR, China",HK,HKG,2014,41796.8593150091,0,425.975871734797,NA,NA,NA,NA
"Hong Kong SAR, China",HK,HKG,2015,42432.1619740441,0,389.405949263639,NA,NA,NA,NA
"Hong Kong SAR, China",HK,HKG,2016,43087.5537128127,0,371.727231773253,NA,NA,NA,NA
"Hong Kong SAR, China",HK,HKG,2017,44380.8176753147,0,376.795666734722,NA,NA,NA,NA
"Hong Kong SAR, China",HK,HKG,2018,45280.4971892076,0,376.892773545026,NA,NA,NA,NA
"Hong Kong SAR, China",HK,HKG,2019,44195.2741142906,0,353.743521139731,NA,NA,NA,NA
"Hong Kong SAR, China",HK,HKG,2020,41451.2989586282,0,350.679705044448,NA,NA,NA,NA
"Hong Kong SAR, China",HK,HKG,2021,44530.9213833761,0,402.459681454463,NA,NA,NA,NA
"Hong Kong SAR, China",HK,HKG,2022,43281.0067309646,0,384.885909968308,NA,NA,NA,NA
"Hong Kong SAR, China",HK,HKG,2023,43518.9311789918,0,353.194608900413,NA,NA,NA,NA
"Hong Kong SAR, China",HK,HKG,2024,44734.4365296835,0,359.390663042179,NA,NA,NA,NA
Hungary,HU,HUN,2000,8979.73578602949,35.7397655607789,137.26231309347,37.9842163862842,2.6912076132505,35.4512688425175,41.3067900842643
Hungary,HU,HUN,2001,9365.95393193015,35.353119716959,130.903714236387,36.7492618429049,2.18507934771152,33.9155294220052,40.9013869872712
Hungary,HU,HUN,2002,9836.94065083321,34.9599990844727,118.269335242555,35.845939240855,2.05155755538837,33.7827246992518,42.9000107390859
Hungary,HU,HUN,2003,10253.723920764,35.1547012329102,116.787088540862,35.4299510178377,1.94412947300164,36.0073773673182,42.7185066058332
Hungary,HU,HUN,2004,10786.4881991495,34.9774627685547,123.615686104174,35.2030079837152,0.424374471656904,38.2237179814953,41.6525350711884
Hungary,HU,HUN,2005,11272.7345428122,33.8738632202148,128.004810647538,34.7938717627598,-0.00998673405853479,37.2078394734623,41.8290207048608
Hungary,HU,HUN,2006,11734.4544729813,32.9844131469727,149.231531568461,35.2114462537521,-0.0022362921313137,35.2322779295972,42.8712723639047
Hungary,HU,HUN,2007,11791.7074416876,32.9958343505859,155.60143236807,37.716291068671,-0.00204398245494031,34.4845339335491,42.3943125638305
Hungary,HU,HUN,2008,11929.7209867703,31.9023013921117,158.453224115619,39.8990217414494,-4.61817056334618e-4,32.0217608196945,44.3161063509676
Hungary,HU,HUN,2009,11142.885928524,31.5407409667969,145.30587733019,39.7827322255722,-5.16836550533186e-4,33.4586785024698,45.0899961462607
Hungary,HU,HUN,2010,11287.3686666108,30.4694519042969,157.838960085896,38.0561378872276,-8.31306101038606e-5,37.1823452382833,43.6185257806077
Hungary,HU,HUN,2011,11536.3578996772,30.5220065917969,166.754347209897,37.337531975566,NA,37.7577497591768,45.0546657406546
Hungary,HU,HUN,2012,11440.7622718825,30.4227673339844,166.17569860957,40.4480477722874,NA,37.5020603196177,44.7191558906917
Hungary,HU,HUN,2013,11729.5720798501,30.0722363733362,164.476024791467,40.1556202902356,NA,36.9518681881404,46.9455294709772
Hungary,HU,HUN,2014,12287.3779441033,29.6928946487992,168.358355086413,40.0343862646249,NA,36.9496302448038,44.9912537785472
Hungary,HU,HUN,2015,12782.9412577973,29.5152282714844,167.290738494524,40.1987491408758,NA,36.4150295844678,43.2456220345119
Hungary,HU,HUN,2016,13145.6559885563,29.5266189575195,163.97194450015,40.4933310809944,NA,36.4407352809228,43.3907474005341
Hungary,HU,HUN,2017,13734.2442804335,29.5457458496094,165.032855840268,39.6857971754017,NA,36.4070377926455,42.0163819189322
Hungary,HU,HUN,2018,14533.7783144312,29.5288238525391,162.700858777925,38.2884038805727,NA,37.4228685205447,39.6980879246317
Hungary,HU,HUN,2019,15290.8085466331,29.5434722900391,159.925556464831,37.8705777261879,NA,36.9632209392756,39.3263776745238
Hungary,HU,HUN,2020,14664.2971195385,29.7082672119141,154.527002936377,37.7383132020425,NA,37.7745250625847,44.0965958368183
Hungary,HU,HUN,2021,15787.9535427563,29.7940724668587,159.187527332834,35.7532926379703,NA,39.0955775783279,42.2666073391105
Hungary,HU,HUN,2022,16487.7973935944,29.8414935756555,184.969952581351,37.9213348196215,NA,40.0097781120636,42.4178061387445
Hungary,HU,HUN,2023,16375.0462724192,29.7076973108569,158.618825607913,38.2138546590464,NA,38.2324678385381,NA
Hungary,HU,HUN,2024,16543.1049095203,29.508174056782,147.926666538068,37.9393899993163,NA,37.1159835205604,NA
IBRD only,XF,IBD,2000,2750.17686745674,56.3332976103353,48.2635881577428,NA,5.97752248403715,35.5795148863345,NA
IBRD only,XF,IBD,2001,2816.85409923483,55.7094154192758,47.2544890261892,NA,5.68749847218636,35.346658471066,NA
IBRD only,XF,IBD,2002,2910.66880220101,55.0245241921546,49.5081361759144,NA,6.86141615414251,36.0723921832303,NA
IBRD only,XF,IBD,2003,3048.08979022397,54.3298865972152,53.8878592036037,NA,6.46079600910964,35.8915657010528,NA
IBRD only,XF,IBD,2004,3247.59840290551,53.7062094406482,58.7414138290307,NA,6.68826902633405,37.5346437604396,NA
IBRD only,XF,IBD,2005,3445.54326791071,53.0854306275873,60.3071745565795,15.2057661189599,5.7774967180107,37.6176065121494,NA
IBRD only,XF,IBD,2006,3693.37066538383,52.4230252990175,61.1990466759787,15.802135592163,5.30244616007013,36.1153532439644,NA
IBRD only,XF,IBD,2007,3983.75786510527,51.7038952370961,59.9816008967157,19.816659774506,5.20571629826523,36.6074674604645,NA
IBRD only,XF,IBD,2008,4177.43900963448,51.1096533086557,59.6181135904339,17.7140044024912,5.07959696356699,36.5994062231752,NA
IBRD only,XF,IBD,2009,4249.82071937767,50.430651670792,50.0332662050715,16.5551480917681,4.37218197239356,35.6457193336353,NA
IBRD only,XF,IBD,2010,4533.00914065275,49.8919791393179,53.2379833925515,17.3991704369337,4.25249142950604,38.3979344984324,NA
IBRD only,XF,IBD,2011,4770.82824838185,48.8529145196626,54.8841454433976,17.620376882721,4.39537819162296,36.3926650499754,NA
IBRD only,XF,IBD,2012,4977.09090605651,48.2144796596134,54.1855889844303,17.5735481166799,4.36176967057779,35.678667793975,NA
IBRD only,XF,IBD,2013,5179.63613332378,47.5000985647132,52.9805424614267,17.419689315535,4.11876794597464,35.8652821572353,NA
IBRD only,XF,IBD,2014,5370.20489610287,46.8162783219902,51.7110184178103,19.4512001336897,3.78723525851342,34.0722748890513,NA
IBRD only,XF,IBD,2015,5546.81934137697,46.0667131718022,48.3704857405775,19.4601881517728,3.54136266318009,35.3105074609305,NA
IBRD only,XF,IBD,2016,5738.52582613831,45.3984792755282,46.4096165856145,19.2254014543151,3.43629474473578,35.4318446383267,NA
IBRD only,XF,IBD,2017,5978.75957459242,44.7777772064645,47.7847883496778,19.1623094923261,3.3205292221291,34.4677122119183,NA
IBRD only,XF,IBD,2018,6215.67638120711,44.1401607424708,50.0664021195698,19.8813428883291,3.46824758475849,34.1523619564832,NA
IBRD only,XF,IBD,2019,6412.74148413925,43.5715147554962,48.1676862711543,20.3539306005983,3.39332205956281,33.751477741709,NA
IBRD only,XF,IBD,2020,6287.10346120634,43.1348284951554,45.4695172579891,18.8685850824017,2.99540373474027,35.319544571280296,NA
IBRD only,XF,IBD,2021,6729.33339266546,42.5812658590941,50.7074421878126,19.3674992124621,3.27077384564633,34.6670482635482,NA
IBRD only,XF,IBD,2022,6950.42582854395,42.2447662045284,53.751444616711,18.8211788309732,3.16759557135265,32.7878980111617,NA
IBRD only,XF,IBD,2023,7237.59788175414,41.9692530401947,49.7580293079394,20.1620139987204,3.10185494759946,32.9295609337443,NA
IBRD only,XF,IBD,2024,7516.23109692996,41.6735276690489,49.7665350065376,19.533328879437,3.03324814533793,32.342562045174,NA
Iceland,IS,ISL,2000,43472.3369951306,8.0325807968358,70.2477741981669,31.702931426299,1.19022328811857,48.5275941135367,28.9769232927383
Iceland,IS,ISL,2001,44545.9822738464,7.9547695439641,73.9395325755249,29.6561264747604,1.24946185731913,44.4061986074445,29.2579365214771
Iceland,IS,ISL,2002,44389.5560604909,7.8325977401088,68.7108314689249,29.2270125144227,0.976171562373037,45.5384928088583,30.1264995681776
Iceland,IS,ISL,2003,45088.9226082383,7.6764440683137,67.4009987460124,30.1145139741309,0.997911031427306,46.7250462505225,31.5661510338861
Iceland,IS,ISL,2004,48101.7116415743,7.5622706624646,69.7326204452496,31.2006371437705,1.00338297409216,47.9996300534566,30.2090274481751
Iceland,IS,ISL,2005,50674.4411406649,7.62255898493601,71.2106793861355,37.8905923579909,0.861403121387208,42.30914672629,32.7383527504344
Iceland,IS,ISL,2006,52306.128485789,7.8050990961187,76.6308537686708,38.6497801618825,0.96050487878631,40.1828271528242,32.2603311078751
Iceland,IS,ISL,2007,55457.3601614503,7.63854282967711,73.6249668831341,37.6091488497315,1.02597527062334,38.7119061180323,31.9162816537482
Iceland,IS,ISL,2008,55360.8136012406,6.9353557825784,81.9027481853952,39.7964278891593,0.915711933825243,30.0823242562036,50.3326896704183
Iceland,IS,ISL,2009,50581.0846167336,6.5558659446293,89.00144405735,34.2622734890886,0.944180819656602,31.1905418913678,41.4719604937765
Iceland,IS,ISL,2010,49528.4864733411,6.5411651892114,92.4901528110187,31.4647538462667,1.10464846221701,34.3938557101812,37.4943984640022
Iceland,IS,ISL,2011,50058.8302665144,6.58893887572999,100.133252648313,32.7658617779933,1.23652018429797,33.4263177200816,38.023843042671
Iceland,IS,ISL,2012,50375.4117054195,6.485107421875,102.433137099998,33.670305727655,1.21029872131847,33.6498239653258,36.5921821704099
Iceland,IS,ISL,2013,51696.0876507326,6.3833274841308,97.6980221861272,33.3982101848412,0.87117705787901,33.3828618305482,34.4053448051065
Iceland,IS,ISL,2014,52102.575810195,6.3803283684195,95.2879194201667,34.8438848950151,0.81982870933138,31.9218471735466,33.9832942932349
Iceland,IS,ISL,2015,53505.6964079339,6.272080231434,94.8888027460231,32.0283607401015,0.662835208009775,34.4571137835125,31.8771254937801
Iceland,IS,ISL,2016,56049.2928672039,6.2177352905274,87.7600165983392,47.3067430379113,0.42033435505119,23.7489813915999,34.9997018089201
Iceland,IS,ISL,2017,56657.9800322797,6.2281017689908,86.3585336945067,33.3394489927088,0.435691442223404,35.9720955603035,31.0338460553056
Iceland,IS,ISL,2018,57731.6523639512,6.1473332974513,88.934996973139,32.4990443848276,0.435823529278165,35.702466076682,30.382524786350402
Iceland,IS,ISL,2019,57118.8452777198,6.0229152583869,83.7923659518443,30.0597687054453,0.369828975565205,36.4094739358007,30.6922340261305
Iceland,IS,ISL,2020,52464.3073240589,5.8632897125278,68.6550233460548,28.9254504546926,0.296580487636776,37.6827778702128,36.3538902057074
Iceland,IS,ISL,2021,54285.0209203242,5.7891793596159,76.2317249850944,28.381747914336,0.433014620719909,38.8123867140757,34.66733081482
Iceland,IS,ISL,2022,57626.2533717585,5.82129287719719,93.0164295134303,30.6560937835839,0.492111240758002,35.3308826004818,32.5551860161591
Iceland,IS,ISL,2023,59951.7537739692,5.84817382151989,87.2388810922276,31.4470448237918,0.445178683573849,35.1916300499427,32.0496243351256
Iceland,IS,ISL,2024,59053.5648370451,5.81809600834779,86.1815792789281,NA,NA,NA,NA
IDA & IBRD total,ZT,IBT,2000,2340.82875174853,59.3820859145342,48.3726580467187,NA,NA,NA,NA
IDA & IBRD total,ZT,IBT,2001,2391.86557804998,58.8315905642405,47.434983137214,NA,NA,NA,NA
IDA & IBRD total,ZT,IBT,2002,2466.37534927867,58.2328490763426,49.5838736879798,NA,NA,NA,NA
IDA & IBRD total,ZT,IBT,2003,2572.95758342267,57.6231453395295,53.7915161464789,NA,8.04634281499469,34.2513520243592,NA
IDA & IBRD total,ZT,IBT,2004,2731.20917223408,57.0628994955807,58.5112609312125,NA,8.18606931368815,36.9914543104612,NA
IDA & IBRD total,ZT,IBT,2005,2886.65266109948,56.5043152011351,60.0399266108209,15.1222418473197,7.65406688119525,36.6592161071612,NA
IDA & IBRD total,ZT,IBT,2006,3079.20147750429,55.9144160900728,60.8813245038789,15.6850152554361,6.24752736384017,35.1686878668983,NA
IDA & IBRD total,ZT,IBT,2007,3302.82526069676,55.290337240759,59.8133027631548,19.5712806049265,6.5792086315696,34.480064444589,NA
IDA & IBRD total,ZT,IBT,2008,3449.8203963698,54.7559755876867,59.5885522488794,17.5886325688589,6.04309705227456,34.6407583487521,NA
IDA & IBRD total,ZT,IBT,2009,3504.47378188872,54.1702508040414,50.1654884148108,16.4297163204072,5.97121838978546,32.8342240781642,NA
IDA & IBRD total,ZT,IBT,2010,3721.63119008758,53.6962695228137,53.2264071722749,17.2785271691536,5.21519268707408,32.9162217855751,NA
IDA & IBRD total,ZT,IBT,2011,3898.12924678617,52.8403421272194,54.9312445890716,17.5311735635386,5.30116921258243,34.6103767515076,NA
IDA & IBRD total,ZT,IBT,2012,4049.02401734632,52.2751772779932,54.2136933265888,17.494549697476,5.6506341135271,35.0709664567901,NA
IDA & IBRD total,ZT,IBT,2013,4204.1114505155,51.6476159581252,52.9561369014683,17.3169769477616,5.06985742398358,34.1484389816155,NA
IDA & IBRD total,ZT,IBT,2014,4349.50164662377,51.0655608081321,51.6764501721181,19.2704877779496,5.3001589726265,34.2004531080573,NA
IDA & IBRD total,ZT,IBT,2015,4477.24409653758,50.4449035446267,48.3501035890442,19.2389979970516,5.3739684753357,35.1280151133536,NA
IDA & IBRD total,ZT,IBT,2016,4614.08685562372,49.8828266195749,46.3456042919222,18.9824183936948,5.55766728727354,35.9462569552235,NA
IDA & IBRD total,ZT,IBT,2017,4788.10478996534,49.3552664567158,47.7085660947481,18.935098847284,5.74453710616204,35.194187329077,NA
IDA & IBRD total,ZT,IBT,2018,4959.05836315983,48.8167807695321,50.0259433028452,19.6273461259841,5.67261103973483,35.5521084485447,NA
IDA & IBRD total,ZT,IBT,2019,5097.1350886918,48.3346089118126,48.1943922259065,20.0829439090197,5.47875113016267,34.9171799072623,NA
IDA & IBRD total,ZT,IBT,2020,4975.19205124347,47.9545221589091,45.3752250141849,18.6345839516813,4.96936264279673,35.5034371993177,NA
IDA & IBRD total,ZT,IBT,2021,5288.48751677048,47.4918318811996,50.5268193017185,19.1306569683622,5.28453419019058,35.6394111800891,NA
IDA & IBRD total,ZT,IBT,2022,5440.77771363889,47.1836203016777,53.6126039380313,18.7150596072632,4.42549849008739,32.9772897517498,NA
IDA & IBRD total,ZT,IBT,2023,5634.16482692317,46.9176515651599,49.6848537038012,20.0255849726705,4.46986335746798,33.5069593296843,NA
IDA & IBRD total,ZT,IBT,2024,5825.50541967732,46.6305762087729,49.6374181053919,19.4752814362282,NA,NA,NA
IDA blend,XH,IDB,2000,1302.79173205587,62.8973983909732,NA,NA,NA,NA,NA
IDA blend,XH,IDB,2001,1319.28373984693,62.3922573811701,NA,NA,NA,NA,NA
IDA blend,XH,IDB,2002,1368.72431947825,61.8550049641034,NA,NA,NA,NA,NA
IDA blend,XH,IDB,2003,1395.74781049748,61.2953957746056,NA,NA,NA,NA,NA
IDA blend,XH,IDB,2004,1461.53585071321,60.7287961910357,NA,NA,NA,NA,NA
IDA blend,XH,IDB,2005,1510.78551454883,60.1651221797906,NA,NA,NA,NA,NA
IDA blend,XH,IDB,2006,1558.19950495576,59.6111749792695,NA,NA,NA,NA,NA
IDA blend,XH,IDB,2007,1600.87649761883,59.1110948409909,NA,NA,NA,NA,NA
IDA blend,XH,IDB,2008,1625.06360764076,58.6553559688014,NA,NA,NA,NA,NA
IDA blend,XH,IDB,2009,1677.01134797999,58.2530797995025,NA,NA,NA,NA,NA
IDA blend,XH,IDB,2010,1732.0970274752,57.8848002489095,NA,NA,NA,NA,NA
IDA blend,XH,IDB,2011,1762.43109999793,57.4915115030634,NA,NA,14.4937264119002,15.6209259287765,NA
IDA blend,XH,IDB,2012,1800.98680407865,57.0840676823934,NA,NA,11.7679320520135,23.6423163407011,NA
IDA blend,XH,IDB,2013,1864.20094351718,56.6724243682687,NA,NA,NA,NA,NA
IDA blend,XH,IDB,2014,1932.2366467346,56.2475248733447,NA,NA,9.08128030600556,22.6482722184502,NA
IDA blend,XH,IDB,2015,1967.8941145813,55.8098293495877,NA,NA,9.54129736806282,29.3991794618264,NA
IDA blend,XH,IDB,2016,1975.50456585507,55.3499748816717,NA,NA,10.552946793570401,30.2030631708655,NA
IDA blend,XH,IDB,2017,1991.50582003859,54.8855740512717,NA,NA,7.73681706636704,29.4335816997213,NA
IDA blend,XH,IDB,2018,2028.14092040239,54.4232934718925,NA,NA,6.68296162603762,31.2362805183052,NA
IDA blend,XH,IDB,2019,2049.30236677741,53.9456766296712,NA,NA,7.19528773134374,32.2596892549436,NA
IDA blend,XH,IDB,2020,1943.87243809295,53.4314095140452,NA,NA,7.99173803900381,31.5654206785707,NA
IDA blend,XH,IDB,2021,1988.14316748151,52.9050677104363,NA,NA,7.48842758633371,32.6230491560634,NA
IDA blend,XH,IDB,2022,2043.42372895199,52.3669870814802,NA,NA,NA,NA,NA
IDA blend,XH,IDB,2023,2062.62356419287,51.8226326840103,NA,NA,NA,NA,NA
IDA blend,XH,IDB,2024,2107.6638668718,51.3041640900381,NA,NA,NA,NA,NA
IDA only,XI,IDX,2000,689.180790229207,73.9425188388282,54.8741031020793,NA,NA,NA,NA
IDA only,XI,IDX,2001,701.950532842353,73.5689512661173,53.4677408091997,NA,NA,NA,NA
IDA only,XI,IDX,2002,717.326546711149,73.1801536369486,53.528650177846004,NA,NA,NA,NA
IDA only,XI,IDX,2003,736.445386593645,72.7683472844285,53.5087619254835,NA,NA,NA,NA
IDA only,XI,IDX,2004,763.028687893496,72.3286404503055,55.8785792711626,NA,NA,NA,NA
IDA only,XI,IDX,2005,793.392553485602,71.8751184122204,57.9545701120271,NA,NA,NA,NA
IDA only,XI,IDX,2006,824.39686692688,71.4035541486176,56.907168308223,NA,NA,NA,NA
IDA only,XI,IDX,2007,857.594387123422,70.9493784218643,59.4325720803377,NA,NA,NA,NA
IDA only,XI,IDX,2008,888.11196361438,70.4389239609552,60.9590576457446,NA,NA,NA,NA
IDA only,XI,IDX,2009,904.690055498465,69.9828623268633,54.5921119299234,12.4083709682625,NA,NA,14.9962125192301
IDA only,XI,IDX,2010,941.87311126462,69.5366601597699,57.3224217658914,12.2617043356493,NA,NA,14.2880204720264
IDA only,XI,IDX,2011,957.759251305851,69.0697172194908,60.8726619264423,12.7986618831861,NA,NA,NA
IDA only,XI,IDX,2012,958.993364993698,68.547979988323,61.0053154558179,13.3963527777257,11.137233100803,35.3572710893234,14.1213809988102
IDA only,XI,IDX,2013,987.559506416371,68.0209441356811,58.9218205005689,13.1750353847322,10.2928134297046,34.8814731382225,13.8494521795277
IDA only,XI,IDX,2014,1015.3734765589,67.6201905432662,57.6348749768095,13.6662466777488,10.7622040814075,37.4018419777024,14.2919353121494
IDA only,XI,IDX,2015,1024.03892548547,67.2658863645877,54.0527767202776,13.3678258616629,10.7480996110799,39.8873867977778,14.221187904128
IDA only,XI,IDX,2016,1043.61712928397,66.8825285273447,51.1612035099634,12.7252701252291,9.73882886619442,41.3924325388687,13.7079277983968
IDA only,XI,IDX,2017,1073.84673193105,66.4780881537194,51.7159715984422,13.0176475261851,10.1906597307395,36.8945167456754,13.9550007943062
IDA only,XI,IDX,2018,1100.73857863193,66.0550392192386,53.9877514985178,12.5481436477816,10.7237811738778,38.6140794373435,12.5582457233761
IDA only,XI,IDX,2019,1127.40470768605,65.6427154262986,53.2117386493399,13.2451007023269,10.1349829777964,40.4587824965827,13.5694198638627
IDA only,XI,IDX,2020,1097.9073513853,65.2529881653976,47.9015176024508,12.4060043809918,9.82513650285828,36.0063657926594,14.6875975387532
IDA only,XI,IDX,2021,1112.55281021201,64.8650733100456,52.2120688058905,12.7622086175667,9.95055065511846,38.1696095311766,14.1898761381825
IDA only,XI,IDX,2022,1135.34471641403,64.4549090351221,54.7122721955176,NA,NA,NA,NA
IDA only,XI,IDX,2023,1147.16316787956,64.0405513627071,51.770857039518,NA,NA,NA,NA
IDA only,XI,IDX,2024,1173.2818683549,63.5928730969355,50.9208098591496,NA,NA,NA,NA
IDA total,XG,IDA,2000,902.727878479473,70.1004506582773,NA,NA,NA,NA,NA
IDA total,XG,IDA,2001,917.222006498417,69.6730021162786,NA,NA,NA,NA,NA
IDA total,XG,IDA,2002,944.764140365419,69.2296867877446,NA,NA,NA,NA,NA
IDA total,XG,IDA,2003,966.711421750773,68.7643169331006,NA,NA,NA,NA,NA
IDA total,XG,IDA,2004,1007.42076408979,68.2748780220092,NA,NA,NA,NA,NA
IDA total,XG,IDA,2005,1044.65404144036,67.7780459293318,NA,NA,NA,NA,NA
IDA total,XG,IDA,2006,1081.58606287181,67.2739192395728,NA,NA,NA,NA,NA
IDA total,XG,IDA,2007,1118.49861077272,66.796029518621,NA,NA,NA,NA,NA
IDA total,XG,IDA,2008,1147.24627389385,66.2950602878145,NA,NA,NA,NA,NA
IDA total,XG,IDA,2009,1176.8794999748,65.848691852827,NA,NA,NA,NA,NA
IDA total,XG,IDA,2010,1220.95123872251,65.4213633491583,NA,NA,NA,NA,NA
IDA total,XG,IDA,2011,1242.31604652501,64.9750472162741,NA,NA,NA,NA,NA
IDA total,XG,IDA,2012,1256.89332471361,64.4919566196033,NA,NA,11.3904388349562,32.0944907170857,NA
IDA total,XG,IDA,2013,1297.88287583466,64.003667809136,NA,NA,10.4163180624159,32.6748780043632,NA
IDA total,XG,IDA,2014,1339.89861488766,63.5948179252443,NA,NA,10.34143142884,34.3286313270634,NA
IDA total,XG,IDA,2015,1357.9051932623,63.2135793547586,47.9747033496365,NA,10.5739418494924,34.5966425212026,NA
IDA total,XG,IDA,2016,1372.7296442096,62.8096034240641,45.1666203000795,NA,9.73882886619442,37.4744590648237,NA
IDA total,XG,IDA,2017,1397.38370461298,62.390941884386,46.2974245040847,NA,9.81437902481628,35.879003680308,NA
IDA total,XG,IDA,2018,1427.14883414215,61.9611083217027,49.2769085354828,NA,10.4984316707647,37.9140877656591,NA
IDA total,XG,IDA,2019,1451.18305482757,61.5346153018716,48.6888132254431,NA,9.87838602343606,37.3055257475489,NA
IDA total,XG,IDA,2020,1394.41549981948,61.1095613827119,43.6542866402809,NA,9.49312447603245,35.9733662774852,NA
IDA total,XG,IDA,2021,1418.97233507819,60.6795781149435,47.2302506408838,NA,9.86644767025937,36.522732605711,NA
IDA total,XG,IDA,2022,1452.67025448891,60.2308202882342,51.0580808931251,NA,NA,NA,NA
IDA total,XG,IDA,2023,1466.40467616719,59.7798899481548,48.3344601786916,NA,NA,NA,NA
IDA total,XG,IDA,2024,1498.37807376176,59.3173062796889,47.2468719474343,NA,NA,NA,NA
India,IN,IND,2000,756.704109533187,72.3529592487477,26.9009229104474,11.7034288840812,18.9218878107413,28.9265046526622,15.4104025952684
India,IN,IND,2001,778.507377522499,72.0971347903364,25.9932547534365,11.0400508601551,15.6468083122212,30.1500645020905,15.5456255204777
India,IN,IND,2002,793.615912901002,71.8243121089544,29.5086629350614,11.5941347100743,15.4202121259003,30.3666649476561,16.0529482126794
India,IN,IND,2003,841.278894562408,71.5339712302,30.592436132908,11.8531218371758,14.5962462593161,30.2037153208209,15.5775937222978
India,IN,IND,2004,892.596614580718,71.2273932771472,37.503814059447,12.0829219683708,14.8648997326893,29.7148341951265,15.1334829998657
India,IN,IND,2005,947.732565644272,70.9054502840893,42.0016696148691,12.3350942450845,14.4257054111638,30.7622896847127,15.1739835903438
India,IN,IND,2006,1008.23275344818,70.5690142853196,45.7244804992652,13.3167898343502,15.1687722935812,28.4902742879232,15.1894795636765
India,IN,IND,2007,1069.24696812234,70.2189573151316,45.686268679348,14.4395957808587,14.6632228698901,24.9002561722875,15.2578600235571
India,IN,IND,2008,1086.50605251005,69.8561514078185,53.3682204392226,12.7597307966559,14.1393149628036,26.2640061722715,17.2276704329522
India,IN,IND,2009,1155.10163273817,69.4814685976737,46.2728696428837,11.4202885918772,11.4110733590522,23.7764019046758,16.8518927116001
India,IN,IND,2010,1235.15939132939,69.0957809189906,49.2552064974161,13.1835965373763,13.4578911382621,21.6756344322562,16.5051359514049
India,IN,IND,2011,1281.61054354937,68.7253497146691,55.6238800135298,11.4959960090891,14.8246284585373,24.9818820796394,14.4898394030493
India,IN,IND,2012,1333.09626557649,68.4101064395601,55.7937217287511,12.599872776486,14.8663024955806,26.004921087417,16.166712404362
India,IN,IND,2013,1399.4537980281,68.0903210764763,53.8441319466777,12.6089934124693,13.2103336648118,27.3004252798172,16.6386825486965
India,IN,IND,2014,1484.31640682961,67.7711766591179,48.9221857470669,11.550620644555,13.0409600244063,25.5570369274154,14.803137644208
India,IN,IND,2015,1583.99815907985,67.4527009977701,41.9229138658647,12.4152095425778,12.2883375942345,29.8330069498647,15.1256903622794
India,IN,IND,2016,1694.46534973787,67.134921902717707,40.082485713276,12.8510169890546,11.2889250411133,32.9305784664664,15.2719500252316
India,IN,IND,2017,1788.69770318481,66.8178671842461,40.7424969545225,12.7267619005257,6.20749165783108,37.3456526628387,15.6141099220983
India,IN,IND,2018,1883.35772705055,66.5015646526402,43.6169693323889,13.188532948648101,4.50855543479306,40.8673498831382,15.6631319151388
India,IN,IND,2019,1936.03067741063,66.1860421181853,39.9054035306442,NA,NA,NA,NA
India,IN,IND,2020,1806.50110583865,65.8713273911667,37.7581053292768,NA,NA,NA,NA
India,IN,IND,2021,1965.30943437472,65.5574482818696,45.4230887840446,NA,NA,NA,NA
India,IN,IND,2022,2098.21124476122,65.2444326005794,50.6979382758042,9.37969496475912,5.49349042783413,32.5985062705735,13.7280694252264
India,IN,IND,2023,2229.71491223037,64.9323081575814,46.3229520582338,NA,NA,NA,NA
India,IN,IND,2024,2366.8328910323,64.6211027631611,45.9166907678748,NA,NA,NA,NA
Indonesia,ID,IDN,2000,1828.10265968361,58.0138459399344,71.4368759173731,NA,NA,NA,NA
Indonesia,ID,IDN,2001,1868.59172307292,57.0981104813843,69.7932075256238,18.6987029268879,3.10754605682776,25.9119693934694,NA
Indonesia,ID,IDN,2002,1926.37435868149,56.2175930969624,59.0794617663723,17.4443672511438,3.32761279331911,29.9328452723391,15.7134455872859
Indonesia,ID,IDN,2003,1991.91820506473,55.3698238478128,53.6164937473016,17.323473226498,3.18181333475187,32.149528438324,16.2579278221086
Indonesia,ID,IDN,2004,2065.70617470842,54.5523263558112,59.761294836691,18.3655094623452,3.01996970312772,32.0363566259559,16.8539365479843
Indonesia,ID,IDN,2005,2155.4478015921,53.7626242428331,63.9879358688635,NA,NA,NA,NA
Indonesia,ID,IDN,2006,2244.0802226202,52.9982411307543,56.6571268148867,NA,NA,NA,NA
Indonesia,ID,IDN,2007,2355.1528565328,52.2567006414504,54.8292499782075,NA,NA,NA,NA
Indonesia,ID,IDN,2008,2464.60193418272,51.5355263967971,58.5613996312961,19.7878439982375,3.76798866249423,27.1488842317179,18.4485650887534
Indonesia,ID,IDN,2009,2546.21969707767,50.83224201867,45.5121213687054,15.1082541024723,2.20373674076832,30.194991127126,15.3672983977382
Indonesia,ID,IDN,2010,2670.8129098953,50.1478624851112,46.7012738758737,NA,NA,NA,NA
Indonesia,ID,IDN,2011,2799.62468790318,49.5169982910156,50.1800131841104,NA,NA,NA,NA
Indonesia,ID,IDN,2012,2930.518445323,48.8406066894531,49.5828982992627,NA,NA,NA,NA
Indonesia,ID,IDN,2013,3055.24246006469,48.1692504882812,48.6373726752893,NA,NA,NA,NA
Indonesia,ID,IDN,2014,3170.72103011429,47.4997863769531,48.0801755855227,NA,NA,NA,NA
Indonesia,ID,IDN,2015,3288.22269725538,46.8279228210449,41.9376402415294,NA,NA,NA,NA
Indonesia,ID,IDN,2016,3416.81005170972,46.187442779541,37.4213418023318,NA,NA,NA,NA
Indonesia,ID,IDN,2017,3553.51999262321,45.5458984375,39.3554970704606,NA,NA,NA,NA
Indonesia,ID,IDN,2018,3701.32155461912,44.9043159484863,43.0743089552002,NA,NA,NA,NA
Indonesia,ID,IDN,2019,3850.90321738979,44.2617950439453,37.6277775357108,NA,NA,NA,NA
Indonesia,ID,IDN,2020,3739.44906563161,43.7214712351232,32.9721754002427,NA,NA,NA,NA
Indonesia,ID,IDN,2021,3850.68877253903,43.1238297535973,40.2047582749671,NA,NA,NA,NA
Indonesia,ID,IDN,2022,4024.91225288391,42.5065295773401,45.4646701959453,NA,NA,NA,NA
Indonesia,ID,IDN,2023,4192.64401034181,41.8820646602122,41.4604765447233,NA,NA,NA,NA
Indonesia,ID,IDN,2024,4367.94741847938,41.2490364612003,42.809937870822,NA,NA,NA,NA
"Iran, Islamic Rep.",IR,IRN,2000,3885.30183360649,35.5219879150391,41.2572474638031,21.6289840747895,5.97752248403715,7.50270434578026,15.5906257153813
"Iran, Islamic Rep.",IR,IRN,2001,3917.29935489016,34.7831344604492,40.535566479523,21.9506777386762,7.33523577757056,5.57017812993534,17.5463352504193
"Iran, Islamic Rep.",IR,IRN,2002,4198.95356080727,34.0728378295898,48.1726865520657,23.9938079061016,7.00612297518311,4.26707672861033,17.4859051555405
"Iran, Islamic Rep.",IR,IRN,2003,4511.43134034458,33.3950729370117,50.6791057753261,24.063407900254,7.39917417501556,4.36020164558074,17.1755316332962
"Iran, Islamic Rep.",IR,IRN,2004,4607.45169088209,32.7432632446289,51.3138573265888,24.6904334584317,8.18606931368815,3.32848134776933,16.6529138239168
"Iran, Islamic Rep.",IR,IRN,2005,4650.35841490708,32.1291198730469,54.4404952635536,30.9200488389208,5.72838195853717,3.02422556252489,19.4202431887513
"Iran, Islamic Rep.",IR,IRN,2006,4778.7934584732,31.6898149507856,53.1673587143845,29.9555043991844,5.44112271704588,2.66840775341714,20.717883395162
"Iran, Islamic Rep.",IR,IRN,2007,5084.71796043623,31.193810066392,49.8873069225934,28.4601516769995,5.28235856546591,2.63689140103438,16.8257698115549
"Iran, Islamic Rep.",IR,IRN,2008,5035.94008533618,30.6209927003254,48.2294027741438,26.4364150458269,5.51571547921866,2.30016679011664,18.2510103192693
"Iran, Islamic Rep.",IR,IRN,2009,5023.89314362941,30.00992316413,43.6995802243585,25.3762281584679,6.00145828536342,3.51532159029856,19.6373860775885
"Iran, Islamic Rep.",IR,IRN,2010,5249.06133369759,29.3907373225614,43.7706437371399,NA,NA,NA,NA
"Iran, Islamic Rep.",IR,IRN,2011,5321.75870744453,28.795949055483,41.2194147918578,NA,NA,NA,NA
"Iran, Islamic Rep.",IR,IRN,2012,5058.64637811835,28.2366365958706,44.0893466807452,NA,NA,NA,NA
"Iran, Islamic Rep.",IR,IRN,2013,4916.97291948475,27.6969126484588,47.0867179194755,NA,NA,NA,NA
"Iran, Islamic Rep.",IR,IRN,2014,5093.20319702187,27.1675929614777,45.3514201413161,NA,NA,NA,NA
"Iran, Islamic Rep.",IR,IRN,2015,4952.73355532178,26.6438596424051,39.42258866118,NA,NA,NA,NA
"Iran, Islamic Rep.",IR,IRN,2016,5312.61724954192,26.1203899903405,39.8772417738866,NA,NA,NA,NA
"Iran, Islamic Rep.",IR,IRN,2017,5395.2398398598,25.5988159179688,43.1556931383906,NA,NA,NA,NA
"Iran, Islamic Rep.",IR,IRN,2018,5127.22495367018,25.1965713500977,56.6153496142829,NA,NA,NA,NA
"Iran, Islamic Rep.",IR,IRN,2019,4952.45669081078,24.7961120605469,48.5917712137038,NA,NA,NA,NA
"Iran, Islamic Rep.",IR,IRN,2020,5132.82430762118,24.4013595581055,43.8844674905013,NA,NA,NA,NA
"Iran, Islamic Rep.",IR,IRN,2021,5300.62271961895,24.0073623657227,42.672379536261,NA,NA,NA,NA
"Iran, Islamic Rep.",IR,IRN,2022,5465.31447539413,23.6657791137695,48.9183508223052,NA,NA,NA,NA
"Iran, Islamic Rep.",IR,IRN,2023,5687.84396268742,23.3240432739258,49.3935500960203,NA,NA,NA,NA
"Iran, Islamic Rep.",IR,IRN,2024,5834.44296939863,22.9798736572266,52.0621306794348,NA,NA,NA,NA
Iraq,IQ,IRQ,2000,4172.78025105244,32.3668086152129,125.336595640904,NA,NA,NA,NA
Iraq,IQ,IRQ,2001,4116.09405320279,32.248058483348,126.780255976775,NA,NA,NA,NA
Iraq,IQ,IRQ,2002,3660.92527507177,32.1061898308304,119.762047746987,NA,NA,NA,NA
Iraq,IQ,IRQ,2003,2250.06990123369,31.9478728205375,154.234525288266,NA,NA,NA,NA
Iraq,IQ,IRQ,2004,3354.26588756715,31.7797776153462,120.233977121676,NA,NA,NA,NA
Iraq,IQ,IRQ,2005,3310.86344473993,31.608574378134,115.742540308642,NA,NA,NA,NA
Iraq,IQ,IRQ,2006,3471.98744698568,31.4409332717778,89.6505198581778,NA,NA,NA,NA
Iraq,IQ,IRQ,2007,3565.58054079041,31.283524459155,74.092853105498,NA,NA,NA,NA
Iraq,IQ,IRQ,2008,3781.78001712762,31.1430181031426,81.0555432665835,NA,NA,NA,NA
Iraq,IQ,IRQ,2009,3768.17284328983,31.0257671494716,78.6873788189898,NA,NA,NA,NA
Iraq,IQ,IRQ,2010,3881.94327045302,30.9417046621526,73.4974796202443,NA,NA,NA,NA
Iraq,IQ,IRQ,2011,4030.01686860986,30.8747766130084,72.1713282233655,NA,NA,NA,NA
Iraq,IQ,IRQ,2012,4387.90469058707,30.7777786254883,73.6086845912812,NA,NA,NA,NA
Iraq,IQ,IRQ,2013,4504.82687537354,30.555549621582,67.4100184095672,NA,NA,NA,NA
Iraq,IQ,IRQ,2014,4446.97343234862,30.3333358764648,68.9824868569036,39.169436418088,0.540770314701738,0.25347820668897,25.7090141553581
Iraq,IQ,IRQ,2015,4440.14189252367,30.079475402832,69.5917685983115,30.5958116187453,1.26666568889509,0.553029007652272,27.0309301531966
Iraq,IQ,IRQ,2016,4932.9272911439,30.0876221740357,54.588320188677,27.5845069892397,1.10088534775323,1.46952918059106,26.5600237455794
Iraq,IQ,IRQ,2017,4736.32710809857,30.1055488809247,59.7809123923157,34.5637256795617,1.47352096241813,0.38582286858165,25.9749833916221
Iraq,IQ,IRQ,2018,4749.00921836896,30.1234851134158,65.8017917701083,39.0612217990099,1.52474706605709,0.296998362630683,24.4834204312244
Iraq,IQ,IRQ,2019,4898.14897668582,30.1316604614258,68.9899384202806,38.6038295065324,0.893519262933988,0.351179316087237,27.6121352770907
Iraq,IQ,IRQ,2020,4213.99843766061,30.1316833496094,57.742316395146,NA,NA,NA,NA
Iraq,IQ,IRQ,2021,4182.50064045825,30.1317291259766,61.5032683117218,NA,NA,NA,NA
Iraq,IQ,IRQ,2022,4412.99733146512,30.1317138671875,68.75879409409,NA,NA,NA,NA
Iraq,IQ,IRQ,2023,4337.0870532422005,30.131721496582,69.4613207990167,NA,NA,NA,NA
Iraq,IQ,IRQ,2024,4180.29619477317,30.1138505891087,77.1389393108395,NA,NA,NA,NA
Ireland,IE,IRL,2000,42599.4803921319,40.8752002108575,174.954518071287,32.9406007665457,NA,38.128850835222,27.6892879653051
Ireland,IE,IRL,2001,44151.1536032557,40.6236076382844,174.840711101871,30.7690672065649,NA,37.100786089438,28.9800895859939
Ireland,IE,IRL,2002,45974.4881988842,40.3632740009269,163.719329359615,29.7272250407054,NA,38.2165383740143,29.4745512750367
Ireland,IE,IRL,2003,46594.8620267616,40.0879857367427,146.531474021275,30.0612348718568,NA,38.2687661954838,29.7254665223086
Ireland,IE,IRL,2004,48856.3238587396,39.8005249145712,146.587496370071,31.1466883795452,NA,38.5239450336759,29.7186782043724
Ireland,IE,IRL,2005,50547.2123729763,39.5117011993539,148.175564253129,32.1943758370374,NA,39.0852155420834,30.4253603783737
Ireland,IE,IRL,2006,51656.8194855887,39.2296322568407,150.021785809265,33.72808088038,NA,38.7645469602541,30.6619440672932
Ireland,IE,IRL,2007,52849.6948429458,38.9398020625766,153.396847068025,33.1955652819883,NA,37.8634785679237,31.9281112527488
Ireland,IE,IRL,2008,49461.1594281353,38.6418096115004,160.039420132474,31.8901904718167,NA,35.9377730226421,37.0695232892569
Ireland,IE,IRL,2009,46466.3794269222,38.3578977271202,173.591474874665,30.8465600103983,NA,33.1119619054904,44.0437590877705
Ireland,IE,IRL,2010,46991.6464673949,38.1089310651488,190.08027278672,30.9450124089816,NA,32.7741585212464,62.4105657118434
Ireland,IE,IRL,2011,47539.9181739968,37.9127264179723,186.304879179038,31.615451014255,NA,30.3688683933583,44.4703295102429
Ireland,IE,IRL,2012,47147.1604669421,37.7470681488962,190.35568231798501,32.0972637658446,NA,30.0074509444213,39.9842241542073
Ireland,IE,IRL,2013,47928.0346487005,37.5952842243882,199.742586224446,32.0054342325003,NA,30.9046868247219,37.6286660203768
Ireland,IE,IRL,2014,52044.6201181887,37.464598269423,211.181602002085,31.6529031874045,NA,31.5664951546679,34.393562008839
Ireland,IE,IRL,2015,64250.1385181257,37.3607876507236,223.702938290642,25.0692936461699,NA,31.1312200224438,26.5887434481242
Ireland,IE,IRL,2016,64205.979777351,37.2770600876266,239.708527798768,25.6783218366655,NA,31.3146482252487,25.7394910022787
Ireland,IE,IRL,2017,69748.6221034014,37.0964803478768,233.304083346711,23.9755067901416,NA,31.5153241546658,23.7481681383937
Ireland,IE,IRL,2018,74029.0550611436,36.9155496523221,222.453716000399,23.8449794272597,NA,30.1942585133101,23.0544769626137
Ireland,IE,IRL,2019,76485.635854651,36.7262990845873,257.652772910421,23.3464430759974,NA,30.2660600800958,21.9984833264173
Ireland,IE,IRL,2020,80927.936475395,36.5286633275085,258.780437026252,21.1570158285167,NA,28.0041232058483,25.1258796519129
Ireland,IE,IRL,2021,92781.2322150786,36.3225770643015,231.032350863586,21.5182850812272,NA,28.509706448962,22.2593666159683
Ireland,IE,IRL,2022,97793.5366671697,36.1079749784941,237.755419559378,21.5136245436984,NA,26.2618807877499,19.2427274217679
Ireland,IE,IRL,2023,93541.9643678381,35.8847917538732,239.649627585111,22.8345406161391,NA,25.5644570077967,NA
Ireland,IE,IRL,2024,94474.9879707069,35.6529620744415,246.169874857401,25.6760104651326,NA,22.9209435645325,NA
Isle of Man,IM,IMN,2000,46274.9709691403,48.1719112411556,NA,NA,NA,NA,NA
Isle of Man,IM,IMN,2001,48252.7638498277,48.1732273641485,NA,NA,NA,NA,NA
Isle of Man,IM,IMN,2002,50714.5824703383,48.2705949187416,NA,NA,NA,NA,NA
Isle of Man,IM,IMN,2003,53224.3527757804,48.4610905414899,NA,NA,NA,NA,NA
Isle of Man,IM,IMN,2004,55464.0220993356,48.6739463997343,NA,NA,NA,NA,NA
Isle of Man,IM,IMN,2005,58201.5990838178,48.8391617904427,NA,NA,NA,NA,NA
Isle of Man,IM,IMN,2006,62075.7601604994,48.8851287584219,NA,NA,NA,NA,NA
Isle of Man,IM,IMN,2007,66029.9755907183,48.7646518920586,NA,NA,NA,NA,NA
Isle of Man,IM,IMN,2008,68520.6825624937,48.5316336903946,NA,NA,NA,NA,NA
Isle of Man,IM,IMN,2009,69192.0258221691,48.2694624571785,NA,NA,NA,NA,NA
Isle of Man,IM,IMN,2010,70747.8417587183,48.0603829699083,NA,NA,NA,NA,NA
Isle of Man,IM,IMN,2011,71727.5055082703,47.9753675902473,NA,NA,NA,NA,NA
Isle of Man,IM,IMN,2012,77009.2978612012,47.9444682677371,NA,NA,NA,NA,NA
Isle of Man,IM,IMN,2013,80383.8273088527,47.9195892907074,NA,NA,NA,NA,NA
Isle of Man,IM,IMN,2014,84778.5806639347,47.9002086596101,NA,NA,NA,NA,NA
Isle of Man,IM,IMN,2015,84753.5187422732,47.8835159525474,NA,NA,NA,NA,NA
Isle of Man,IM,IMN,2016,90783.7647245394,47.8668467830525,NA,NA,NA,NA,NA
Isle of Man,IM,IMN,2017,93200.3108083857,47.8501584255691,NA,NA,NA,NA,NA
Isle of Man,IM,IMN,2018,95040.4061748938,47.8348106135462,NA,NA,NA,NA,NA
Isle of Man,IM,IMN,2019,95110.1385990737,47.8210101752422,NA,NA,NA,NA,NA
Isle of Man,IM,IMN,2020,86595.0676099275,47.8090480213134,NA,NA,NA,NA,NA
Isle of Man,IM,IMN,2021,89873.5420093569,47.8000440339366,NA,NA,NA,NA,NA
Isle of Man,IM,IMN,2022,86100.5672917037,47.8044390837338,NA,NA,NA,NA,NA
Isle of Man,IM,IMN,2023,84315.137992954,47.8167428269818,NA,NA,NA,NA,NA
Isle of Man,IM,IMN,2024,NA,47.8366594203706,NA,NA,NA,NA,NA
Israel,IL,ISR,2000,29411.4999428787,8.7190346762535,68.3981650564852,36.6352997749559,0.644845898006627,27.7055746484104,40.2730480828675
Israel,IL,ISR,2001,28804.0396341969,8.63497815785099,62.1915859412765,36.2190506179847,0.607292200967455,27.4049649986527,42.3917413886704
Israel,IL,ISR,2002,28186.5548167752,8.55550327504309,65.5319511383591,35.6805680205494,0.605203733603279,28.9464443551526,45.7898685989697
Israel,IL,ISR,2003,28079.3253966943,8.4823102210207,66.9479946684859,34.6973686495771,0.619488904787459,29.9400010444824,41.4080906895146
Israel,IL,ISR,2004,28870.0080868057,8.4170991889749,75.0388690350775,34.4539031998597,0.692723942809928,30.743934259804,40.1110344392802
Israel,IL,ISR,2005,29600.1467243332,8.36157037209669,78.416693799205,34.613583087491,0.72610968076704,30.8105127474071,39.3379488950255
Israel,IL,ISR,2006,30707.435814097,8.3174239635771,78.5311825907368,35.197567163539,0.709316738234409,29.4195671059658,38.378113593758
Israel,IL,ISR,2007,32071.3107404162,8.286360156607,78.9364099576763,34.9692953209575,0.793587205121242,30.5655497734025,36.9550521922652
Israel,IL,ISR,2008,32519.7624461575,8.27071311018641,75.4761705381509,32.9791036614659,0.86307675180494,32.161251061191,37.5443168466804
Israel,IL,ISR,2009,32139.1146490917,8.2680261414252,61.7597291545045,30.3564241792241,0.900243451830528,34.3590963271851,37.9724314486841
Israel,IL,ISR,2010,33307.1044316197,8.26835732960539,65.717030394986,31.2640269955737,0.912878436778905,34.991291493048,36.6092371707789
Israel,IL,ISR,2011,34499.9509262825,8.2695975326219,69.0009721692523,31.2701575218164,0.924275419167735,34.8156978173937,36.1557374931011
Israel,IL,ISR,2012,34685.0915981013,8.2723497180485,70.0759039186632,30.5664105516648,0.777592410837079,34.3989700193915,36.3075537525193
Israel,IL,ISR,2013,35436.2912873273,8.27721685345939,64.2271703557815,31.2399456418519,0.650449997825934,34.9121545793789,36.2174373840561
Israel,IL,ISR,2014,36055.08530225,8.2848019064284,61.8390527979395,31.5989918099679,0.742870968567627,35.5511539225071,34.9447621258347
Israel,IL,ISR,2015,36138.13561386,8.2957078445295,59.0201557126784,31.8632808535751,0.726741722730257,34.8350101621709,34.5290289548061
Israel,IL,ISR,2016,37044.0118623764,8.3105376353368,57.9533051643572,31.6322714468574,0.800134581478325,34.8086502055257,34.5690753202913
Israel,IL,ISR,2017,37911.0217281157,8.3298942464241,56.4519373834561,33.0625732672043,0.679246704421771,32.215452317763,35.6534514171742
Israel,IL,ISR,2018,38695.0100079706,8.3543806453654,58.8734013354625,31.4554347945404,0.629225077600096,33.5874033191961,35.8984250299429
Israel,IL,ISR,2019,39322.038041422,8.3845997997348,56.528161844782304,30.8583957687818,0.659520378606956,33.4851638205813,35.3776629617959
Israel,IL,ISR,2020,37938.3809354755,8.4211546771061,51.1403984551453,30.3786738402746,0.642708152012727,33.246391954474,41.7825260857878
Israel,IL,ISR,2021,40788.2391785198,8.4646482450534,54.8184036562688,32.7044655209763,0.686833360891978,33.1599058023694,38.200213479365
Israel,IL,ISR,2022,42539.2748766689,8.5020165726673,60.6358428266501,33.2108684981106,0.488627744824404,31.9996608394232,35.2473405880261
Israel,IL,ISR,2023,42131.7415675806,8.4910430205495,57.977782328645,30.3375118512281,0.290849718196716,30.6577660340139,37.348337781417
Israel,IL,ISR,2024,41882.0474698252,8.463811156182,54.3822563777332,31.4782685625198,0.263859937370144,31.8973851122291,NA
Italy,IT,ITA,2000,32609.66746283,32.8067716213757,50.2747311455639,37.0313032991035,NA,24.6293480944399,39.3753190414545
Italy,IT,ITA,2001,33243.599343976,32.72480117712,49.8632723203495,36.87050916341,NA,23.5179139633869,39.8629674197254
Italy,IT,ITA,2002,33267.4474482048,32.6461213433462,47.8713186791542,36.5013544963443,NA,23.7487418332624,39.343137327951
Italy,IT,ITA,2003,33110.1698494812,32.5700585388213,45.9940859777074,36.3166417271575,NA,22.8904396918433,39.5095420420099
Italy,IT,ITA,2004,33348.9744820456,32.4927500260092,47.2663923891771,35.8606907494544,NA,23.4152716173034,38.712773171034
Italy,IT,ITA,2005,33407.6754716472,32.4102830681581,49.1221742288618,35.5799860593856,NA,23.7672497143359,39.0437931279002
Italy,IT,ITA,2006,33873.0493680093,32.3187449285166,52.9235429597012,36.6628069289621,NA,23.7272515449648,39.604793801922
Italy,IT,ITA,2007,34159.9109244074,32.2142228703331,54.8280415572531,37.7285274319247,NA,22.8084307056134,39.0743870144837
Italy,IT,ITA,2008,33550.6340800063,32.0928041568559,54.214254895667104,38.018850912942,NA,21.7585490788879,40.556207059261
Italy,IT,ITA,2009,31587.0638416305,31.9505760513335,45.1414765721604,38.9542548520087,NA,21.5039455460271,44.0374979767778
Italy,IT,ITA,2010,31928.5543621096,31.7836258170143,51.6621118138339,38.6830279180741,NA,23.0630084558176,42.6929919174617
Italy,IT,ITA,2011,32039.5032494316,31.5984926110489,54.4722149449288,38.3677146733526,NA,23.6593297000762,41.8281531942746
Italy,IT,ITA,2012,30953.4147447427,31.2391205764741,54.8844952702204,39.7540937173988,NA,23.7714706175413,43.4989070049363
Italy,IT,ITA,2013,30330.0221599668,30.6926010083924,54.0341846317499,40.2052550832818,NA,23.6920994838047,43.7480535980426
Italy,IT,ITA,2014,30325.0287793923,30.4192361385121,54.4545299332032,39.9331071826154,NA,24.6833472785557,43.5698249256497
Italy,IT,ITA,2015,30639.8829751432,30.3899993896484,55.4356858148221,39.8182456242875,NA,24.2970681947879,43.5293517131866
Italy,IT,ITA,2016,31077.6792675211,30.4030767474714,54.4321467018313,39.8892763245145,NA,24.4947257766339,43.2014022058276
Italy,IT,ITA,2017,31635.52277108,30.4819215740618,57.5829940274911,39.4241765372518,NA,24.6377453487674,42.9465753087
Italy,IT,ITA,2018,31963.6417148824,30.5199966430664,59.2749835128154,39.2904064273807,NA,24.6381711477941,42.5027354888588
Italy,IT,ITA,2019,32180.4341017428,30.4949989318847,58.6941902594738,40.0859879467878,NA,24.574814386322,42.2948307679073
Italy,IT,ITA,2020,29469.7989238626,30.4812507629394,53.9394839042764,40.5950400712713,NA,23.0044641685595,50.3444915572159
Italy,IT,ITA,2021,32267.7091050201,30.5187492370606,60.3019776202798,40.3368257842547,NA,23.8894418699696,49.6527178126937
Italy,IT,ITA,2022,33891.8866526216,30.5160220233461,72.0165023032697,39.6180298954102,NA,23.542496247694,48.3702644238252
Italy,IT,ITA,2023,34221.7182928271,30.4618459876699,65.1028419441908,39.0716690240796,NA,23.3228858950344,47.2773607528737
Italy,IT,ITA,2024,34508.1235191237,30.3952464856929,62.5926144915658,40.1403031891646,NA,23.6637950175407,NA
Jamaica,JM,JAM,2000,5197.39692210665,48.2834449231748,NA,26.0976530442586,11.1140063337697,36.1997483632823,24.7438310311065
Jamaica,JM,JAM,2001,5234.02744397806,48.065809421576,NA,24.2539839168123,11.4329706169433,38.1083933956973,26.8760882004526
Jamaica,JM,JAM,2002,5305.87658697244,47.8532777687355,NA,24.8999568377197,10.7477998675539,38.2585530305292,29.9816975698909
Jamaica,JM,JAM,2003,5467.17406988236,47.6435108580442,NA,27.529633746855,9.39685445723337,38.0291926075211,31.8172136416227
Jamaica,JM,JAM,2004,5507.20135110043,47.4362344044338,NA,27.5493245332198,9.2976762321752,37.9023673578177,30.2543359869977
Jamaica,JM,JAM,2005,5525.73577833713,47.2314762073766,NA,26.6586660787275,9.90981239416697,37.6176065121494,27.4534629203343
Jamaica,JM,JAM,2006,5656.66803579988,47.0292640663451,NA,26.9482072317912,9.47659606217258,39.1707222136361,28.6236106719569
Jamaica,JM,JAM,2007,5710.53878446758,46.8296257808113,NA,28.4654137525668,9.65648866794016,36.6074674604645,28.5533814496314
Jamaica,JM,JAM,2008,5639.58974873397,46.6325891502476,NA,27.6907553186954,9.39921542971739,36.5994062231752,31.0944272119207
Jamaica,JM,JAM,2009,5372.14234169511,46.4381819741262,NA,28.1794108601595,8.08970899392221,36.9731840756595,36.3313637668722
Jamaica,JM,JAM,2010,5271.57221477938,46.2464320519194,NA,27.4155610153779,8.81265423619991,42.3385474706199,28.901745665482
Jamaica,JM,JAM,2011,5339.62170188798,46.043413890872,NA,25.9651231873402,9.20229077583828,43.0912813755047,28.2010759070268
Jamaica,JM,JAM,2012,5284.00852557589,45.7521182296268,NA,26.2286682812297,9.74956956972167,45.0404608411629,27.5103722033504
Jamaica,JM,JAM,2013,5289.88438546111,45.451180188017,NA,27.7201651561805,9.76776550513094,43.908714068193,25.0159858498313
Jamaica,JM,JAM,2014,5307.19165380801,45.1339604329605,NA,26.7018053518149,9.83659006425225,46.1242424203495,25.6804618517507
Jamaica,JM,JAM,2015,5339.30718256806,44.8004751985076,NA,26.0434729497215,9.70496766298908,47.3001495318614,24.4515247799219
Jamaica,JM,JAM,2016,5472.28314023034,44.450740722385,NA,26.8205974834377,11.0356849256909,48.7054377783504,24.7560383085791
Jamaica,JM,JAM,2017,5586.1365723133,44.0847732451693,NA,27.7646551590305,11.186012718153,49.2934647716335,25.0153113842927
Jamaica,JM,JAM,2018,5717.87621107532,43.702589009675,NA,28.956310897592,11.0623583207583,47.7995175225378,24.785764716982
Jamaica,JM,JAM,2019,5814.79275311692,43.3042042604926,NA,28.6261738973365,11.3368308869003,48.2391949405024,23.9790924393503
Jamaica,JM,JAM,2020,5317.84145033966,42.8896352436373,NA,26.937333176305,8.83372683071278,45.8118711405762,27.4675611588785
Jamaica,JM,JAM,2021,5607.45378253877,42.4588982062774,NA,NA,NA,NA,NA
Jamaica,JM,JAM,2022,5965.46127464873,42.0120093965225,NA,NA,NA,NA,NA
Jamaica,JM,JAM,2023,6127.90771263434,41.5489850632571,NA,NA,NA,NA,NA
Jamaica,JM,JAM,2024,6096.4327030963,41.0698414560078,NA,NA,NA,NA,NA
Japan,JP,JPN,2000,31779.3788459032,21.3873196704625,19.2751936529389,NA,NA,NA,16.8583873088222
Japan,JP,JPN,2001,31793.1269485489,20.8422517939113,19.2772303804527,NA,NA,NA,15.9990441968139
Japan,JP,JPN,2002,31746.2430105713,19.4530139266019,20.1432481553025,NA,NA,NA,15.8676859179385
Japan,JP,JPN,2003,32115.5810785373,17.5793221583329,21.0750119103347,NA,NA,NA,15.5441655579902
Japan,JP,JPN,2004,32783.1292835489,15.6289458101095,23.4324185456932,NA,NA,NA,14.9262084105746
Japan,JP,JPN,2005,33385.9179590327,14.0426379516286,25.9909279228382,NA,NA,NA,14.9154461269123
Japan,JP,JPN,2006,33880.6890093456,12.8539101041925,29.714872929485,NA,NA,NA,14.697150764199
Japan,JP,JPN,2007,34426.6937124867,11.7298595507344,32.4957200262739,NA,NA,NA,13.8677759433066
Japan,JP,JPN,2008,34008.5915147362,10.7078436191149,33.7738026089171,NA,NA,NA,15.1060999851131
Japan,JP,JPN,2009,31993.8588053706,9.88688412818109,24.1730393019729,NA,NA,NA,18.0503831190898
Japan,JP,JPN,2010,33311.2872381879,9.37714131593511,28.2400150860666,NA,NA,NA,17.0661520885656
Japan,JP,JPN,2011,33306.1802259719,9.1368345565749,29.9713853558472,NA,NA,NA,18.4586404651775
Japan,JP,JPN,2012,33909.4911855243,8.9734722673348,30.174299547803,NA,NA,NA,17.9360125340068
Japan,JP,JPN,2013,34636.6924746166,8.8483404345683,33.5913694460807,NA,NA,NA,17.9343131216922
Japan,JP,JPN,2014,34996.8796756631,8.7451054867667,36.7643250218282,NA,NA,NA,17.2612660436382
Japan,JP,JPN,2015,35664.6446110613,8.6467355896375,34.7276305886293,NA,NA,NA,16.6387940824247
Japan,JP,JPN,2016,35934.4467886662,8.54587451478579,30.6562793068554,NA,NA,NA,16.3623939827034
Japan,JP,JPN,2017,36547.7357437305,8.4501580314117,33.6888336792782,NA,NA,NA,15.8501306804408
Japan,JP,JPN,2018,36899.3847079435,8.36226813902719,35.8035749582494,NA,NA,NA,15.7176930300877
Japan,JP,JPN,2019,36837.2583653113,8.2835792101893,34.3582972799989,NA,NA,NA,16.0238913818249
Japan,JP,JPN,2020,35363.2996951789,8.2190073732111,30.5192226892273,NA,NA,NA,22.9911903527757
Japan,JP,JPN,2021,36792.556429474,8.1258950720473,35.4253927340539,NA,NA,NA,20.8459560561872
Japan,JP,JPN,2022,37448.3504824849,8.0223467571594,44.86063102004,NA,NA,NA,20.0582116003984
Japan,JP,JPN,2023,37902.5492204411,7.9173096108527,43.5950833802735,NA,NA,NA,NA
Japan,JP,JPN,2024,37976.6371788298,7.8098281965469,44.8529388577573,NA,NA,NA,NA
Jordan,JO,JOR,2000,3725.49544709257,21.7151752453461,110.328904595996,25.0620967876373,17.1812988919731,33.627927783258,27.1192091619851
Jordan,JO,JOR,2001,3841.98511846743,21.7097634709739,109.285478573786,24.6945959111837,14.5209210880394,34.5182850144709,26.9879158351274
Jordan,JO,JOR,2002,3979.40388653953,21.7027081073153,114.03885781572,24.6741242272593,13.2102952604952,32.1178777476416,28.3367677362379
Jordan,JO,JOR,2003,4054.22612609768,21.6930579664462,115.706835253918,23.2441517838616,10.4654064640022,31.8547312587504,29.4660174028525
Jordan,JO,JOR,2004,4296.62367370886,21.6814649629689,134.621611934395,25.8013583037734,11.2501415937385,37.0140641561916,32.1378338627347
Jordan,JO,JOR,2005,4532.96248258538,21.587873769333,146.908891279018,28.7140360311912,11.4588772845953,43.6651436031332,35.6480236622748
Jordan,JO,JOR,2006,4596.56909353547,21.244387426459,141.747381831126,29.6417932817506,10.4240715597335,46.3374065650233,32.7536204732375
Jordan,JO,JOR,2007,4681.17006766931,20.6641729250356,145.994246288526,29.906934953385,9.25343069369256,47.1308069998741,33.8842498330764
Jordan,JO,JOR,2008,4902.38348073849,19.8709033792449,NA,22.0834760117452,6.4768698294783,38.0086105014351,26.9131549026998
Jordan,JO,JOR,2009,5043.62638729303,18.8882519032695,NA,21.4776902172496,6.42086171812793,37.5630363620278,26.1026916590366
Jordan,JO,JOR,2010,5066.49720027725,17.7398916112916,NA,19.8699222157062,6.12520642546164,44.5171252707659,23.5739939413828
Jordan,JO,JOR,2011,5085.98005025386,16.4494956174936,NA,18.1185381050906,5.30116921258243,38.9312695099651,26.0936463776926
Jordan,JO,JOR,2012,5135.0327939589,15.0407370360577,NA,19.1018048490031,5.6506341135271,47.039154779099,26.2074984488522
Jordan,JO,JOR,2013,5007.76162067161,13.5372889811665,NA,19.0393577630466,5.64353684795443,45.9401264152254,23.8712497765487
Jordan,JO,JOR,2014,4703.39944986815,11.9628245670022,NA,20.9559303847961,4.50355000275194,40.5016786834718,24.9872133070558
Jordan,JO,JOR,2015,4441.61896013754,10.1118608060867,NA,19.6346982660169,4.89678207259833,40.9031384724041,23.4054905726039
Jordan,JO,JOR,2016,4326.17261571505,9.43727205293,NA,20.0965000164207,4.39911734751613,40.7929727283015,23.6111388854554
Jordan,JO,JOR,2017,4335.92512689541,9.1235390285572,NA,20.7774220074798,4.09820610892636,40.3140656143942,23.3545720977874
Jordan,JO,JOR,2018,4320.029787425,8.7991140900271,NA,21.4261194461533,3.61237825175687,39.2627296264332,24.0389884232624
Jordan,JO,JOR,2019,4313.80791426608,8.484033507493,NA,20.1707885122867,3.56705311891467,42.5879834414454,24.0156288037945
Jordan,JO,JOR,2020,4188.21240095719,8.17832770076809,NA,18.3300456299423,3.90388254207628,50.2767147064263,25.6788130419209
Jordan,JO,JOR,2021,4266.3790298994,7.88202708954699,NA,20.347209850574,4.15803919976477,49.6884269528833,26.0325205293186
Jordan,JO,JOR,2022,4309.61432856804,7.59516209338371,NA,21.3748339067134,2.61050033654925,46.7522997531972,26.2394258682452
Jordan,JO,JOR,2023,4373.38088482368,7.31776313166399,NA,21.1608383017633,2.62582296200704,44.5974321398106,25.8858328291716
Jordan,JO,JOR,2024,4441.03974922351,7.0498606235714,NA,NA,NA,NA,NA
Kazakhstan,KZ,KAZ,2000,4269.33016782791,43.9760392342056,105.699692634521,11.3256594018789,5.16309905296627,40.1027213132342,13.721583116838
Kazakhstan,KZ,KAZ,2001,4822.52862802669,44.2186282868669,92.8490685069707,11.4434033319394,5.68749847218636,42.9662960452344,13.5682160853528
Kazakhstan,KZ,KAZ,2002,5267.6990320263,44.4954088738415,94.03168564978,13.2343357570695,7.03364385210902,37.9815187924534,12.6910979763059
Kazakhstan,KZ,KAZ,2003,5724.43199248054,44.7884722763408,91.4633324250457,13.9364065111103,6.06685459997846,40.8407318689733,13.887221837463
Kazakhstan,KZ,KAZ,2004,6233.29439373307,45.0799097755767,96.4091997009336,15.1445872371268,5.26744628548667,39.9447204186971,14.0707427767027
Kazakhstan,KZ,KAZ,2005,6787.4115548789,45.3518126527608,97.7625030243024,NA,NA,NA,NA
Kazakhstan,KZ,KAZ,2006,7450.39687062615,45.5862721891047,91.4535267973373,NA,NA,NA,NA
Kazakhstan,KZ,KAZ,2007,8036.87599811505,45.7653796658201,92.1616330969975,NA,NA,NA,NA
Kazakhstan,KZ,KAZ,2008,8216.52181589585,45.8712263641187,94.2948046483658,NA,NA,NA,NA
Kazakhstan,KZ,KAZ,2009,8218.39912556048,45.8832855251115,75.7660674636533,NA,NA,NA,NA
Kazakhstan,KZ,KAZ,2010,8704.70655484556,45.7945872502898,74.1382658957842,21.4115519953052,17.2483560907993,14.7409661353882,16.4678319854926
Kazakhstan,KZ,KAZ,2011,9223.3021336315,45.6003913574482,73.1178570509129,24.0030665208961,23.8871669914255,13.3070295458087,15.2070759191101
Kazakhstan,KZ,KAZ,2012,9531.91477617058,45.30791807162,73.7237324891671,22.5240272320204,10.8743131182693,13.636854200844,15.7960435478034
Kazakhstan,KZ,KAZ,2013,9959.72586930534,44.9220235178748,65.4076093299538,20.5323161254745,23.4269756332715,18.4751262037339,14.6089815385558
Kazakhstan,KZ,KAZ,2014,10226.7100539683,44.4475638212822,64.9720346513507,19.4543873797191,22.8159990024018,16.2478464021737,15.308914994467
Kazakhstan,KZ,KAZ,2015,10196.1226255982,43.8893951069118,53.0497288072652,13.6664367402631,19.2741595366235,18.1033503143417,15.487142712709
Kazakhstan,KZ,KAZ,2016,10151.423313302,43.2523734998333,60.3115965864153,13.7478560018445,16.0869405314324,25.0111203632405,16.3309403041021
Kazakhstan,KZ,KAZ,2017,10404.2718646317,42.5413551251163,56.825387935971,16.1673016065409,16.0878505605825,19.6336289375951,19.0261392086365
Kazakhstan,KZ,KAZ,2018,10670.2120148279,41.7611961078305,63.5279565118188,16.0036830878528,18.7751718755513,21.4394102139822,14.7050433078792
Kazakhstan,KZ,KAZ,2019,10989.6840718388,40.9167525730454,64.8586165517565,14.9385166774639,18.6098487266596,26.5253021001291,16.0642125509365
Kazakhstan,KZ,KAZ,2020,10565.0359816235,40.0128806458308,57.0264423660931,11.8421559935191,14.6903802527746,35.9314579332812,16.8328642687514
Kazakhstan,KZ,KAZ,2021,10873.3915275276,38.969745719733,58.6686085779207,12.3381823490202,17.1669913163787,26.7644863556098,17.1165193502456
Kazakhstan,KZ,KAZ,2022,11058.3482413407,38.555842672752,68.3343147415612,16.8877605760788,15.1612075608819,24.207180409094,16.1647366957137
Kazakhstan,KZ,KAZ,2023,11453.3952725363,38.2439080500819,62.3342837675021,16.5366535632741,13.2314720329437,29.9801442492554,17.4457811545455
Kazakhstan,KZ,KAZ,2024,11872.7842626298,37.927468415838,57.1613431963924,NA,NA,NA,NA
Kenya,KE,KEN,2000,1195.41296851656,80.5446167788166,53.3090443862273,NA,NA,NA,NA
Kenya,KE,KEN,2001,1202.29348759987,79.5583702931167,55.9468360286644,NA,NA,NA,NA
Kenya,KE,KEN,2002,1171.4262517349,78.1413431862499,55.1726722640053,NA,NA,NA,NA
Kenya,KE,KEN,2003,1169.14433674051,76.436110188101,54.132265895729,NA,NA,NA,NA
Kenya,KE,KEN,2004,1191.25443604556,74.5852460285546,59.4770033484289,NA,NA,NA,NA
Kenya,KE,KEN,2005,1223.44738472019,72.7313254374952,64.4788661639796,NA,NA,NA,NA
Kenya,KE,KEN,2006,1263.54164666211,71.0169231448075,55.2364851257303,NA,NA,NA,NA
Kenya,KE,KEN,2007,1309.91092948216,69.5846138803761,53.8947888046059,NA,NA,NA,NA
Kenya,KE,KEN,2008,1273.77226103073,68.5769723740857,57.5785986473131,NA,NA,NA,NA
Kenya,KE,KEN,2009,1276.73503486074,68.1396913292695,45.9451918127805,NA,NA,NA,NA
Kenya,KE,KEN,2010,1340.16467408856,68.1286712293542,50.3942873502834,NA,NA,NA,NA
Kenya,KE,KEN,2011,1370.58000874482,68.1326050974591,58.4022059745625,NA,NA,NA,NA
Kenya,KE,KEN,2012,1396.30178709756,68.1441869857239,51.6236920232481,NA,NA,NA,NA
Kenya,KE,KEN,2013,1413.94142522583,68.1675545566012,47.4646425127304,NA,NA,NA,NA
Kenya,KE,KEN,2014,1450.59338202277,68.2068454725437,46.170489362216,19.5621058827303,7.84333818358788,29.7972526768467,20.53749523364
Kenya,KE,KEN,2015,1489.11959777284,68.2661973960042,40.3273846919019,19.3515429430809,7.42762648257256,29.3991794618264,20.7150711505236
Kenya,KE,KEN,2016,1517.97796057742,68.3497479894353,34.8650195731824,19.0657755266586,NA,NA,22.1909797740547
Kenya,KE,KEN,2017,1542.33773973372,68.4616349152898,35.9950578754074,21.1458721961561,6.29303738130835,29.4335816997213,25.1285090916527
Kenya,KE,KEN,2018,1596.69045914945,68.6059958360204,34.4147531767425,18.6789342149032,6.68296162603762,31.2362805183052,23.6351781584909
Kenya,KE,KEN,2019,1645.70961777862,68.8104433578865,31.759461841481,19.0978050742836,7.83302593558603,36.1289344913341,18.7983198385291
Kenya,KE,KEN,2020,1609.33414078281,68.7936505367384,30.3991387830411,17.6588131025385,7.9119357867306,35.241865671157,19.9941461757389
Kenya,KE,KEN,2021,1698.89578271444,68.7120665978029,35.0020477795269,17.3452383502575,8.3408668477594,35.8726614844466,23.5910069698036
Kenya,KE,KEN,2022,1747.53198804428,68.5692179933054,40.2753238373561,17.8826094865972,7.72418990203466,33.4438583270535,25.0629334714739
Kenya,KE,KEN,2023,1811.21651838425,68.3669659183571,40.9337677377556,18.6388294257783,7.99909417642181,33.5069593296843,27.8446410955634
Kenya,KE,KEN,2024,1858.87650030024,68.1062168278401,40.0062529666939,NA,NA,NA,NA
Kiribati,KI,KIR,2000,1555.58204812097,56.6725191151989,94.1665241313018,NA,NA,NA,NA
Kiribati,KI,KIR,2001,1477.95177621217,56.5222559372869,110.784733057905,NA,NA,NA,NA
Kiribati,KI,KIR,2002,1467.99273241655,56.5014542911579,125.625496108186,NA,NA,NA,NA
Kiribati,KI,KIR,2003,1415.54577869304,56.489331686684,103.928965237073,NA,NA,NA,NA
Kiribati,KI,KIR,2004,1378.9583696722,56.4761974673025,101.359702114731,NA,NA,NA,NA
Kiribati,KI,KIR,2005,1368.99728765793,56.4556725555473,123.594268587865,NA,NA,NA,NA
Kiribati,KI,KIR,2006,1419.38723031361,56.2650173572989,94.0468138646475,NA,NA,NA,NA
Kiribati,KI,KIR,2007,1433.35747805619,55.3787858242913,96.159058729974,NA,NA,NA,NA
Kiribati,KI,KIR,2008,1361.83599775608,54.0538674484627,95.4419286649569,NA,NA,NA,NA
Kiribati,KI,KIR,2009,1340.27605600221,52.6489761024884,97.6360608655351,NA,NA,NA,NA
Kiribati,KI,KIR,2010,1328.78776438805,51.5396160435282,85.6972657116246,NA,NA,NA,NA
Kiribati,KI,KIR,2011,1348.0602369873,50.8771830463205,93.4314038207066,50.6759520185193,17.3883145953534,0.0677679909477489,59.2838957964227
Kiribati,KI,KIR,2012,1405.5029344967,50.4199213304452,96.1286959983954,62.3585445880725,13.574556725377,0.34144520177649,62.1622654328207
Kiribati,KI,KIR,2013,1493.49148676402,50.0312956741205,96.7814166724492,70.6310164312565,11.8497310567585,0.775497578423903,60.2023223273187
Kiribati,KI,KIR,2014,1492.8508200481,49.6090691077615,104.187967755713,87.0006310643126,3.17916536354923,6.7451976514477,55.2459586064333
Kiribati,KI,KIR,2015,1639.85274740652,49.0458029597936,109.889098401931,107.636223286433,1.13276759019451,10.7677497577843,58.7347772555639
Kiribati,KI,KIR,2016,1731.43702001694,48.2289446997679,111.269790749303,79.933890958345,1.36965694812842,16.3956695851379,61.3968365764947
Kiribati,KI,KIR,2017,1768.87874841933,47.0265302724549,100.49175257732,83.6098509656357,1.96285579508065,12.336289552117499,64.370290580756
Kiribati,KI,KIR,2018,1802.34850714657,45.4995976857503,83.2436102236422,95.3308778658147,0.321940644521507,10.0297399283133,61.6205066070288
Kiribati,KI,KIR,2019,1834.42627824847,43.7153272854511,98.3565819131955,103.02203588141,1.53128113254695,12.5554906729349,70.108401970641
Kiribati,KI,KIR,2020,1779.62973024917,41.5876285887252,78.4012076801363,89.0350410124611,1.54109797531998,12.3639467528429,75.9680402866043
Kiribati,KI,KIR,2021,1895.61362957222,40.3635354698015,74.450510015529,75.61848085,2.9505719289075,14.774524563208,84.0598634502632
Kiribati,KI,KIR,2022,1960.15475844976,39.4260873440581,107.219771673316,65.8411689309463,1.99963044921659,14.9043859129291,81.5296370533376
Kiribati,KI,KIR,2023,1990.14605922104,38.4755323805592,106.479772480068,80.2276181389522,0.455316266374584,11.7503000859292,83.6811106250911
Kiribati,KI,KIR,2024,2052.81298774256,37.5379568724358,102.110426164684,NA,NA,NA,NA
"Korea, Dem. People's Rep.",KP,PRK,2000,NA,40.5803582296424,NA,NA,NA,NA,NA
"Korea, Dem. People's Rep.",KP,PRK,2001,NA,40.5197323666671,NA,NA,NA,NA,NA
"Korea, Dem. People's Rep.",KP,PRK,2002,NA,40.4580585764514,NA,NA,NA,NA,NA
"Korea, Dem. People's Rep.",KP,PRK,2003,NA,40.3935975235606,NA,NA,NA,NA,NA
"Korea, Dem. People's Rep.",KP,PRK,2004,NA,40.3246098725599,NA,NA,NA,NA,NA
"Korea, Dem. People's Rep.",KP,PRK,2005,NA,40.2493562880147,NA,NA,NA,NA,NA
"Korea, Dem. People's Rep.",KP,PRK,2006,NA,40.1660974344903,NA,NA,NA,NA,NA
"Korea, Dem. People's Rep.",KP,PRK,2007,NA,40.073093976552,NA,NA,NA,NA,NA
"Korea, Dem. People's Rep.",KP,PRK,2008,NA,39.9689307796388,NA,NA,NA,NA,NA
"Korea, Dem. People's Rep.",KP,PRK,2009,NA,39.8455585379597,NA,NA,NA,NA,NA
"Korea, Dem. People's Rep.",KP,PRK,2010,NA,39.692992530852,NA,NA,NA,NA,NA
"Korea, Dem. People's Rep.",KP,PRK,2011,NA,39.5163769315596,NA,NA,NA,NA,NA
"Korea, Dem. People's Rep.",KP,PRK,2012,NA,39.3218859220265,NA,NA,NA,NA,NA
"Korea, Dem. People's Rep.",KP,PRK,2013,NA,39.1156936841966,NA,NA,NA,NA,NA
"Korea, Dem. People's Rep.",KP,PRK,2014,NA,38.9059052459127,NA,NA,NA,NA,NA
"Korea, Dem. People's Rep.",KP,PRK,2015,NA,38.6752428825499,NA,NA,NA,NA,NA
"Korea, Dem. People's Rep.",KP,PRK,2016,NA,38.4318648571197,NA,NA,NA,NA,NA
"Korea, Dem. People's Rep.",KP,PRK,2017,NA,38.1793923908598,NA,NA,NA,NA,NA
"Korea, Dem. People's Rep.",KP,PRK,2018,NA,37.9173880192377,NA,NA,NA,NA,NA
"Korea, Dem. People's Rep.",KP,PRK,2019,NA,37.6457773388422,NA,NA,NA,NA,NA
"Korea, Dem. People's Rep.",KP,PRK,2020,NA,37.3644859461505,NA,NA,NA,NA,NA
"Korea, Dem. People's Rep.",KP,PRK,2021,NA,37.073439437543,NA,NA,NA,NA,NA
"Korea, Dem. People's Rep.",KP,PRK,2022,NA,36.7725634093171,NA,NA,NA,NA,NA
"Korea, Dem. People's Rep.",KP,PRK,2023,NA,36.4617834576979,NA,NA,NA,NA,NA
"Korea, Dem. People's Rep.",KP,PRK,2024,NA,36.1410251788478,NA,NA,NA,NA,NA
"Korea, Rep.",KR,KOR,2000,17763.1353417297,20.420039254358,64.0588155729056,19.9261126368626,4.3073456560071,30.2687276045816,14.8420444714374
"Korea, Rep.",KR,KOR,2001,18460.4288193829,20.1212295642575,60.4277386641693,19.3611814613187,4.17539848365456,32.154415181559,15.7579280631387
"Korea, Rep.",KR,KOR,2002,19775.3800655139,19.7233705455665,56.6688767960273,19.1145592599543,4.24671833412696,32.2193025725955,14.8987452925105
"Korea, Rep.",KR,KOR,2003,20278.0406421178,19.292206491956,59.4242945541732,19.3772907507407,4.07055581974911,31.2173923201207,16.6883778403351
"Korea, Rep.",KR,KOR,2004,21244.8136800528,18.895613221829,67.9270638751076,18.5865674223577,3.87816863601698,30.3006313060909,16.5416135981757
"Korea, Rep.",KR,KOR,2005,22123.7613066851,18.6098647716331,66.1695148242697,18.9457638376347,3.35078994991079,29.5800016547897,17.1439208461221
"Korea, Rep.",KR,KOR,2006,23162.1860111297,18.433537889488,68.3749509402263,19.7084682716194,3.32796012503627,27.9118437997673,17.8411366107175
"Korea, Rep.",KR,KOR,2007,24391.7651013448,18.287874198073,71.3239614988013,20.8019087537845,3.14007070812863,26.822735445739,17.308223332196
"Korea, Rep.",KR,KOR,2008,24934.5396367691,18.1649166861482,92.0833544961819,20.4999234812355,3.55855136621312,26.7010559618775,17.5748354763436
"Korea, Rep.",KR,KOR,2009,25009.9148311999,18.0754954915998,83.1246099057162,19.5551440528429,3.73523161609048,27.3061736669035,18.5341085359906
"Korea, Rep.",KR,KOR,2010,26623.0487122927,18.0314924013514,88.0278677123124,19.2669365886743,4.01320534152715,28.1069200606659,16.900693184189
"Korea, Rep.",KR,KOR,2011,27393.455357272,18.0384591913624,101.68061646213,19.840430558129,3.82393979177076,26.3733911146482,17.3891183173319
"Korea, Rep.",KR,KOR,2012,27944.0564190045,18.0912101799622,101.51727207905,25.5086081431188,2.49506271891902,22.4710812684515,23.5764674888735
"Korea, Rep.",KR,KOR,2013,28732.711152033,18.1730616497297,94.1675235855873,24.9494763702353,2.76211907298202,21.6647383523871,22.9599101988862
"Korea, Rep.",KR,KOR,2014,29470.6732991655,18.2684317183046,86.9342577972039,23.8361453515722,2.1876184474668,21.8075519847662,22.5297498815254
"Korea, Rep.",KR,KOR,2015,30171.7906545222,18.360510139322,75.3881774564907,23.6343458597577,2.04789718590996,21.2460311401207,22.3727539773343
"Korea, Rep.",KR,KOR,2016,31005.4072876388,18.4440758202943,69.8997221316919,24.4609578600766,1.79894202143476,21.91582798269,22.3216832639303
"Korea, Rep.",KR,KOR,2017,31979.9027302467,18.528969570016,73.1921408264016,24.8507535910186,1.77729743919933,21.735893047006,22.7421323345571
"Korea, Rep.",KR,KOR,2018,32852.8887488942,18.6176476964804,74.7075162140824,25.9611385420606,1.58431024321965,21.1256497800767,23.5674300593436
"Korea, Rep.",KR,KOR,2019,33496.3113815643,18.7098936464381,71.4470632403511,26.2939664582305,1.41860245113873,19.9026118082338,25.9471764437754
"Korea, Rep.",KR,KOR,2020,33215.9298928108,18.8240404377087,65.544957860621,26.3065329311566,1.29729918484293,19.5513351291286,28.0256629437299
"Korea, Rep.",KR,KOR,2021,34792.9397214598,18.8383473492215,75.3063047610912,28.0245804485222,1.3769641896469,18.6836953569637,28.5464738099917
"Korea, Rep.",KR,KOR,2022,35809.0138105144,18.8375058373127,90.5851475278549,29.7729228756878,1.40079069687653,16.8928231434335,31.2975333759802
"Korea, Rep.",KR,KOR,2023,36347.7036392553,18.8354448279579,82.2580090716629,27.3522982777032,1.09154187696094,16.0950504626414,28.3225119832631
"Korea, Rep.",KR,KOR,2024,37048.4264001496,18.8317471530314,84.6424951192038,25.7690025538074,1.03934236255422,16.9898784457352,NA
Kosovo,XK,XKX,2000,NA,62.5168044859732,NA,NA,NA,NA,NA
Kosovo,XK,XKX,2001,NA,62.491519318084,NA,NA,NA,NA,NA
Kosovo,XK,XKX,2002,NA,62.4658973507254,NA,NA,NA,NA,NA
Kosovo,XK,XKX,2003,NA,62.4384491036542,NA,NA,NA,NA,NA
Kosovo,XK,XKX,2004,NA,62.4076850966274,NA,NA,NA,NA,NA
Kosovo,XK,XKX,2005,NA,62.372115849402,NA,NA,NA,NA,NA
Kosovo,XK,XKX,2006,NA,62.3302518817351,NA,NA,NA,NA,NA
Kosovo,XK,XKX,2007,NA,62.2806037133835,NA,NA,NA,NA,NA
Kosovo,XK,XKX,2008,2543.5980687089,62.2216818641043,76.7307430830911,NA,NA,NA,NA
Kosovo,XK,XKX,2009,2680.85995592712,62.1519968536545,77.7553766977497,NA,NA,NA,NA
Kosovo,XK,XKX,2010,2822.63227046091,62.070059201791,82.1774799739022,NA,NA,NA,NA
Kosovo,XK,XKX,2011,2995.64811314457,61.9744815727863,86.1517494661872,NA,NA,NA,NA
Kosovo,XK,XKX,2012,3021.35000691677,61.7703040773512,81.3639162574412,NA,NA,NA,NA
Kosovo,XK,XKX,2013,3163.4704088827,61.3748250512062,75.1034836607029,NA,NA,NA,NA
Kosovo,XK,XKX,2014,3279.02345017707,60.8061077238256,77.0760521643276,NA,NA,NA,NA
Kosovo,XK,XKX,2015,3520.62685324451,60.082318845925,74.0204422546574,NA,NA,NA,NA
Kosovo,XK,XKX,2016,3739.17386677497,59.2216251682198,75.0188123077463,NA,NA,NA,NA
Kosovo,XK,XKX,2017,3890.17624537261,58.2421934414254,80.4101373469745,NA,NA,NA,NA
Kosovo,XK,XKX,2018,4009.11952439378,57.1621904162571,86.3150846710967,NA,NA,NA,NA
Kosovo,XK,XKX,2019,4219.06495675744,55.9997828434305,85.7534085053482,NA,NA,NA,NA
Kosovo,XK,XKX,2020,3990.94425586648,54.7731374736609,75.6080171280001,NA,NA,NA,NA
Kosovo,XK,XKX,2021,4429.87389440857,53.5004210576638,98.6384304855253,NA,NA,NA,NA
Kosovo,XK,XKX,2022,4666.38918595784,52.1998003461545,110.012031619226,NA,NA,NA,NA
Kosovo,XK,XKX,2023,5102.74674921908,50.8894420898485,109.951851577902,NA,NA,NA,NA
Kosovo,XK,XKX,2024,5631.67958854422,49.6785556061006,113.789651964133,NA,NA,NA,NA
Kuwait,KW,KWT,2000,31341.9780819419,1,86.618324503254,NA,NA,NA,NA
Kuwait,KW,KWT,2001,30573.4284224199,0.765246037116896,86.8504672897196,NA,NA,NA,43.5046728971963
Kuwait,KW,KWT,2002,30702.2162068121,0.490972311919506,81.2251941328732,NA,NA,NA,41.4150129421915
Kuwait,KW,KWT,2003,35169.6335737863,0.234420571934805,86.5551755074577,NA,NA,NA,37.7859706179208
Kuwait,KW,KWT,2004,37918.5405829238,0.052832564689993,89.2976416790834,NA,NA,NA,35.2749090867572
Kuwait,KW,KWT,2005,40451.2551656974,0,92.2426800942645,NA,NA,NA,28.5124527406202
Kuwait,KW,KWT,2006,41137.969927672,0,89.7130931980522,NA,NA,NA,34.5543697721373
Kuwait,KW,KWT,2007,41113.8693942735,0,91.7325033915889,NA,NA,NA,NA
Kuwait,KW,KWT,2008,39852.5129115699,0,92.6834562516721,NA,NA,NA,NA
Kuwait,KW,KWT,2009,35124.0853941026,0,88.8110649851457,NA,NA,NA,NA
Kuwait,KW,KWT,2010,32568.4981754501,0,97.0280216600064,NA,NA,NA,NA
Kuwait,KW,KWT,2011,33545.346271839,0,99.1164927646913,NA,NA,NA,NA
Kuwait,KW,KWT,2012,33578.3309651964,0,101.011435104032,NA,NA,NA,NA
Kuwait,KW,KWT,2013,32311.1800008536,0,97.6054913328151,NA,NA,NA,NA
Kuwait,KW,KWT,2014,31073.1537300624,0,100.037189841844,NA,NA,NA,NA
Kuwait,KW,KWT,2015,29882.2126495698,0,98.6999884455485,NA,NA,NA,NA
Kuwait,KW,KWT,2016,29454.4426388829,0,96.1576723758617,NA,NA,NA,NA
Kuwait,KW,KWT,2017,27048.3706935958,0,97.840046457409,NA,NA,NA,NA
Kuwait,KW,KWT,2018,26706.0191660864,0,102.785630655,NA,NA,NA,NA
Kuwait,KW,KWT,2019,26580.2264741607,0,91.6857123895953,NA,NA,NA,NA
Kuwait,KW,KWT,2020,25541.5378987908,0,82.0125101293052,NA,NA,NA,NA
Kuwait,KW,KWT,2021,26203.2617257856,0,82.0003751775886,NA,NA,NA,NA
Kuwait,KW,KWT,2022,26579.8321646876,0,90.9188102023425,NA,NA,NA,NA
Kuwait,KW,KWT,2023,24722.8143701857,0,96.0343509693162,NA,NA,NA,NA
Kuwait,KW,KWT,2024,24140.3257964584,0,93.9909162684119,NA,NA,NA,NA
Kyrgyz Republic,KG,KGZ,2000,718.342832397662,64.6783932152426,89.4309316270309,NA,NA,NA,NA
Kyrgyz Republic,KG,KGZ,2001,749.423779561565,64.6839726262142,73.7469123687968,NA,NA,NA,NA
Kyrgyz Republic,KG,KGZ,2002,742.44300111832,64.6881296764667,82.9207290212667,NA,NA,NA,NA
Kyrgyz Republic,KG,KGZ,2003,786.350474964134,64.6913480184683,83.9327828079655,NA,NA,NA,NA
Kyrgyz Republic,KG,KGZ,2004,831.482103944381,64.6941113046872,93.8157321567302,NA,NA,NA,NA
Kyrgyz Republic,KG,KGZ,2005,820.709519437592,64.6969031875918,95.0840046303638,NA,NA,NA,NA
Kyrgyz Republic,KG,KGZ,2006,837.138026647346,64.7002073196502,120.749981766273,NA,NA,NA,NA
Kyrgyz Republic,KG,KGZ,2007,900.02796489729,64.7045073533308,137.058387838563,NA,NA,NA,NA
Kyrgyz Republic,KG,KGZ,2008,966.409971184817,64.7102869411017,146.106082230139,NA,NA,NA,NA
Kyrgyz Republic,KG,KGZ,2009,981.220904665529,64.7184476406409,133.379153167955,NA,NA,NA,NA
Kyrgyz Republic,KG,KGZ,2010,962.764789828724,64.732231759602,133.232850492333,NA,NA,NA,NA
Kyrgyz Republic,KG,KGZ,2011,1005.4831781815,64.7533492038016,136.179840420492,NA,NA,NA,NA
Kyrgyz Republic,KG,KGZ,2012,985.8472865972,64.781083778082,139.675937840309,NA,NA,NA,NA
Kyrgyz Republic,KG,KGZ,2013,1069.78404438716,64.8149470774895,134.026785643922,NA,NA,NA,NA
Kyrgyz Republic,KG,KGZ,2014,1088.58214229508,64.8544506970703,125.126181075833,29.448606667432,10.7622040814075,33.3190919270467,25.9976655502703
Kyrgyz Republic,KG,KGZ,2015,1105.65193844261,64.8991062318709,110.961570714633,30.066013239815,6.95145709121553,33.7695730009949,27.2419483499478
Kyrgyz Republic,KG,KGZ,2016,1128.3161612818,64.9484252769373,105.823574017406,28.1308467721619,9.59825012458896,35.7011143848294,27.0350965882562
Kyrgyz Republic,KG,KGZ,2017,1157.1827575806701,65.0019194273161,100.617445813258,27.9702350173627,10.1906597307395,35.0057123155546,26.0497698575071
Kyrgyz Republic,KG,KGZ,2018,1175.0712778747,65.0591002780534,98.8755599017608,28.0042382526007,10.845405623013,38.6140794373435,25.4852528760826
Kyrgyz Republic,KG,KGZ,2019,1201.87701429721,65.1194794241956,94.4302823542939,25.8113419993908,12.049746473558,34.5376844950644,23.2122999587777
Kyrgyz Republic,KG,KGZ,2020,1093.32856461422,65.1825684607889,78.9922784304738,24.629473738036,10.2183416233255,30.2781871131597,25.7762999997186
Kyrgyz Republic,KG,KGZ,2021,1132.5546781282,65.2478789828796,100.261376861569,27.311949649406,10.9449232607408,35.1097864041042,23.4050916041465
Kyrgyz Republic,KG,KGZ,2022,1212.17812721768,65.2996946502257,133.786718048766,29.8791490055397,4.90185143876868,38.7575900609177,23.8319458168086
Kyrgyz Republic,KG,KGZ,2023,1298.25724482211,65.293560824638,132.373403912336,30.6665367053302,6.66888358386144,42.671226868472,23.7050047610836
Kyrgyz Republic,KG,KGZ,2024,1423.58624650541,65.2780022134063,130.100743509033,30.4230383166655,8.47221678508616,39.6494805010751,NA
Lao PDR,LA,LAO,2000,917.228038617529,77.8159035649909,68.8373013678325,NA,NA,NA,NA
Lao PDR,LA,LAO,2001,954.123505414634,76.6271115317713,65.8994368798482,NA,NA,NA,NA
Lao PDR,LA,LAO,2002,994.492241963795,75.4752165331709,67.2549028523532,NA,NA,NA,NA
Lao PDR,LA,LAO,2003,1038.71192767783,74.4054118659293,60.572095882788,NA,NA,NA,NA
Lao PDR,LA,LAO,2004,1088.76034728831,73.4628908267861,66.0797516222837,NA,NA,NA,NA
Lao PDR,LA,LAO,2005,1148.68153852071,72.6775022707303,71.7926462737852,NA,NA,NA,NA
Lao PDR,LA,LAO,2006,1228.08927619923,71.9621243757903,81.9613754162421,2.85053967101324e-11,NA,NA,NA
Lao PDR,LA,LAO,2007,1301.08597549864,71.2656949998654,79.2126289035269,2.4658607430381e-11,NA,NA,NA
Lao PDR,LA,LAO,2008,1381.73754223953,70.5965651851931,81.8491820941317,13.5267844202024,9.03501545734409,42.9506597425376,10.7844255217939
Lao PDR,LA,LAO,2009,1463.3379666846,69.9579688496175,76.930826218652,14.1533053574691,9.48239453851424,45.7700401291964,11.516140145793
Lao PDR,LA,LAO,2010,1564.91068311647,69.3531399109828,84.7203378916677,14.5046102489181,7.36220290238339,41.9792734124492,11.0270983449829
Lao PDR,LA,LAO,2011,1666.40086189871,68.7853122871332,91.6986958680216,14.4914902770389,7.77325096273813,42.3408953302611,10.7431744902983
Lao PDR,LA,LAO,2012,1774.63585203672,68.2577198959128,98.1851264313662,15.2282456381955,6.78185541771616,40.6414632423907,10.9849961277883
Lao PDR,LA,LAO,2013,1890.27861294875,67.7735966551659,98.1791466159604,15.6329490555884,6.62046593172305,42.5569217118097,16.8133673347985
Lao PDR,LA,LAO,2014,2006.31195444447,67.3361764827365,99.0597382933399,16.092664363216,7.41489563465509,45.6890027231966,15.4860759577741
Lao PDR,LA,LAO,2015,2121.01339097363,66.8759795567801,85.798321703681,15.8072953979463,6.64937817164734,45.6327408943045,14.8922832872787
Lao PDR,LA,LAO,2016,2234.76098741846,66.1732544466526,75.0918909204124,14.6965906330648,8.57745921376286,54.912679926404,13.8677242784984
Lao PDR,LA,LAO,2017,2351.57441747595,65.4884653555784,NA,14.6214039802357,4.36013923158258,54.6641665505812,12.3355348883473
Lao PDR,LA,LAO,2018,2459.97874636195,64.7949929967987,NA,14.3221960942513,4.43103830513861,52.0486742359286,12.310264175207
Lao PDR,LA,LAO,2019,2554.95638019245,64.0927119120549,NA,13.9608743130828,4.04055079665974,53.5451051551231,12.4478555242012
Lao PDR,LA,LAO,2020,2529.74622698761,63.3814966430889,NA,11.2201347844546,4.96936264279673,53.5557169104549,11.447710373245
Lao PDR,LA,LAO,2021,2556.58912640405,62.661221731643,NA,12.8208649065233,4.44980915042628,49.3636312881093,10.7627930320176
Lao PDR,LA,LAO,2022,2589.05015191628,61.9317617194603,NA,13.9139885255551,8.07849759274198,53.8897151409604,10.3160241648868
Lao PDR,LA,LAO,2023,2648.88726608035,61.1929911482844,NA,NA,NA,NA,NA
Lao PDR,LA,LAO,2024,2721.07810663122,60.4447845598594,NA,NA,NA,NA,NA
Late-demographic dividend,V3,LTE,2000,3466.77132065183,54.0698969585716,51.8108700207109,NA,6.04126296591816,38.128850835222,NA
Late-demographic dividend,V3,LTE,2001,3620.40152506982,53.175878375996,51.7018929542078,NA,5.39020458353317,38.5892991323039,NA
Late-demographic dividend,V3,LTE,2002,3813.47993525517,52.1542984740134,53.808168817427,NA,5.87871724235361,38.2585530305292,NA
Late-demographic dividend,V3,LTE,2003,4049.32719801138,51.1189245767658,59.4558172176593,NA,5.86393007012807,39.1591776219496,NA
Late-demographic dividend,V3,LTE,2004,4353.94772044713,50.2280045588034,65.1854932232054,NA,5.44891135830001,38.5239450336759,NA
Late-demographic dividend,V3,LTE,2005,4664.00553113974,49.3414868134479,66.8211829289147,14.6878199057692,5.2396421699936,38.4108424840445,NA
Late-demographic dividend,V3,LTE,2006,5065.16601889118,48.3642644549236,68.1111135313676,14.9677078566413,5.03133992297594,37.4733056235802,NA
Late-demographic dividend,V3,LTE,2007,5546.15574148121,47.2619838254185,66.9031447466361,20.011714909227,5.20571629826523,37.7370780806937,NA
Late-demographic dividend,V3,LTE,2008,5893.64125969097,46.4415504141533,65.1075893226008,16.4924369410796,5.07959696356699,37.4167470147593,NA
Late-demographic dividend,V3,LTE,2009,6076.71969051382,45.4774686273202,54.9222245453316,15.7155586729362,4.19176740464142,36.9731840756595,NA
Late-demographic dividend,V3,LTE,2010,6526.90643063144,44.7997225850221,58.7790382554302,16.7857748458376,4.10986924705992,38.3979344984324,NA
Late-demographic dividend,V3,LTE,2011,6951.29551622392,43.0811236460371,59.9917804291069,16.9677276525496,3.86263923334064,38.0201588259223,NA
Late-demographic dividend,V3,LTE,2012,7306.62850181868,42.1929307171926,58.745660591425,16.7798238619603,3.91286601252061,37.4826888249707,NA
Late-demographic dividend,V3,LTE,2013,7663.56295285725,41.2211695201682,57.7353164276769,16.446490565177,3.5520178724704,37.4962200665845,NA
Late-demographic dividend,V3,LTE,2014,8010.17156732513,40.3423121130223,56.7446558829141,19.1090149430104,3.01954026721296,35.5627880061033,NA
Late-demographic dividend,V3,LTE,2015,8331.63288950883,39.2705421094215,53.7494233668566,19.0513472312555,3.09073268383985,35.3105074609305,NA
Late-demographic dividend,V3,LTE,2016,8645.98435648163,38.2377531638302,51.9769685997932,18.8179176305279,3.04590203185184,35.7011143848294,NA
Late-demographic dividend,V3,LTE,2017,9041.12377451984,37.2607002053778,52.8629223980797,18.7244639445201,3.02372120039086,35.0057123155546,NA
Late-demographic dividend,V3,LTE,2018,9481.1203747958,36.2420585072295,53.6837369630127,19.5748577297796,3.04166427884687,34.9162173140264,NA
Late-demographic dividend,V3,LTE,2019,9886.1162980852,35.3692612534396,52.7358799610063,19.4193079477201,3.01366425743897,33.751477741709,NA
Late-demographic dividend,V3,LTE,2020,9878.26644474708,34.7371465955305,51.3902275348393,17.7138139006432,2.85141618049531,35.0038229044966,NA
Late-demographic dividend,V3,LTE,2021,10610.2084233095,33.8715644130497,55.463392645272,18.3719170878956,2.98579661814456,34.8974068986308,NA
Late-demographic dividend,V3,LTE,2022,10941.9407766362,33.422421265006,57.7448694959449,18.8244761979965,2.92785727731015,34.3225645499898,NA
Late-demographic dividend,V3,LTE,2023,11414.6924038042,33.0902840754239,54.729354341428,19.1957531621872,2.97871889664523,33.6134616412895,NA
Late-demographic dividend,V3,LTE,2024,11918.0405122553,32.7418280560943,52.1835999931237,18.5932869301484,2.65191624166013,29.0633057235793,NA
Latin America & Caribbean,ZJ,LCN,2000,6741.98165315129,24.4347061232457,36.2505367402594,NA,5.56747119883438,41.9171001455707,NA
Latin America & Caribbean,ZJ,LCN,2001,6684.04487881254,24.023954825758,36.6371939763801,NA,5.58390428356422,42.283310686575,NA
Latin America & Caribbean,ZJ,LCN,2002,6609.4435978908,23.6487498222703,38.8652846184644,NA,6.53473137827634,NA,NA
Latin America & Caribbean,ZJ,LCN,2003,6668.85196382399,23.3085264665574,40.694879990439,NA,5.8750100391779,44.5255102040816,NA
Latin America & Caribbean,ZJ,LCN,2004,6962.74810727734,23.0045663638423,42.7266042047369,NA,5.66741476480617,43.8003335216842,NA
Latin America & Caribbean,ZJ,LCN,2005,7160.6891743433,22.7331314488061,42.5124159036249,NA,5.55070357309529,41.7718431373802,NA
Latin America & Caribbean,ZJ,LCN,2006,7448.5139089453,22.4957058643273,43.1365348723449,NA,5.08493157016518,38.160996002876,NA
Latin America & Caribbean,ZJ,LCN,2007,7751.39723773622,22.2687392562874,43.2567219757197,NA,5.18908307501746,40.3436532140518,NA
Latin America & Caribbean,ZJ,LCN,2008,7945.57320353123,22.049262406409,45.2103642890729,NA,4.56761569168586,39.078122965926,NA
Latin America & Caribbean,ZJ,LCN,2009,7676.11101980124,21.8364625169673,39.090034557931,NA,4.26925718799465,38.5643140194923,NA
Latin America & Caribbean,ZJ,LCN,2010,8060.06410621954,21.62864511785,41.3522087476562,22.0729001507618,4.10986924705992,40.0397556128984,24.2251176098884
Latin America & Caribbean,ZJ,LCN,2011,8324.64861785153,21.4282792726438,43.6297687431849,22.4305078302367,4.21845440154293,36.349386041221,24.452435247585
Latin America & Caribbean,ZJ,LCN,2012,8454.76965680889,21.2302093903041,45.5786318554325,22.8526674956989,4.26191698301055,36.6114212001366,24.4183779766075
Latin America & Caribbean,ZJ,LCN,2013,8594.86059532881,21.0244943663288,45.1932463665487,22.5238401296478,4.50003691997261,35.8652821572353,25.209862607523
Latin America & Caribbean,ZJ,LCN,2014,8610.20897998125,20.814634551256,44.6454658978727,21.7744778269566,4.02944935441894,36.049316690947,25.4410255864719
Latin America & Caribbean,ZJ,LCN,2015,8546.91790238019,20.5995402747302,44.9920220039287,22.6584651086134,4.04180263822561,37.0572712527583,27.1986485543785
Latin America & Caribbean,ZJ,LCN,2016,8404.73192746461,20.3838756447572,44.0364978465737,22.8642574180294,4.29475624410581,35.3855932459009,27.1717663868635
Latin America & Caribbean,ZJ,LCN,2017,8458.43713679231,20.1714668258097,44.3407066193727,21.8323236725854,4.09661347025371,33.458731522362,26.2960780715656
Latin America & Caribbean,ZJ,LCN,2018,8489.65331062758,19.980948848451,48.1938853908126,22.0050218526435,3.752316109621,32.5253887976248,26.3183043664191
Latin America & Caribbean,ZJ,LCN,2019,8447.71177421698,19.7726980919859,47.7094272418949,22.2784373233129,3.83743459900025,30.3400806145123,26.0177196954245
Latin America & Caribbean,ZJ,LCN,2020,7812.95729980292,19.5626081343177,45.9729489898563,20.5552805896049,3.27946626809986,35.319544571280296,29.3198488686994
Latin America & Caribbean,ZJ,LCN,2021,8317.64330039219,19.3658124354997,52.5995209680724,21.9483744140469,3.72540334340264,34.4366896284657,26.4359148576954
Latin America & Caribbean,ZJ,LCN,2022,8606.55427761644,19.1722669993745,56.0021722062466,23.4259559465976,3.7918154495973,31.0815855925271,27.2418029591849
Latin America & Caribbean,ZJ,LCN,2023,8736.17680385723,18.9564968124536,48.7349861200831,22.6053202642123,3.39304030453465,30.299267657593,27.5723893924691
Latin America & Caribbean,ZJ,LCN,2024,8871.53601669473,18.7283150775294,49.651989177217,22.8112280729177,3.5961028850165,32.5960660267328,NA
Latin America & Caribbean (excluding high income),XJ,LAC,2000,6437.96110048513,24.6813458341486,32.4381167103421,NA,6.23963068734862,43.8641163667409,NA
Latin America & Caribbean (excluding high income),XJ,LAC,2001,6362.4321554373,24.258312691634,32.7618572121278,NA,NA,NA,NA
Latin America & Caribbean (excluding high income),XJ,LAC,2002,6280.19153327588,23.8703468828017,35.1197084379716,NA,NA,NA,NA
Latin America & Caribbean (excluding high income),XJ,LAC,2003,6328.85389898797,23.5182039521031,36.6792840258417,NA,7.02367901900935,43.8923815288827,NA
Latin America & Caribbean (excluding high income),XJ,LAC,2004,6598.99754541507,23.2045381527245,38.4592579009608,NA,6.99418488068979,43.8003335216842,NA
Latin America & Caribbean (excluding high income),XJ,LAC,2005,6788.80078819268,22.9283154815853,37.8902316265328,NA,7.4782558988848304,43.2969267747815,NA
Latin America & Caribbean (excluding high income),XJ,LAC,2006,7067.05640436568,22.6865731054057,38.4570642959634,NA,7.08739443420896,40.7144449483175,NA
Latin America & Caribbean (excluding high income),XJ,LAC,2007,7361.2956717151,22.4564045080304,38.4161227379143,NA,5.89547447220262,42.4461963904286,NA
Latin America & Caribbean (excluding high income),XJ,LAC,2008,7550.46364134656,22.2347141205974,39.9445429003664,NA,5.21060091909082,39.2712612522108,NA
Latin America & Caribbean (excluding high income),XJ,LAC,2009,7282.42112731485,22.0207401189429,34.9229775110088,NA,4.940023562172,38.5643140194923,NA
Latin America & Caribbean (excluding high income),XJ,LAC,2010,7665.02918840407,21.8123129381567,37.1683534539289,21.9763321266592,4.70053928221164,40.3230749682038,24.3810432702204
Latin America & Caribbean (excluding high income),XJ,LAC,2011,7916.87181279329,21.6111127353652,39.2019382252124,22.3187190874396,4.21845440154293,37.6050389881519,24.7044426700354
Latin America & Caribbean (excluding high income),XJ,LAC,2012,8023.11594740369,21.4059716054535,42.0568073349324,22.8056661929058,4.26191698301055,39.0766906875549,24.6090114022279
Latin America & Caribbean (excluding high income),XJ,LAC,2013,8155.35128235007,21.1935033181395,42.0602810847558,22.4967532167151,4.50003691997261,37.8179950498642,25.4380943154506
Latin America & Caribbean (excluding high income),XJ,LAC,2014,8162.13622465638,20.9772426662662,41.6045161865212,21.7871296520889,3.91794058817684,41.5577807841367,25.7527207759809
Latin America & Caribbean (excluding high income),XJ,LAC,2015,8087.33242325425,20.7560326053359,42.5717730430544,22.7143694738243,3.76000305133135,39.1255909162476,27.5791026960141
Latin America & Caribbean (excluding high income),XJ,LAC,2016,7932.49607746858,20.5350736992706,41.7275651975771,22.9130387641199,4.06664865949183,35.4825640457308,27.476273676866
Latin America & Caribbean (excluding high income),XJ,LAC,2017,7986.11604858229,20.3183475775336,41.9460888966417,21.8218859203083,3.92238411644009,36.8438073309714,26.5677114063245
Latin America & Caribbean (excluding high income),XJ,LAC,2018,8010.5932042996,20.1222146980013,46.0914631070807,21.9281232822279,3.92207429094143,36.8701973763952,26.5496966908542
Latin America & Caribbean (excluding high income),XJ,LAC,2019,7962.19314357083,19.9104016045817,45.6898614931401,22.2620931996959,3.91589118161455,32.8183779669863,26.1485090594903
Latin America & Caribbean (excluding high income),XJ,LAC,2020,7368.61318654015,19.6959889149732,44.08622590916,20.4940958379616,2.9940215736244,36.6615339143472,29.5100711902311
Latin America & Caribbean (excluding high income),XJ,LAC,2021,7827.41188417897,19.4941869448963,50.7322215415369,21.80471441563,3.38403969738876,36.3305196670302,26.1946179112416
Latin America & Caribbean (excluding high income),XJ,LAC,2022,8089.0443057316,19.2956499618909,53.6356242101676,23.2840432507503,5.06087925388713,32.6567434558388,27.3160092651211
Latin America & Caribbean (excluding high income),XJ,LAC,2023,8203.23895137503,19.0744138584954,46.6885214236554,22.5436965647987,4.26896309499633,35.8392624800787,27.6442346480609
Latin America & Caribbean (excluding high income),XJ,LAC,2024,8307.70645839353,18.8412289657302,47.6810222439611,22.8592485745025,4.51576287054642,36.097023697666,NA
Latin America & the Caribbean (IDA & IBRD countries),T2,TLA,2000,6609.75491780903,24.5917870986769,35.3229378073574,NA,5.56747119883438,41.9171001455707,NA
Latin America & the Caribbean (IDA & IBRD countries),T2,TLA,2001,6536.56971674071,24.1719361580557,35.7172461874598,NA,5.58390428356422,42.283310686575,NA
Latin America & the Caribbean (IDA & IBRD countries),T2,TLA,2002,6458.56096728307,23.7825852223526,37.9628687555626,NA,6.53473137827634,43.6042667255519,NA
Latin America & the Caribbean (IDA & IBRD countries),T2,TLA,2003,6518.71090729152,23.4304808566665,39.6085647065157,NA,5.8750100391779,44.5255102040816,NA
Latin America & the Caribbean (IDA & IBRD countries),T2,TLA,2004,6799.2914773993,23.1167063095404,41.5942641268976,NA,5.66741476480617,43.8003335216842,NA
Latin America & the Caribbean (IDA & IBRD countries),T2,TLA,2005,6997.30872821488,22.8370980403564,41.1757724941257,NA,5.55070357309529,41.7718431373802,NA
Latin America & the Caribbean (IDA & IBRD countries),T2,TLA,2006,7284.00945702325,22.5928707656663,41.7532698201414,NA,5.08493157016518,38.160996002876,NA
Latin America & the Caribbean (IDA & IBRD countries),T2,TLA,2007,7589.78302426148,22.359770740046,41.8601544723338,NA,5.18908307501746,40.3436532140518,NA
Latin America & the Caribbean (IDA & IBRD countries),T2,TLA,2008,7789.67796085559,22.1347417170251,43.5647763593696,NA,4.56761569168586,39.078122965926,NA
Latin America & the Caribbean (IDA & IBRD countries),T2,TLA,2009,7519.4352696386,21.9168501533086,37.8530431708101,NA,4.26925718799465,38.5643140194923,NA
Latin America & the Caribbean (IDA & IBRD countries),T2,TLA,2010,7913.20182058713,21.7043511008054,40.0312925550721,22.0924740143293,4.10986924705992,40.0397556128984,24.2460366500771
Latin America & the Caribbean (IDA & IBRD countries),T2,TLA,2011,8183.49690860235,21.4988563279423,42.1138150818576,22.4474384783929,4.21845440154293,36.349386041221,24.4711311774565
Latin America & the Caribbean (IDA & IBRD countries),T2,TLA,2012,8314.56455528008,21.2952249947188,44.5707785286525,22.8710081589203,4.26191698301055,36.6114212001366,24.4374772100547
Latin America & the Caribbean (IDA & IBRD countries),T2,TLA,2013,8456.92525770353,21.0834163818456,44.1969122597268,22.5431657060243,4.50003691997261,35.8652821572353,25.2306371843581
Latin America & the Caribbean (IDA & IBRD countries),T2,TLA,2014,8473.41365340212,20.8669496878146,43.7324853212886,21.7920952968609,4.02944935441894,36.049316690947,25.4608342895695
Latin America & the Caribbean (IDA & IBRD countries),T2,TLA,2015,8404.04978849743,20.6451741829832,44.2186743132725,22.6749600381443,4.04180263822561,37.0572712527583,27.2215076159179
Latin America & the Caribbean (IDA & IBRD countries),T2,TLA,2016,8259.95033794012,20.4232806091729,43.2734558050234,22.8768742818483,4.29475624410581,35.3855932459009,27.1909054012208
Latin America & the Caribbean (IDA & IBRD countries),T2,TLA,2017,8315.23504920842,20.2047715887963,43.4961514522708,21.8430513134209,4.09661347025371,33.458731522362,26.3096072302478
Latin America & the Caribbean (IDA & IBRD countries),T2,TLA,2018,8349.31011182677,20.007717807119,47.5294369954004,22.0176047875002,3.752316109621,32.5253887976248,26.3367530801228
Latin America & the Caribbean (IDA & IBRD countries),T2,TLA,2019,8304.43005301967,19.7956306983101,47.1463833583721,22.2867061196032,3.83743459900025,30.3400806145123,26.0332978754439
Latin America & the Caribbean (IDA & IBRD countries),T2,TLA,2020,7684.93194839094,19.5807022683957,45.584991563533,20.5561456031883,3.27946626809986,35.319544571280296,29.3270410616161
Latin America & the Caribbean (IDA & IBRD countries),T2,TLA,2021,8194.51065809746,19.378900085503,51.480809635132,21.9610617792637,3.72540334340264,34.4366896284657,26.4396035233082
Latin America & the Caribbean (IDA & IBRD countries),T2,TLA,2022,8479.2645101924,19.1804744898254,54.712654058513,23.4360715328356,3.7918154495973,31.0815855925271,27.2525433924072
Latin America & the Caribbean (IDA & IBRD countries),T2,TLA,2023,8611.07781121831,18.9601924059406,46.8914803379704,22.6139562914286,3.39304030453465,30.299267657593,27.5884922035103
Latin America & the Caribbean (IDA & IBRD countries),T2,TLA,2024,8744.52778534944,18.7279903261594,47.8473408046123,22.8187886178062,3.5961028850165,32.5960660267328,NA
Latvia,LV,LVA,2000,6336.38296707987,31.9479438558045,83.6121321100556,28.1604207608853,1.08743944089994,40.150643577952,32.4160143661631
Latvia,LV,LVA,2001,6833.4354323157,31.9836339475215,88.1768278184248,26.7827771962382,1.11368267875712,40.6717404104508,29.7020664850077
Latvia,LV,LVA,2002,7443.22944659059,32.0186549297954,85.9772056778195,27.081314646878,0.97440706322571,38.4620726529671,29.795769058541
Latvia,LV,LVA,2003,8149.00183600084,32.0506159493642,88.5815580418672,26.8418732132742,1.0887334021126,41.5244630898189,28.447972720743
Latvia,LV,LVA,2004,8957.23393555082,32.0793297168723,97.2352655771748,27.0128740884849,0.329066089208755,40.0352958342895,28.2719544290178
Latvia,LV,LVA,2005,10106.2626157732,32.1046089429647,104.517156602918,27.0302289854482,NA,42.3975427880663,28.2232954424469
Latvia,LV,LVA,2006,11507.4648265658,32.126266338286,105.695342080455,28.8602988669949,NA,41.7087078821898,27.8064170996318
Latvia,LV,LVA,2007,12810.0409502542,32.1441146134809,100.880910871828,27.6368572573191,NA,42.4675338321965,26.1011141817687
Latvia,LV,LVA,2008,12506.6945041012,32.1579664791942,95.7681628438571,26.7569936841517,NA,38.8249763063566,30.6437067559111
Latvia,LV,LVA,2009,10675.425174228,32.1676346460705,88.8320494963692,27.5171030825018,NA,37.2923343609195,37.825780697154
Latvia,LV,LVA,2010,10500.8666223014,32.1729318247547,110.86235386272,27.3024621267701,NA,38.6234214082669,39.5781686309654
Latvia,LV,LVA,2011,11018.5152421583,32.1733102991733,129.734758014485,28.5531242447924,NA,39.3816669554211,35.1497338007643
Latvia,LV,LVA,2012,11971.0107466522,32.1668361057781,133.211503650958,28.7902868824145,NA,40.1572045310148,31.9341020414488
Latvia,LV,LVA,2013,12353.5386135301,32.152665517067,129.677184929099,28.7867892216105,NA,41.8882976767609,31.6898152607786
Latvia,LV,LVA,2014,12731.6771959342,32.1313964635056,130.042252244959,28.9606921829946,NA,43.0176500406506,32.2820402619424
Latvia,LV,LVA,2015,13321.9753140616,32.1034604331741,126.380014406006,28.8140465762193,NA,43.817310478116,31.2338058250113
Latvia,LV,LVA,2016,13787.3367440023,32.0692889141528,123.330518429659,29.8586049719461,NA,45.3896276803207,30.6890668667795
Latvia,LV,LVA,2017,14382.8612727134,32.0293133945221,128.714003328884,29.5842915482447,NA,44.9556293854749,30.425906349079
Latvia,LV,LVA,2018,15120.0698171804,31.9839653623624,128.234095559822,29.4984524628125,NA,45.4310054863527,30.6512990258421
Latvia,LV,LVA,2019,15328.3859933295,31.933676305754,125.29163170793,29.645265679803,NA,44.8990618410225,31.7652338159017
Latvia,LV,LVA,2020,14900.7295718866,31.8788777127772,123.88319804656,31.3524787899402,NA,42.5358669474478,36.2189154656701
Latvia,LV,LVA,2021,16070.1680032322,31.8191208536307,136.796615414819,30.7984824205369,NA,42.8471229494566,38.5271346331543
Latvia,LV,LVA,2022,16421.3748596,31.7429781890966,159.892778190649,30.9194502218698,NA,44.584308954889,36.3543864374317
Latvia,LV,LVA,2023,16229.3844520245,31.6413683656939,135.642989154266,31.9578742622027,NA,40.0313964868176,34.1951936826963
Latvia,LV,LVA,2024,16376.2565245797,31.5160507371491,131.309582395769,33.8555306981511,NA,38.8905932127945,NA
Least developed countries: UN classification,XL,LDC,2000,638.717166705897,74.7071515532002,40.5721923798968,NA,NA,NA,NA
Least developed countries: UN classification,XL,LDC,2001,654.239496984006,74.2999957579847,41.0266262831234,NA,NA,NA,NA
Least developed countries: UN classification,XL,LDC,2002,672.754876647406,73.8807044733523,50.4841392622656,NA,NA,NA,NA
Least developed countries: UN classification,XL,LDC,2003,690.027993459742,73.4396228284208,50.3327032123703,NA,NA,NA,NA
Least developed countries: UN classification,XL,LDC,2004,717.770654491983,72.971875583375,51.6603660843504,NA,NA,NA,NA
Least developed countries: UN classification,XL,LDC,2005,752.662444138539,72.4911090037698,55.2190631305246,NA,NA,NA,NA
Least developed countries: UN classification,XL,LDC,2006,785.207477962037,72.0016052150112,55.1977682977271,NA,NA,NA,NA
Least developed countries: UN classification,XL,LDC,2007,822.870375237203,71.5447002578412,59.9298535255147,NA,NA,NA,NA
Least developed countries: UN classification,XL,LDC,2008,855.844899163499,71.0122784341098,63.783885109393204,NA,NA,NA,NA
Least developed countries: UN classification,XL,LDC,2009,871.259636862048,70.5313002546652,58.821686212311,12.8675624661175,NA,NA,14.9883916376047
Least developed countries: UN classification,XL,LDC,2010,905.393997038056,70.0726048335642,58.4307703252883,15.9016983827032,9.37027554479256,29.9133547361715,15.0134989560154
Least developed countries: UN classification,XL,LDC,2011,911.315681048424,69.6433184484125,60.383621409985,18.3717017827768,NA,NA,NA
Least developed countries: UN classification,XL,LDC,2012,919.308093708723,69.2321244250391,59.0223829438978,17.135055020101,9.49948207854234,34.2814499619595,14.1633963981301
Least developed countries: UN classification,XL,LDC,2013,952.21846887207,68.8035264831519,58.5658416313382,16.8706710587591,9.48277617512303,31.532277298565,15.173511960254
Least developed countries: UN classification,XL,LDC,2014,979.669421273234,68.3525992955746,55.8863531063786,16.1315819770953,9.15851966922943,36.2917714323766,15.4884260788601
Least developed countries: UN classification,XL,LDC,2015,983.414934367096,67.8999336732208,50.5099680483005,13.5961315119339,10.5739418494924,36.2541652727475,14.1466776254694
Least developed countries: UN classification,XL,LDC,2016,997.08869308831,67.4384362431814,46.8248015740668,12.5321931982201,9.47604792553792,39.0593641441558,13.3777532818807
Least developed countries: UN classification,XL,LDC,2017,1017.69408591328,66.9661142511113,46.9382092798438,12.9443318836244,9.50739766737934,35.293046407578,13.5465244097706
Least developed countries: UN classification,XL,LDC,2018,1040.23273178411,66.4900903883354,51.296524258874,13.4397993921397,10.4425964031185,37.8239162139432,11.9411383859719
Least developed countries: UN classification,XL,LDC,2019,1064.77726218382,66.0457002440832,50.4527081523106,14.3955077875006,9.85175648587716,38.5803123101396,13.0689065154533
Least developed countries: UN classification,XL,LDC,2020,1037.73611237248,65.6200066417069,46.4206022472537,19.0401769122512,9.23922285334119,35.2161407024808,NA
Least developed countries: UN classification,XL,LDC,2021,1041.81864393151,65.1893258925385,50.8303393232299,14.8616225578303,9.82534275807998,37.1728037269754,NA
Least developed countries: UN classification,XL,LDC,2022,1066.56260269683,64.7478065481414,51.037908122287,NA,NA,NA,NA
Least developed countries: UN classification,XL,LDC,2023,1074.29165043316,64.3111022777004,48.4806753409352,NA,NA,NA,NA
Least developed countries: UN classification,XL,LDC,2024,1090.57292521647,63.8416787899606,47.1182053512855,NA,NA,NA,NA
Lebanon,LB,LBN,2000,5958.97836750301,14,50.1152959262106,16.0311299000769,25.5561415284303,25.5633330137118,30.510760953113
Lebanon,LB,LBN,2001,6085.76041420146,13.8548761888697,55.5568083587026,16.009320855414,20.1065777736044,28.4849053946195,29.0092832713196
Lebanon,LB,LBN,2002,6207.24133893746,13.7057153354772,51.0425325574951,18.652327514547,11.0595313254354,43.7441972741115,28.3520365752286
Lebanon,LB,LBN,2003,6319.76518298647,13.5524648209229,54.0908340214699,20.4148637489678,7.69168540780171,46.2407170708819,30.4722658843931
Lebanon,LB,LBN,2004,6633.75258002393,13.3950720263069,90.9727970270956,21.9449598376102,7.56539005471194,45.0780680827964,26.84613985077
Lebanon,LB,LBN,2005,6707.18024635316,13.2334843327297,92.762656272585,21.1440656637583,7.01912459929057,39.8673014388617,26.8439816763272
Lebanon,LB,LBN,2006,6696.37428200596,13.0676491212913,91.0693970298409,20.2701959232708,5.92771197087222,32.3615504391752,31.7123902914344
Lebanon,LB,LBN,2007,7179.34520092306,12.8975137730921,97.9677079660494,21.0904610872834,6.68126652869388,34.8182512658266,31.5711063142009
Lebanon,LB,LBN,2008,7701.29823027979,12.7230256692323,106.625673176194,21.6172371188597,6.9348782697101,38.6538526112572,30.5491605950214
Lebanon,LB,LBN,2009,8375.48851252821,12.5441321908122,90.3978388619092,21.9452185911687,6.46835170700052,43.6412994266407,28.7852621332844
Lebanon,LB,LBN,2010,8955.54336184707,12.3607807189321,95.0966529416243,20.0747521911706,6.9395996160702,45.9466269025093,25.8433428793157
Lebanon,LB,LBN,2011,8936.20027462737,12.1729186346921,102.139882412503,21.8602330242067,5.8999278307441,38.4357503703422,26.3970134807849
Lebanon,LB,LBN,2012,8920.8056984673,11.9804933191925,88.5455019230591,19.9441294969934,6.01639554826864,38.5449517577992,26.7992055311946
Lebanon,LB,LBN,2013,8443.53856528784,11.7834521535337,86.1743285920565,18.505520242264,6.23970838841807,37.8109262641469,26.6919929961178
Lebanon,LB,LBN,2014,7830.4151113336,11.5817425188158,79.8171565925627,19.9176468501458,5.29386652864262,34.0722748890513,25.9468799781231
Lebanon,LB,LBN,2015,7714.1099998804,11.3753117961392,71.8390426347811,17.1247679637961,5.3514867800058,36.5480338971633,22.8975511838178
Lebanon,LB,LBN,2016,8019.1416913426,11.164107366604,67.7236177908116,17.7400851322845,4.99719374440951,35.4780960307526,25.847004898603
Lebanon,LB,LBN,2017,8305.57405425721,10.9480766113105,68.4554292593276,19.9683725672213,4.50959584369803,32.7953837722237,25.9835892601139
Lebanon,LB,LBN,2018,8388.7235123835,10.727166911359,68.2573073043718,19.2691713666082,4.56624479251273,34.9162173140264,29.3461967656781
Lebanon,LB,LBN,2019,8064.04873416236,10.5013256478497,62.98091601016,19.3381419758165,3.98388195888388,30.7387747863194,29.1875576254008
Lebanon,LB,LBN,2020,6440.82843092922,10.270500201883,50.1298042879627,11.5574436171576,2.36150805674995,23.6501233756467,14.9448707575471
Lebanon,LB,LBN,2021,5973.41933892988,10.034637954559,78.8286204025241,6.86804526963188,2.52011352353495,34.8974068986308,6.29571108447612
Lebanon,LB,LBN,2022,5909.03651555028,9.793686286978,114.888278265666,NA,NA,NA,NA
Lebanon,LB,LBN,2023,5834.63415739394,9.54759258024021,104.206410069182,NA,NA,NA,NA
Lebanon,LB,LBN,2024,5391.22914209501,9.296304215446,82.2323604617121,13.4502729024075,9.24557423888979,48.4020292000795,NA
Lesotho,LS,LSO,2000,725.263668707773,80.6726011441619,NA,29.4204572207291,13.8181445061323,26.3534678005861,33.8081330632239
Lesotho,LS,LSO,2001,752.243212493971,80.1024763980114,NA,30.0275517641759,15.1188578769843,27.5046005813928,33.5705130432795
Lesotho,LS,LSO,2002,760.033443180306,79.5073727311438,NA,29.5905740710494,13.658557007748101,26.840904319938,34.5229646631857
Lesotho,LS,LSO,2003,798.540500554454,78.8768915073075,NA,32.9251323273376,11.6460051335263,28.2016274370597,33.9309940923832
Lesotho,LS,LSO,2004,817.793597897186,78.2006340902506,NA,33.402020529781,14.2745672940509,31.2919701125508,32.2116887649573
Lesotho,LS,LSO,2005,853.960500629797,77.4682018437212,NA,32.7959586166542,14.8668686738444,30.9887606644747,33.4334267323825
Lesotho,LS,LSO,2006,893.750686627156,76.6670113756886,NA,38.7851535926047,17.8506137791597,29.744153188728,36.4290168214
Lesotho,LS,LSO,2007,927.26863327342,75.7812050094339,165.048948833372,45.1620077760858,16.8737118193147,30.2913477012766,41.4598246118822
Lesotho,LS,LSO,2008,971.881366821351,74.8033696340317,161.126590593391,44.9712482802759,16.1664906458273,28.2370287064801,46.4898542993369
Lesotho,LS,LSO,2009,952.747929746529,73.7408971735145,158.894737585637,45.6844247173097,15.6333646561431,28.0264704236895,52.1796396677431
Lesotho,LS,LSO,2010,995.233432451681,72.5995184992005,150.102435487333,41.306159255742,8.65047637396843,24.0379424424883,42.5411688089885
Lesotho,LS,LSO,2011,1031.99721564343,71.3849644824079,149.796606699153,37.1898688094273,8.57773990454506,25.0926793809498,40.7961669316991
Lesotho,LS,LSO,2012,1086.39034816283,70.1029659944547,150.208575358438,43.766329167757,13.6166652870656,27.4529944690214,40.0545811100607
Lesotho,LS,LSO,2013,1093.95323489272,68.7592539066593,133.36548975517,42.3694860915918,13.6831291437391,27.8950343366204,42.7084395082867
Lesotho,LS,LSO,2014,1100.04993684215,67.3595590903396,126.292475360578,42.0285705734308,14.4708689439592,30.5423113087237,38.3219218166396
Lesotho,LS,LSO,2015,1121.19851342518,65.9096124168139,129.722773082867,39.178516237273,12.5290602929412,30.0420206380772,38.2440406780839
Lesotho,LS,LSO,2016,1147.58748801671,64.4922049290559,136.31524774176,35.4153992132621,9.64789957811699,28.6423709848566,40.5844628063288
Lesotho,LS,LSO,2017,1097.82166812752,63.4716351931154,146.366771329494,38.3283799291198,12.109634553784,31.0160901843713,39.7153423495164
Lesotho,LS,LSO,2018,1068.44462913373,62.430907252585,144.434955465602,37.0235318922454,10.5542669384109,30.7927530990964,39.2496841795946
Lesotho,LS,LSO,2019,1040.99351014117,61.3959079553741,140.51663349168,36.8042495429231,11.3483999923854,32.3265905607962,39.246346848746
Lesotho,LS,LSO,2020,944.834128375429,60.3670694574468,141.096605062998,41.3924101856888,14.4574571021824,30.8586358383022,43.288414970617
Lesotho,LS,LSO,2021,955.221236301503,59.3448239148003,139.186479465407,37.5814118211382,9.82534275807998,29.8243647758046,38.1052609182179
Lesotho,LS,LSO,2022,967.51928598325,58.3296034834678,142.373981074229,35.9600821418698,8.76092044750473,31.3691219416807,40.2346111006294
Lesotho,LS,LSO,2023,973.116561960912,57.3218403195215,140.722487877528,47.393353582004,12.8423494674681,33.2468628071285,NA
Lesotho,LS,LSO,2024,1012.59379523386,56.3219665790754,152.474389103105,42.0267402861119,12.953870503842,32.7105865534348,NA
Liberia,LR,LBR,2000,754.850917360951,56.2289957044181,NA,NA,NA,NA,NA
Liberia,LR,LBR,2001,754.422355762017,55.8490343984911,NA,NA,NA,NA,NA
Liberia,LR,LBR,2002,762.716393927064,55.433298473009,NA,NA,NA,NA,NA
Liberia,LR,LBR,2003,528.567395543421,54.9995426996959,NA,NA,NA,NA,NA
Liberia,LR,LBR,2004,535.995882066218,54.5655218502756,NA,NA,NA,NA,NA
Liberia,LR,LBR,2005,539.665378841936,54.1489906964723,NA,NA,NA,NA,NA
Liberia,LR,LBR,2006,551.377446611852,53.7677040100098,NA,NA,NA,NA,NA
Liberia,LR,LBR,2007,574.609394348543,53.3895149230957,NA,NA,NA,NA,NA
Liberia,LR,LBR,2008,591.185378141907,52.8919502128975,NA,NA,NA,NA,NA
Liberia,LR,LBR,2009,603.256211077605,52.3754744077438,NA,NA,NA,NA,NA
Liberia,LR,LBR,2010,621.783295071575,51.8592482942093,NA,NA,NA,NA,NA
Liberia,LR,LBR,2011,646.908727016597,51.3416697229151,NA,NA,NA,NA,NA
Liberia,LR,LBR,2012,674.360011422232,50.8226752360474,NA,NA,NA,NA,NA
Liberia,LR,LBR,2013,717.007280358975,50.3022013757923,NA,NA,NA,NA,NA
Liberia,LR,LBR,2014,707.157694930142,49.7801846843358,NA,NA,NA,NA,NA
Liberia,LR,LBR,2015,692.590082351257,49.2565617038637,NA,NA,NA,NA,NA
Liberia,LR,LBR,2016,668.031513175601,48.7312689765616,NA,NA,NA,NA,NA
Liberia,LR,LBR,2017,671.260899835355,48.2042430446151,NA,NA,NA,NA,NA
Liberia,LR,LBR,2018,665.875439637137,47.6754204502094,NA,NA,NA,NA,NA
Liberia,LR,LBR,2019,636.699384824869,47.14473773553,NA,NA,NA,NA,NA
Liberia,LR,LBR,2020,605.025475431411,46.6121314427619,NA,NA,NA,NA,NA
Liberia,LR,LBR,2021,621.927983063426,46.0775381140902,NA,NA,NA,NA,NA
Liberia,LR,LBR,2022,638.005183858289,45.5408942917,NA,NA,NA,NA,NA
Liberia,LR,LBR,2023,653.329188343162,45.002136517776,NA,NA,NA,NA,NA
Liberia,LR,LBR,2024,665.101337624192,44.4612013345032,NA,NA,NA,NA,NA
Libya,LY,LBY,2000,10853.8059516526,13.0491486273158,45.2810937659422,NA,NA,NA,NA
Libya,LY,LBY,2001,10467.8776146012,12.6805544122543,43.1734496124031,NA,NA,NA,NA
Libya,LY,LBY,2002,10170.3095776338,12.3743807249254,78.8597570352145,NA,NA,NA,NA
Libya,LY,LBY,2003,11267.0627623548,12.1340119499542,90.6127305175491,NA,NA,NA,NA
Libya,LY,LBY,2004,11529.1086646221,11.9628324719654,96.1293320792401,NA,NA,NA,NA
Libya,LY,LBY,2005,12628.896152656,11.864226675584,90.8608896854615,NA,NA,NA,NA
Libya,LY,LBY,2006,13176.7758911904,11.8400439757052,97.7381011197381,NA,NA,NA,NA
Libya,LY,LBY,2007,13712.9602583972,11.8439712524414,102.732315500893,NA,NA,NA,NA
Libya,LY,LBY,2008,13403.0004645911,11.8525543212891,103.242158045544,NA,NA,NA,NA
Libya,LY,LBY,2009,12549.0854345521,11.8654174804688,107.620930501039,NA,NA,NA,NA
Libya,LY,LBY,2010,12913.9334939386,11.8822860717773,98.077213074239,NA,NA,NA,NA
Libya,LY,LBY,2011,6569.59477578957,11.9029541015625,63.0054352895288,NA,NA,NA,NA
Libya,LY,LBY,2012,12599.258882136,11.9272079467773,98.2243189168448,NA,NA,NA,NA
Libya,LY,LBY,2013,10126.314927806,11.9548568725586,106.334360918106,NA,NA,NA,NA
Libya,LY,LBY,2014,7644.24843947404,11.9857940673828,76.5248826381117,NA,NA,NA,NA
Libya,LY,LBY,2015,7458.48917756374,12.1840896606445,56.9049073326883,NA,NA,NA,NA
Libya,LY,LBY,2016,7236.16409923502,12.1839943296823,41.1101760615135,NA,NA,NA,NA
Libya,LY,LBY,2017,9435.60060040046,12.183327012947201,47.5489661921214,NA,NA,NA,NA
Libya,LY,LBY,2018,10020.9165751361,12.181515724666,63.7811335968183,NA,NA,NA,NA
Libya,LY,LBY,2019,8768.4104874586,12.1779884790658,78.9939691850138,NA,NA,NA,NA
Libya,LY,LBY,2020,6102.79864032512,12.1721732903737,50.9757934373319,NA,NA,NA,NA
Libya,LY,LBY,2021,7731.35448152581,12.1634981728165,164.284069967105,NA,NA,NA,NA
Libya,LY,LBY,2022,7002.68189296358,12.1513911406214,156.321684682347,NA,NA,NA,NA
Libya,LY,LBY,2023,7630.49664928174,12.1352802080152,161.070232609722,NA,NA,NA,NA
Libya,LY,LBY,2024,7696.0807819319,12.1145933892251,137.511130687153,NA,NA,NA,NA
Liechtenstein,LI,LIE,2000,NA,85.0100002288818,NA,NA,NA,NA,NA
Liechtenstein,LI,LIE,2001,NA,85.1042396191672,NA,NA,NA,NA,NA
Liechtenstein,LI,LIE,2002,NA,85.1913325001836,NA,NA,NA,NA,NA
Liechtenstein,LI,LIE,2003,NA,85.2708935667209,NA,NA,NA,NA,NA
Liechtenstein,LI,LIE,2004,NA,85.3425375135693,NA,NA,NA,NA,NA
Liechtenstein,LI,LIE,2005,NA,85.405879035519,NA,NA,NA,NA,NA
Liechtenstein,LI,LIE,2006,NA,85.4605328273599,NA,NA,NA,NA,NA
Liechtenstein,LI,LIE,2007,NA,85.5061135838823,NA,NA,NA,NA,NA
Liechtenstein,LI,LIE,2008,NA,85.5422359998761,NA,NA,NA,NA,NA
Liechtenstein,LI,LIE,2009,NA,85.5685147701316,NA,NA,NA,NA,NA
Liechtenstein,LI,LIE,2010,NA,85.5845645894389,NA,NA,NA,NA,NA
Liechtenstein,LI,LIE,2011,NA,85.5900001525879,NA,NA,NA,NA,NA
Liechtenstein,LI,LIE,2012,NA,85.5875454629555,NA,NA,NA,NA,NA
Liechtenstein,LI,LIE,2013,NA,85.5798244028376,NA,NA,NA,NA,NA
Liechtenstein,LI,LIE,2014,NA,85.5663014854033,NA,NA,NA,NA,NA
Liechtenstein,LI,LIE,2015,167187.15730982,85.5464412238218,NA,NA,NA,NA,NA
Liechtenstein,LI,LIE,2016,NA,85.5197081312621,NA,NA,NA,NA,NA
Liechtenstein,LI,LIE,2017,NA,85.4855667208933,NA,NA,NA,NA,NA
Liechtenstein,LI,LIE,2018,NA,85.4434815058846,NA,NA,NA,NA,NA
Liechtenstein,LI,LIE,2019,NA,85.3929169994049,NA,NA,NA,NA,NA
Liechtenstein,LI,LIE,2020,NA,85.3333377146235,NA,NA,NA,NA,NA
Liechtenstein,LI,LIE,2021,NA,85.3010840629304,NA,NA,NA,NA,NA
Liechtenstein,LI,LIE,2022,NA,85.3076929928462,NA,NA,NA,NA,NA
Liechtenstein,LI,LIE,2023,NA,85.3216238765923,NA,NA,NA,NA,NA
Liechtenstein,LI,LIE,2024,NA,85.342415095114,NA,NA,NA,NA,NA
Lithuania,LT,LTU,2000,6384.30865426374,33.0231625173445,83.1914942748116,34.8870203529789,0.886706366206837,32.9216862308285,37.4674522199748
Lithuania,LT,LTU,2001,6854.5251282667105,33.0713902498387,93.4871373685836,31.7035400784506,0.860654645585362,35.6753419790371,35.0300462711731
Lithuania,LT,LTU,2002,7374.0979710116,33.1112899780273,100.332229474818,31.7853908072788,0.820664542558034,36.2132246451773,33.1650769477528
Lithuania,LT,LTU,2003,8218.69336289848,33.2403335571289,98.0914043206711,31.3763279824814,0.868783210367369,34.506345808326,31.8339169241579
Lithuania,LT,LTU,2004,8851.92598922347,33.3977432250977,104.072070698543,30.502715150652,0.436256435230277,33.3016905523863,31.6494542941449
Lithuania,LT,LTU,2005,9692.86853763267,33.4215087890625,117.449691165186,31.3871511146301,NA,33.2487834370484,31.0555010641392
Lithuania,LT,LTU,2006,10577.2145522871,33.3618469238281,124.613633047292,31.7655373670071,NA,33.0785207123059,31.0409417759317
Lithuania,LT,LTU,2007,11889.3545234657,33.2815017700195,116.295810328172,31.5054068903341,NA,33.7465595261517,31.3207961517203
Lithuania,LT,LTU,2008,12324.5197331387,33.2472229003906,126.759707831841,32.244191309171,NA,33.1697475939713,34.4453291695499
Lithuania,LT,LTU,2009,10612.9204044582,33.2183380126953,105.040251236614,32.1275096477252,NA,32.15995367113,41.6913560616276
Lithuania,LT,LTU,2010,10884.1161852582,33.2287139892578,131.626507396009,30.710214791121,NA,33.6316028374784,40.1309540962991
Lithuania,LT,LTU,2011,11836.7200384033,33.2481659944244,149.645306927215,29.2193147221872,NA,34.6995948522402,36.8394354331654
Lithuania,LT,LTU,2012,12516.6184065667,33.1463241577148,156.638925650513,29.1903555642825,NA,33.7632641916258,34.1253096267013
Lithuania,LT,LTU,2013,13145.8069309969,32.9907913208008,156.626637927418,29.0714920877936,NA,34.0846198501533,33.065868762446
Lithuania,LT,LTU,2014,13753.1895982305,32.8485062371977,143.290115780694,29.5673217746633,NA,34.5737239175061,32.7568188511499
Lithuania,LT,LTU,2015,14269.8039878287,32.7717514038086,138.195575009601,30.8685352528266,NA,34.4718178121188,32.6692487755442
Lithuania,LT,LTU,2016,14823.107153522,32.8105773925781,134.690449650877,31.7748038314408,NA,34.7524988846012,32.6841126186918
Lithuania,LT,LTU,2017,15695.9993288456,32.8987045288086,144.918393101325,31.2005679256061,NA,35.4112021054489,31.072121854115
Lithuania,LT,LTU,2018,16604.9021440809,32.8535257989543,147.202132525221,31.5539038602942,NA,34.1741071428571,31.6775234640563
Lithuania,LT,LTU,2019,17431.7239081591,32.754264831543,148.374996011818,31.9379467182196,NA,33.9339820077768,32.3841356342817
Lithuania,LT,LTU,2020,17443.65526328,32.5745391845703,135.796565563519,32.796635612808,NA,33.9381430123331,38.9088887136828
Lithuania,LT,LTU,2021,18572.2895051093,31.8087882995605,154.726303914099,33.4499971018772,NA,33.9725262964775,35.1707078947421
Lithuania,LT,LTU,2022,18873.8427527274,31.7133547573187,176.631817072239,33.3740675935295,NA,33.3710864802724,34.2364562311679
Lithuania,LT,LTU,2023,18748.9302647191,31.424545416801,147.990751776428,33.876782525123,NA,31.3508580715727,33.859828121368
Lithuania,LT,LTU,2024,19205.4152293136,31.1714166684685,142.41991022479,35.0738412147572,NA,31.0230278387947,NA
Low & middle income,XO,LMY,2000,2151.76974084658,60.6558033600217,46.2377723885071,NA,NA,NA,NA
Low & middle income,XO,LMY,2001,2196.36804936148,60.0605562013639,45.6680408840602,NA,NA,NA,NA
Low & middle income,XO,LMY,2002,2264.73090350902,59.4159251334527,48.093224435555,NA,NA,NA,NA
Low & middle income,XO,LMY,2003,2360.95764512632,58.7637223026093,52.5772070300104,NA,NA,NA,NA
Low & middle income,XO,LMY,2004,2507.18197955636,58.158390952123,57.8440140268144,NA,NA,NA,NA
Low & middle income,XO,LMY,2005,2653.8201446199,57.5551367076759,59.5208441161941,12.5953040020069,NA,NA,NA
Low & middle income,XO,LMY,2006,2831.5291839446,56.9278367885557,60.3841163756151,13.3672101600554,NA,NA,NA
Low & middle income,XO,LMY,2007,3039.02649139576,56.2686556421967,59.2766724331262,17.5994715531553,NA,NA,NA
Low & middle income,XO,LMY,2008,3174.81724219519,55.703367343544,58.8328401733887,15.5175068351191,6.74320031371369,32.1387277429896,NA
Low & middle income,XO,LMY,2009,3254.91684838707,55.0853602035262,49.1533708100052,15.0280205732016,6.44460671256423,31.1858247416924,NA
Low & middle income,XO,LMY,2010,3469.80590095764,54.5857011247606,52.1454932764369,15.969334889349,6.22529725018046,31.8476119395419,NA
Low & middle income,XO,LMY,2011,3638.55326608162,53.6939790938439,53.9838856347915,15.9965723327918,6.12099482776213,33.8575846694044,NA
Low & middle income,XO,LMY,2012,3784.75096839907,53.1012063876381,53.2368405546047,16.1129968526009,5.87188847154765,34.5991340434686,NA
Low & middle income,XO,LMY,2013,3942.47943622101,52.4441946838726,51.8941031224946,15.9704718863146,5.64353684795443,33.851709961137,NA
Low & middle income,XO,LMY,2014,4089.19933719999,51.835253095744,50.3147512075439,18.1572117464271,5.98546228682698,33.9470807724805,NA
Low & middle income,XO,LMY,2015,4223.77742891002,51.1868862648506,46.5943555360391,18.3068758591361,5.90756669841398,34.6279281046708,NA
Low & middle income,XO,LMY,2016,4363.46432262705,50.5997182466674,44.4827294473618,18.022150852778,6.65335004051474,35.6403246151951,NA
Low & middle income,XO,LMY,2017,4534.54734531501,50.0488491583326,45.862490243703,17.950231557457,6.21080340867056,35.6212960184431,NA
Low & middle income,XO,LMY,2018,4699.02853867183,49.486441623543,48.0514199619347,18.4583032093492,5.98935965084588,36.6864824001427,NA
Low & middle income,XO,LMY,2019,4833.03178169414,48.9821172771046,46.2116657620281,18.8635480406717,5.94396697620409,34.9171799072623,NA
Low & middle income,XO,LMY,2020,4723.43743275583,48.5811405461893,43.4647217872405,17.1924718121226,6.28745547788246,35.9314579332812,NA
Low & middle income,XO,LMY,2021,5019.23390795338,48.0946001352356,48.6099949167732,17.7751718097126,5.5773397333151,35.7136463571878,NA
Low & middle income,XO,LMY,2022,5170.6906311666,47.7711298276401,52.0932710272132,17.3743484568603,5.12664203399704,32.6711044823736,NA
Low & middle income,XO,LMY,2023,5358.98340901979,47.4928128511915,48.5167070458831,18.5424251335567,5.27043461781357,33.3769110684064,NA
Low & middle income,XO,LMY,2024,5539.32895443457,47.193832534816,48.857226972032,18.4692327944307,NA,NA,NA
Luxembourg,LU,LUX,2000,92533.1393756479,15.5817844822158,272.412027714553,40.5671640959911,NA,32.3150973850663,34.1170769431158
Luxembourg,LU,LUX,2001,94249.1625853478,15.1826745932024,270.765343819583,40.7756512294771,NA,30.7632963438726,35.2491349631665
Luxembourg,LU,LUX,2002,96275.0321314871,14.796574346905,250.689192191641,40.6019760911688,NA,30.0218966069713,36.6812078144686
Luxembourg,LU,LUX,2003,97603.4028137275,14.4093704926966,244.977946060528,40.4476261688828,NA,30.1554016825481,38.2197785077809
Luxembourg,LU,LUX,2004,100296.956996628,14.0200902773154,265.226884855637,39.6039012838413,NA,32.6242686712593,38.7992367482131
Luxembourg,LU,LUX,2005,101226.109631791,13.6264350897439,284.077242335139,40.6443562931238,NA,32.3768992653436,38.1754988299433
Luxembourg,LU,LUX,2006,105618.332853323,13.2261063189645,305.879493786271,38.84013808787,NA,31.7011531956162,35.7178428204833
Luxembourg,LU,LUX,2007,112422.146493735,12.8168053539599,307.485020085196,39.1812603098201,NA,32.5115407783208,33.9888793613862
Luxembourg,LU,LUX,2008,110096.656683086,12.3962335837126,292.21348078343,38.6829782352762,NA,30.3212034408207,34.6285196495168
Luxembourg,LU,LUX,2009,104576.122195434,11.9620923972051,263.532701541684,39.8035704467902,NA,29.5003599554543,38.6720324373854
Luxembourg,LU,LUX,2010,106545.854916218,11.51208318342,293.671876906939,39.0847260605836,NA,29.7415040199457,37.5877794617632
Luxembourg,LU,LUX,2011,105292.012346074,11.0437185162746,308.714453874162,39.4675362256192,NA,30.1737628748704,37.7583197126326
Luxembourg,LU,LUX,2012,104489.298083328,10.5594231982708,311.786835204686,39.7868058878949,NA,30.4830929252742,38.6174033671065
Luxembourg,LU,LUX,2013,105340.41498623,10.0586253320295,320.533506316768,39.7908164397026,NA,30.4849763231288,38.5515245916909
Luxembourg,LU,LUX,2014,105585.401767492,9.5422192323141,333.428836459172,39.7195928028409,NA,31.5860400286749,37.7373148444709
Luxembourg,LU,LUX,2015,105462.012584423,9.0106320646932,351.13195404466,39.4391768034105,NA,26.7421411016079,37.2151192531445
Luxembourg,LU,LUX,2016,108351.452194449,8.46429099473509,348.437409376889,39.5213156943946,NA,26.9528617952291,36.8348917454341
Luxembourg,LU,LUX,2017,107142.05542835,7.9036231880084,353.793991980303,39.9305046500542,NA,27.6383321216016,37.758533855547
Luxembourg,LU,LUX,2018,106788.661202756,7.3290558100816,361.865445198667,42.4344624173931,NA,27.2694069897775,38.8273820155222
Luxembourg,LU,LUX,2019,107591.899505248,6.7410160265233,382.66078058442,42.584457621826,NA,27.3680051342592,39.4793914222263
Luxembourg,LU,LUX,2020,105274.182260744,6.1399310029019,375.581394826026,41.1521013092232,NA,27.3004502578157,42.9034537011063
Luxembourg,LU,LUX,2021,110873.115269021,5.4138256603467,397.506180867971,40.8986937328253,NA,28.5407426121698,39.0091777601048
Luxembourg,LU,LUX,2022,107467.123965307,5.23945990598151,412.177169924175,41.979275834294,NA,27.8595395390423,40.8988847365143
Luxembourg,LU,LUX,2023,105422.764660192,5.1984699679213,402.566968197345,42.8790104958298,NA,25.6077362133314,42.2321737913696
Luxembourg,LU,LUX,2024,104147.111291588,5.1561297133607,351.267921153192,44.5883907548223,NA,25.2890434701143,NA
"Macao SAR, China",MO,MAC,2000,31772.6302531656,0.00420732958059489,147.76978681921,17.9589065334854,NA,69.3855579775207,15.0214235901926
"Macao SAR, China",MO,MAC,2001,32441.6760183581,1.01587162902206e-4,150.023588329221,20.1592908392183,NA,68.1753336449859,15.2981821107019
"Macao SAR, China",MO,MAC,2002,34967.8914561813,0,152.382640999662,20.0863781289429,NA,74.5089848668471,14.9301382142248
"Macao SAR, China",MO,MAC,2003,38581.6976189322,0,150.78839554326,23.1138681421984,NA,78.5365703080073,14.5792782404764
"Macao SAR, China",MO,MAC,2004,47665.9330386643,0,148.903750204961,23.7152906140873,NA,82.2624121894502,11.8528167936293
"Macao SAR, China",MO,MAC,2005,49470.940295748,0,136.372221937073,24.4490068264641,NA,79.00239324852,11.5608479186984
"Macao SAR, China",MO,MAC,2006,53240.2045750276,0,128.785689078596,24.4290587661956,NA,79.5521772029992,10.8659485438688
"Macao SAR, China",MO,MAC,2007,58376.1176047275,0,130.670598794717,28.9711693504498,NA,79.0691974203888,10.0737170015824
"Macao SAR, China",MO,MAC,2008,58146.3285846714,0,126.607131209269,33.1660359609817,NA,84.7950304552267,13.6848909715724
"Macao SAR, China",MO,MAC,2009,59528.8350159491,0,113.55459255005,32.8776313123038,NA,83.1397102345431,17.0529457265669
"Macao SAR, China",MO,MAC,2010,74195.0577762344,0,119.938411439898,36.5301375782113,NA,89.3080698327714,14.7030839670643
"Macao SAR, China",MO,MAC,2011,88168.9713699088,0,122.886868700544,39.850064041359,NA,90.0877410582703,11.9986560556484
"Macao SAR, China",MO,MAC,2012,93192.885853941,0,123.711349167944,38.9254745806977,NA,90.5587612155056,10.9036655919405
"Macao SAR, China",MO,MAC,2013,99054.4980289716,0,121.375076167887,38.2431982986947,NA,91.285524753858,10.4663268994632
"Macao SAR, China",MO,MAC,2014,92383.8434915276,0,118.580835443557,37.2414252730223,NA,89.4788782103,11.363913805927
"Macao SAR, China",MO,MAC,2015,69902.9605741233,0,119.250436813256,31.8290307677407,NA,83.6680441021506,15.412582844514
"Macao SAR, China",MO,MAC,2016,68391.3415491921,0,112.890232741859,30.3056660240252,NA,83.3159721127751,16.3459311658206
"Macao SAR, China",MO,MAC,2017,75650.1261840452,0,115.454662557842,31.9762835362288,NA,83.4236869843984,15.2119168179021
"Macao SAR, China",MO,MAC,2018,79178.6506290559,0,116.568676845013,31.4471596015758,NA,86.8720767294166,14.6040900378247
"Macao SAR, China",MO,MAC,2019,75724.6078280261,0,115.23129893555,32.928085006733,NA,82.8405179290792,15.8478754848552
"Macao SAR, China",MO,MAC,2020,33853.7761550109,0,123.43437444297,27.8321243992197,NA,60.3318305006186,43.2091365783308
"Macao SAR, China",MO,MAC,2021,41634.2386139903,0,171.31597082054,24.7927406392814,NA,63.1265616778282,31.7574064949825
"Macao SAR, China",MO,MAC,2022,34000.7134128308,0,170.368049338506,20.5964614067144,NA,53.4375044623225,49.1744707393564
"Macao SAR, China",MO,MAC,2023,59474.3964251614,0,145.874467252327,27.4243671928547,NA,71.6920258407641,19.5867260271728
"Macao SAR, China",MO,MAC,2024,63377.2932129214,0,142.07943455076,31.7892238969514,NA,76.2354421212327,NA
Madagascar,MG,MDG,2000,465.529509827021,74.9904244391736,42.7771226639725,NA,NA,NA,NA
Madagascar,MG,MDG,2001,478.40561494987,74.6920056031854,41.0351260923859,NA,NA,NA,NA
Madagascar,MG,MDG,2002,406.70122213637,74.3962510081096,50.1816919379298,NA,NA,NA,NA
Madagascar,MG,MDG,2003,433.601040301214,74.1032331921522,34.030602917475,9.18624253470352,33.1797872278614,20.4801608283123,9.64041187128852
Madagascar,MG,MDG,2004,443.278654985967,73.8130246935196,48.7753818852156,10.4135570946462,26.8544026600137,16.4444576427893,10.856450124413
Madagascar,MG,MDG,2005,450.955230911228,73.5256980504178,59.1300849357677,9.42037056604443,29.1377366328408,17.6547385911815,9.49790798658622
Madagascar,MG,MDG,2006,461.540337897729,73.2413258010532,62.1028389370244,10.0506909741261,24.7822831697994,11.9084210111518,10.0017913811215
Madagascar,MG,MDG,2007,473.785462328449,72.9599804836318,66.7027353570049,10.2421871067948,34.7388549431365,20.128565238493,9.67877466668648
Madagascar,MG,MDG,2008,490.963935389518,72.68173463636,74.357353960806,11.6807124779128,32.2822534128052,16.8140742164968,9.47684987595102
Madagascar,MG,MDG,2009,457.789754866068,72.4066607974439,62.4116975958196,8.77020393906096,40.8995281203209,18.8747594029611,7.72436739302988
Madagascar,MG,MDG,2010,447.417143030687,72.134831505089707,57.8748945101807,10.6494964367752,10.2088043930128,39.733302062849,8.57346348699551
Madagascar,MG,MDG,2011,441.755158414121,71.8663192975037,56.4830925951893,9.69460356704252,11.1654394880459,45.2753221832925,8.93506573962959
Madagascar,MG,MDG,2012,442.641500123543,71.6011967128919,52.6517140811255,9.16639323442013,11.7166255414892,50.4281770491733,8.75653017319682
Madagascar,MG,MDG,2013,440.67465890362803,71.3395362894607,56.3675817900932,9.53516757996452,10.2928134297046,52.7470225059368,9.40419644416597
Madagascar,MG,MDG,2014,443.343869908205,71.0814105654162,61.9694322111234,9.29169930746224,10.34143142884,46.632055830699,9.85274238142876
Madagascar,MG,MDG,2015,445.320069480568,70.8268920789646,61.2203788365078,9.78975810539539,12.3846973537195,49.1514666844012,9.55868886975373
Madagascar,MG,MDG,2016,451.15659433146,70.5760533683122,60.8346984831423,10.050178162272701,10.9743447393714,41.6684835227652,9.31726443885761
Madagascar,MG,MDG,2017,456.851859574031,70.328966971665,65.3434015072915,10.8751557569481,11.4316293469676,44.9126878654514,10.5891148272501
Madagascar,MG,MDG,2018,459.330367799543,70.0818874653091,67.8415046683582,11.4412914064544,11.8449167687751,42.5133123303097,9.83236458371751
Madagascar,MG,MDG,2019,467.27741349648,69.6953027629796,62.6013230457128,11.5681282372208,11.8928832236242,40.4587824965827,10.1328730758179
Madagascar,MG,MDG,2020,422.924255422319,69.2980525832452,49.0107073650291,10.6066108567565,11.2744542153982,41.0848988468537,11.7977522158693
Madagascar,MG,MDG,2021,431.599103077746,68.8862876783964,55.2158585927485,11.2156784361642,13.1257899083771,51.6676646331894,10.6901257901144
Madagascar,MG,MDG,2022,438.438112102315,68.4602186534114,70.4708546790091,10.1809924692036,14.6788361337926,40.7311994205624,9.92630291329413
Madagascar,MG,MDG,2023,445.874102052267,68.0200561139054,62.7622147594312,10.6530804983454,11.3359161022244,39.9100200864245,11.0354551048712
Madagascar,MG,MDG,2024,453.957809653992,67.5660106660156,57.5370213293734,12.2221565443851,14.5739456817363,41.1700392896091,NA
Malawi,MW,MWI,2000,418.592985038462,85.3229396712341,NA,NA,NA,NA,NA
Malawi,MW,MWI,2001,388.260039763569,85.219599275287,NA,NA,NA,NA,NA
Malawi,MW,MWI,2002,385.308980237095,85.1277512559442,NA,NA,NA,NA,NA
Malawi,MW,MWI,2003,397.224846758815,85.0448615308892,NA,NA,NA,NA,NA
Malawi,MW,MWI,2004,408.064916052765,84.9683960178054,NA,NA,NA,NA,NA
Malawi,MW,MWI,2005,410.267979592536,84.8958206343759,NA,NA,NA,NA,NA
Malawi,MW,MWI,2006,417.877689776503,84.8246012982843,NA,NA,NA,NA,NA
Malawi,MW,MWI,2007,445.254305419586,84.7522039272139,NA,NA,NA,NA,NA
Malawi,MW,MWI,2008,465.55147298007,84.6761970071622,NA,NA,NA,NA,NA
Malawi,MW,MWI,2009,489.631418790158,84.5984687233152,NA,10.3698771436844,6.52820101118947,29.4136733251874,15.6875007051077
Malawi,MW,MWI,2010,508.088650552846,84.5223030619482,NA,11.6734090885258,5.84806283837549,30.476864510555,12.6994361476594
Malawi,MW,MWI,2011,517.833736624232,84.4476846091277,NA,11.4006485954383,6.42493255209864,34.1711526284463,12.526089145286
Malawi,MW,MWI,2012,512.74031797451,84.3746866959536,NA,9.82244916034164,6.97055561402827,36.7096211057169,11.8715643730145
Malawi,MW,MWI,2013,525.357645516557,84.3033826535258,NA,10.1007501918162,6.9516607142751,25.2659570696979,12.992188528166
Malawi,MW,MWI,2014,539.562601918057,84.233845812944,NA,11.7964542832246,7.97560790961883,35.8611506134554,14.0654400013646
Malawi,MW,MWI,2015,539.605363240686,84.1661495053082,NA,11.5105715128485,7.58527175595435,33.2043470732863,12.9082034353954
Malawi,MW,MWI,2016,538.221990810959,84.100367061718,NA,11.1687741550083,6.86803403953902,33.7590757236725,12.3291507757964
Malawi,MW,MWI,2017,544.795729220349,84.0365718132734,45.3003137160008,13.0565371469458,6.97980118199523,33.8065191660294,13.2444718284507
Malawi,MW,MWI,2018,553.528790902088,83.9778513445745,43.578773489,12.9525502279637,7.56895978614535,37.8239162139432,14.9216504111132
Malawi,MW,MWI,2019,569.866249371948,83.8616253380999,44.1954524635798,12.4204473652036,7.7951721279269,38.5803123101396,14.7401066853775
Malawi,MW,MWI,2020,559.447086086067,83.7038528243591,41.0323429397328,12.9073757320637,6.69249049751613,37.7772538912096,16.4935394603346
Malawi,MW,MWI,2021,569.968967322435,83.5118074199306,44.5957618170542,12.288329272589,6.57869339617071,37.1728037269754,17.1870765601142
Malawi,MW,MWI,2022,560.635759714941,83.2853968020564,43.616624856781,14.1361846816996,7.46025146954536,32.7437026941738,20.1738542237372
Malawi,MW,MWI,2023,557.03523965791,83.0251253334644,42.4376683990967,14.6243180983165,7.36343105166036,29.9014284902493,NA
Malawi,MW,MWI,2024,551.95152347056,82.731496468787,41.9038196485235,15.9265082707286,6.79637722165629,30.4723616584169,NA
Malaysia,MY,MYS,2000,6455.61419792583,38.0305435509274,220.406788982074,17.4777848547002,7.43510298437977,24.800693519128,16.5121871150754
Malaysia,MY,MYS,2001,6334.92795651698,36.9819122323776,203.364636010653,22.6657296662592,5.08037230319667,22.4218865542103,18.7453892602793
Malaysia,MY,MYS,2002,6516.90671560155,35.943631534816,199.356232695655,21.7931020085436,5.35359340948823,21.5987738582753,17.6745047793264
Malaysia,MY,MYS,2003,6732.92049458099,34.9249067132445,194.195129056831,22.1143398866678,5.48008811333794,18.1409813407049,17.6261853193527
Malaysia,MY,MYS,2004,7025.34558004381,33.9352110888059,210.374265897124,20.9679188605373,5.50715306142981,17.9812471075877,18.8869059673282
Malaysia,MY,MYS,2005,7234.02442689141,32.9840179826435,203.854644595624,19.5561630529565,5.14566851358852,20.3004618872468,17.6866981371579
Malaysia,MY,MYS,2006,7469.8106921211,32.0808007159003,202.577146840398,20.701972740556,4.07957563292933,16.2030038335257,17.7190817478083
Malaysia,MY,MYS,2007,7769.59693350488,31.2350326097193,192.465506357652,21.0246393724141,3.39314247366737,15.0306001906942,18.1188211358944
Malaysia,MY,MYS,2008,7976.11785374773,30.4561869852435,176.668324785148,20.7537619947802,3.38818124944672,15.86140688323,19.567987381224
Malaysia,MY,MYS,2009,7700.46111294033,29.7537371636161,162.558970452699,22.2540150728267,2.05902157944516,15.672413839545,21.6713098871415
Malaysia,MY,MYS,2010,8118.92270511981,29.1374685168975,157.944764886771,19.4358718043738,2.36540720299119,16.7426848031118,18.2319253890148
Malaysia,MY,MYS,2011,8400.32248683558,28.5754833318036,154.937684607226,20.3369846215943,2.21498336200713,15.390008575173,19.7347795900774
Malaysia,MY,MYS,2012,8710.52671359902,28.0319872073913,147.841754766013,21.4065968461326,2.0441340567163,14.6485051367886,20.9798770041143
Malaysia,MY,MYS,2013,8964.80724896203,27.5117282881922,142.720991464873,20.9471104854243,2.08735802844071,14.5169756601437,20.6021204303102
Malaysia,MY,MYS,2014,9341.73055971278,27.0197793089227,138.312231176843,19.9400646937981,2.06802524368789,14.9120557034558,19.6835443850248
Malaysia,MY,MYS,2015,9648.6797937523,26.5612130042994,131.37007244526,18.6151187858803,1.72121831766999,22.7756756386674,18.2910432040136
Malaysia,MY,MYS,2016,9901.47960179812,26.1411021090386,126.8990100257,16.9977908273231,1.82905644922112,28.9697817070817,16.7638213141114
Malaysia,MY,MYS,2017,10293.762920536201,25.7645193578568,133.155173371956,16.0609680474948,1.87765341098708,28.6565513110129,15.8258190286835
Malaysia,MY,MYS,2018,10610.1950240479,25.4365374854704,130.402625502126,16.0856501545673,1.98463903599141,19.4640840004651,15.9220579344968
Malaysia,MY,MYS,2019,10902.9834855856,25.1622292265958,123.028562027943,17.47921971095,1.45930704601234,18.2279086393613,17.3574598059896
Malaysia,MY,MYS,2020,10171.4657842762,24.9488104424328,116.788182437638,15.8672577102456,1.37382403922663,19.6824693018296,18.4715851445262
Malaysia,MY,MYS,2021,10388.2667120857,24.4911371808093,134.035994690727,15.0934538926416,2.01195760931085,19.3472400065226,17.2542689687307
Malaysia,MY,MYS,2022,11191.6511756943,24.0258642926997,146.424604753908,16.399628113794,1.97516067289994,19.5385992054514,17.8962743152498
Malaysia,MY,MYS,2023,11445.3925275079,23.5565247894261,132.593461641599,17.2673137301998,1.61144783924257,19.7961004448198,17.0088733715367
Malaysia,MY,MYS,2024,11883.79127749,23.0829703351008,137.362571161559,16.7996896751835,1.5910961510694,22.5775465649617,NA
Maldives,MV,MDV,2000,7037.08546104613,72.3961413506242,NA,29.9736752584035,27.5533037787629,12.7042431918936,25.5278386530642
Maldives,MV,MDV,2001,6647.6503820039,71.4500818110762,NA,21.540700403718,26.4046288906624,12.7932960893855,18.5090601821425
Maldives,MV,MDV,2002,7012.25568873173,70.1118318091185,NA,22.4516634732625,25.5349763872491,12.4926210153483,18.3713638738896
Maldives,MV,MDV,2003,7845.29307409315,68.6086643537831,NA,21.807138919784,26.6991242974775,12.900274473925,17.4179398543099
Maldives,MV,MDV,2004,8174.41607301248,67.1458057172296,NA,21.2125787847568,33.3695652173913,13.2344300822562,17.7547329440066
Maldives,MV,MDV,2005,7141.88377049891,65.9284821716176,NA,25.2050911262123,27.2111666921514,8.54540291399987,31.1818398812623
Maldives,MV,MDV,2006,8620.72814678183,65.1321363389621,NA,25.9753657334769,27.5853031270988,8.99962324110931,27.8129295553418
Maldives,MV,MDV,2007,8933.17166363858,64.5659218530255,NA,27.1403567897973,27.691878906924,8.06667816900474,27.4305474874434
Maldives,MV,MDV,2008,9396.49733610486,64.0664878321193,NA,23.7204082645022,33.0285128537131,8.5983652990208,25.6669591949825
Maldives,MV,MDV,2009,8313.4098369723,63.6281727870339,NA,17.6530307303042,32.316593542974,10.6696498802636,29.1970881699897
Maldives,MV,MDV,2010,8569.52494600725,63.2353862237447,NA,19.1468693407657,31.6393745382911,9.77437823196257,25.4405148099364
Maldives,MV,MDV,2011,9005.81391375104,62.8725376482269,NA,21.3217769356971,27.6036340768565,17.7062398209598,22.4031116061657
Maldives,MV,MDV,2012,8907.66134868182,62.524036566456,NA,NA,NA,NA,NA
Maldives,MV,MDV,2013,9213.32791442475,62.1742924844074,NA,NA,NA,NA,NA
Maldives,MV,MDV,2014,9612.07861806739,61.8061140131893,165.97925116043,26.0913186315134,16.047062375568,37.513238495612804,24.6529190782701
Maldives,MV,MDV,2015,9644.90655028145,61.4228489284709,143.720506661302,26.1603223303538,16.5712766203227,37.5557973655297,26.5275502814218
Maldives,MV,MDV,2016,9909.07669723415,61.0439127682185,144.380212278942,26.9559744615757,16.4712176116424,39.3389775362545,24.2042777622576
Maldives,MV,MDV,2017,10263.2991147672,60.67212280857,141.912110574952,26.7077698806284,19.5555191773094,40.0884318340059,20.3517479915771
Maldives,MV,MDV,2018,10793.8941325367,60.3076645571721,142.491128546618,25.6093491335633,20.5937700122607,40.3602167255667,21.9717105537807
Maldives,MV,MDV,2019,11194.9253748064,59.9507235216718,137.125230875185,24.8248361269829,21.6455608294569,39.447763161892,25.4133270384298
Maldives,MV,MDV,2020,7295.60220956454,59.6014852097161,114.361902904327,24.7062436461416,18.7421721336776,32.900172329287,35.3461280144751
Maldives,MV,MDV,2021,9759.2219360708,59.2601351289517,142.607296696261,24.7786698558959,17.6963585628307,42.272062240247,29.475529855381
Maldives,MV,MDV,2022,10939.9963271738,58.9358230309337,162.243432933656,NA,NA,NA,NA
Maldives,MV,MDV,2023,11439.5364342871,58.4903167066027,149.349976177434,NA,NA,NA,NA
Maldives,MV,MDV,2024,11798.791369146,58.0017847282615,156.473955741011,NA,NA,NA,NA
Mali,ML,MLI,2000,682.497420451512,81.022368962675,44.6657609797786,9.27083884850531,11.3333992566694,43.3669844388368,8.00464532486597
Mali,ML,MLI,2001,766.960343250964,80.6818049887335,49.3239069918871,9.28937225530925,11.0371564986135,45.7707356294041,9.26205632181494
Mali,ML,MLI,2002,766.073669039402,80.3207019637269,46.3529227420157,10.2807248430897,11.6367485396397,45.0462122798381,9.82972025195749
Mali,ML,MLI,2003,814.808466518784,79.9405768752015,46.8915346664544,12.8074848192426,10.9912292323466,36.942019484472,10.8810754332601
Mali,ML,MLI,2004,800.501816705242,79.5429467107036,44.0120986426998,13.253631694827,12.144488573869,41.8642573939432,11.4882065051073
Mali,ML,MLI,2005,794.373328212082,79.1293284577795,44.9124085072514,12.8400983894084,12.3524148305231,39.5940600589717,10.7923687144165
Mali,ML,MLI,2006,797.10053288464,78.7012391039754,49.0190773451934,11.9572677916538,3.75233355710297,15.3467657333034,11.2142312993175
Mali,ML,MLI,2007,784.893915013531,78.2601956368378,46.8977916237168,12.6424643024357,11.1353711790393,32.3914718725918,10.9730300147568
Mali,ML,MLI,2008,787.156518982091,77.8077150439129,53.6430193085481,11.8791228849373,8.54584988011887,30.2887247943946,10.28372636033
Mali,ML,MLI,2009,803.486738930068,77.3442044782116,40.5413815808137,12.682245957007,9.90219156424231,29.2142231232951,10.8572542129697
Mali,ML,MLI,2010,821.181286586904,76.8640538175106,48.8166953656891,12.8210566874634,10.0900747156167,30.0366378505794,10.7482018986543
Mali,ML,MLI,2011,818.399030997125,76.3620325960696,43.1814699134793,11.0483409708909,11.071622649712,31.1339676517375,10.2952072862968
Mali,ML,MLI,2012,786.323471337187,75.8393831151412,49.4252356224725,11.6002743898054,11.137233100803,34.8388083460873,10.0822909870513
Mali,ML,MLI,2013,788.819448208696,75.2966373145117,54.603243985999,12.3851747906647,9.48277617512303,29.9664856609537,11.1457457114269
Mali,ML,MLI,2014,813.97566128646,74.7343271339675,51.0786821873053,11.0988519142712,12.9907901114881,37.4018419777024,10.89740565343
Mali,ML,MLI,2015,838.11986940103,74.152984513295,53.5751760102265,12.4996007361261,11.2054655891968,44.3761769356214,10.3240948971986
Mali,ML,MLI,2016,860.75307554569,73.5531413922805,53.6126193604252,13.4432280356057,9.30419627295884,51.0524198954283,10.3159818706394
Mali,ML,MLI,2017,878.561348378099,72.9353297107104,49.4919984941972,14.6018097853478,9.5007299270073,48.1401459854015,10.4967851185142
Mali,ML,MLI,2018,892.978322787306,72.3000814083712,50.6998462523276,10.4186897205088,11.0928820850761,46.4705537846272,10.3689696643132
Mali,ML,MLI,2019,909.751069706998,71.6479284250491,53.9987132798636,13.024065373326,9.87838602343606,43.9301773279468,10.8504280440645
Mali,ML,MLI,2020,872.389426815267,70.9794027005307,56.0415474422019,12.6624125935281,10.7082698989087,39.2732400508482,12.2360084788215
Mali,ML,MLI,2021,872.332509422409,70.2950361746022,56.7150525565465,NA,NA,NA,NA
Mali,ML,MLI,2022,877.817842434642,69.5984294318101,61.5613274861987,NA,NA,NA,NA
Mali,ML,MLI,2023,892.689219532429,68.9968110976765,57.6291572269296,NA,NA,NA,NA
Mali,ML,MLI,2024,910.300376300627,68.3924378817775,49.7664846904175,NA,NA,NA,NA
Malta,MT,MLT,2000,17178.3693621174,6.721661188474,189.601220243957,34.2740339229684,3.43502584802776,33.235960626018,37.8055628060446
Malta,MT,MLT,2001,16920.7229743513,6.6378075985472,161.325358236484,34.9802489769835,3.34853965702036,34.1216505894962,39.7019264748816
Malta,MT,MLT,2002,17255.4217709726,6.5568904087813,162.524076304792,35.6647313473944,4.30195027727584,33.2014455729329,39.0847588596157
Malta,MT,MLT,2003,17775.4180936551,6.47589684197951,154.574162373723,35.8252601878569,3.36718062965351,33.1647417482558,42.3257690863395
Malta,MT,MLT,2004,17728.3576050982,6.3918141209448,155.889918180937,37.0763065281296,0.557072096862961,36.1165107319758,40.4288861442945
Malta,MT,MLT,2005,18123.2601873346,6.3014810063837,157.548497906438,39.282790202804,0.716959643476108,37.1075018568953,40.1639540533547
Malta,MT,MLT,2006,18479.2043785147,6.2013125030459,182.434054006847,39.4790644335242,NA,37.169946332737,40.3005382344666
Malta,MT,MLT,2007,19342.3162783941,6.0881768810454,184.831332722969,38.6643795823416,0.374871312832908,37.4175730719305,39.7010370000858
Malta,MT,MLT,2008,20064.4517895547,5.9705234645011,185.749523071551,37.6475832485171,NA,36.8910089867541,41.6979173890578
Malta,MT,MLT,2009,19635.9067186725,5.8576255509638004,163.556849698349,37.6007203332313,NA,36.0726672870316,40.9596883284848
Malta,MT,MLT,2010,20750.6382477568,5.7587564379846,178.232954637612,37.3521802876116,NA,36.6723108735516,39.6678376742534
Malta,MT,MLT,2011,20867.9213022084,5.68440835771879,192.02734125861,37.9392915880264,NA,36.0402518551833,40.4489553933208
Malta,MT,MLT,2012,21529.3882643778,5.6373743506347,199.213864790311,37.6898665465868,NA,34.7702731465059,39.8705040895979
Malta,MT,MLT,2013,22626.4876843887,5.60934321437939,187.432252396507,37.2635883151533,NA,33.929719737233,38.8602653571455
Malta,MT,MLT,2014,23866.0555833557,5.587487226102,181.301126701735,37.5316177478321,0.946791722495162,34.3798124162573,37.7394748537155
Malta,MT,MLT,2015,25529.6693210673,5.5612303731989,207.196020605057,36.4763651272801,NA,32.9320620105139,35.3561677753131
Malta,MT,MLT,2016,25969.4999809345,5.51999664306641,213.35947198583,36.1052605767814,NA,33.4945699281089,34.4585897163352
Malta,MT,MLT,2017,28546.6464943104,5.43081936696861,213.047591305197,35.6445228209664,NA,32.5909630060649,31.8154668144172
Malta,MT,MLT,2018,29536.7913868949,5.27576267382941,228.098551105175,35.7785564109876,NA,33.2403146710257,32.5918231172505
Malta,MT,MLT,2019,29522.6480165028,5.06679674753561,233.070440941958,34.9804331649424,NA,32.8543809132044,32.7034948207944
Malta,MT,MLT,2020,27861.80732148,4.8158917719737,242.361190373928,32.846224920184,NA,30.8348277689454,39.8534195698233
Malta,MT,MLT,2021,31419.5031714693,4.48546563829549,220.072294790099,32.0141232608187,NA,30.5059264113847,37.1712715130952
Malta,MT,MLT,2022,31447.3917315418,4.3996844867121,244.581535518883,32.5063386860015,NA,31.4620266155794,36.470797562386
Malta,MT,MLT,2023,33429.8172092336,4.3727722852035,221.133296375593,30.7491588927971,NA,31.1843896677132,33.6715285211806
Malta,MT,MLT,2024,34501.7892727094,4.34537355094911,217.730272683658,33.2177881893269,NA,28.3386637173899,NA
Marshall Islands,MH,MHL,2000,3040.59677355737,31.7244015577663,130.083116724792,NA,NA,NA,NA
Marshall Islands,MH,MHL,2001,3224.7911898754,31.3829212490687,118.734360460794,NA,NA,NA,NA
Marshall Islands,MH,MHL,2002,3322.41127856101,30.9619193790674,102.320551682328,NA,NA,NA,NA
Marshall Islands,MH,MHL,2003,3256.97244330835,30.4768734970265,117.024674269896,NA,NA,NA,NA
Marshall Islands,MH,MHL,2004,3234.15265200518,29.9432611522102,114.023100075245,NA,NA,NA,NA
Marshall Islands,MH,MHL,2005,3284.78403267445,29.3765598938826,124.701014492754,NA,NA,NA,NA
Marshall Islands,MH,MHL,2006,3285.12078781351,28.7922472713078,112.408519553073,NA,NA,NA,NA
Marshall Islands,MH,MHL,2007,3403.47842798117,28.2058008337499,114.527707641196,NA,NA,NA,NA
Marshall Islands,MH,MHL,2008,3146.26177205458,27.6326981304731,122.046793997271,21.7213826739427,8.70300577298563,7.92917892923719,62.0000729877217
Marshall Islands,MH,MHL,2009,3262.26955535477,27.0884167107414,128.862235449735,20.3343578042328,7.30976867405845,8.89940443624974,59.7904775132275
Marshall Islands,MH,MHL,2010,3441.31888402121,26.5884341238191,144.804965859714,20.3919515828678,7.64232815265414,9.15712284013565,54.3716201117318
Marshall Islands,MH,MHL,2011,3433.06297801838,26.1446288827415,153.240162507255,20.1760423679629,7.71026263213657,8.99190026809612,54.421923389437
Marshall Islands,MH,MHL,2012,3420.91444796671,25.7294867481076,157.517100166021,19.8588129496403,7.24951200789595,11.0238595593061,53.3502263420033
Marshall Islands,MH,MHL,2013,3602.92811901896,25.3209398193917,161.91974248927,22.064239806867,7.30334067771873,10.2999952910852,54.22419527897
Marshall Islands,MH,MHL,2014,3620.77275283155,24.9209444627823,149.853494623656,23.6097177419355,7.06761947323926,10.8573022698031,49.1885634408602
Marshall Islands,MH,MHL,2015,3764.34426229508,24.5297431792637,138.489820359281,27.2342553075667,7.13142726371291,10.1997255381486,55.378590636908
Marshall Islands,MH,MHL,2016,3946.8444109078,24.1475784698204,116.326362735382,31.3977760158573,6.66712731038807,9.72645894358922,56.4015948795837
Marshall Islands,MH,MHL,2017,4190.93468589482,23.7746928354366,125.145250350959,37.7784815161441,5.8187922871612,8.96151282164657,60.7703738886289
Marshall Islands,MH,MHL,2018,4542.34293916308,23.4113287770965,128.482272727273,32.4854545454545,6.05315173637662,10.4882341908211,61.7302959090909
Marshall Islands,MH,MHL,2019,5162.81500670348,23.057728795784602,153.007728638901,32.8694416555504,6.30893913769721,10.9027057776388,65.2751107771576
Marshall Islands,MH,MHL,2020,5172.57528216176,22.714135392485,107.825971877585,31.277088502895,5.41026584222296,8.38690465763982,59.4431771972105
Marshall Islands,MH,MHL,2021,5455.31704015278,22.3836842568857,120.056192355466,NA,NA,NA,NA
Marshall Islands,MH,MHL,2022,5591.46393193103,22.0144033804813,128.337974710453,NA,NA,NA,NA
Marshall Islands,MH,MHL,2023,5460.11795915213,21.6406071115718,118.181818181818,NA,NA,NA,NA
Marshall Islands,MH,MHL,2024,5832.53435602429,21.2674339755888,118.245614035088,NA,NA,NA,NA
Mauritania,MR,MRT,2000,1307.91078676112,61.9444141457826,58.9403747670668,NA,NA,NA,NA
Mauritania,MR,MRT,2001,1265.81694335882,61.8929236849579,60.7012124604715,NA,NA,NA,NA
Mauritania,MR,MRT,2002,1255.23785465583,61.6099621561792,56.7855296001806,NA,NA,NA,NA
Mauritania,MR,MRT,2003,1311.83928290699,61.1133077680081,55.3180243332438,NA,NA,NA,NA
Mauritania,MR,MRT,2004,1342.01926086998,60.4314424335539,75.2188046787959,NA,NA,NA,NA
Mauritania,MR,MRT,2005,1422.08355395812,59.592848065926,88.2350995596491,NA,NA,NA,NA
Mauritania,MR,MRT,2006,1641.14052210995,58.6260065782336,82.7885012130323,NA,NA,NA,NA
Mauritania,MR,MRT,2007,1567.52103874761,57.5593998835861,86.0640556779132,NA,NA,NA,NA
Mauritania,MR,MRT,2008,1518.05671993749,56.4215098950927,94.1202110004251,NA,NA,NA,NA
Mauritania,MR,MRT,2009,1472.73229282851,55.2408185258629,82.0086176018151,NA,NA,NA,NA
Mauritania,MR,MRT,2010,1463.84763242531,54.0458076890058,93.4207451334608,NA,NA,NA,NA
Mauritania,MR,MRT,2011,1476.23923867862,52.8649592976309,98.485329604158,NA,NA,NA,NA
Mauritania,MR,MRT,2012,1492.69966692583,51.7267552648475,110.788122743421,NA,NA,NA,NA
Mauritania,MR,MRT,2013,1506.66419033006,50.6446026774087,102.398824183169,NA,NA,NA,NA
Mauritania,MR,MRT,2014,1524.45340969502,49.5305208773144,91.610371363604,NA,NA,NA,NA
Mauritania,MR,MRT,2015,1558.84205473416,48.3319649950378,77.3467864944966,NA,NA,NA,NA
Mauritania,MR,MRT,2016,1531.87725661699,47.0814372680054,73.1532616736712,NA,NA,NA,NA
Mauritania,MR,MRT,2017,1580.01453100123,45.8029551497996,78.8149801833884,NA,NA,NA,NA
Mauritania,MR,MRT,2018,1606.91539159026,44.8694922999919,89.1467294935148,NA,NA,NA,NA
Mauritania,MR,MRT,2019,1609.15396170643,43.9403784220854,93.4866941351317,NA,NA,NA,NA
Mauritania,MR,MRT,2020,1557.19511875153,43.0163298941107,86.7761681322741,NA,NA,NA,NA
Mauritania,MR,MRT,2021,1524.11753502309,42.098464858359,88.3068737571235,NA,NA,NA,NA
Mauritania,MR,MRT,2022,1580.70391528747,41.1879003802774,102.025899125696,NA,NA,NA,NA
Mauritania,MR,MRT,2023,1638.99221583023,40.2857535252942,92.1654445146742,NA,NA,NA,NA
Mauritania,MR,MRT,2024,1692.84166088843,39.3931413588171,93.5988355881472,NA,NA,NA,NA
Mauritius,MU,MUS,2000,5724.49584395791,57.936876936712,120.687648773646,20.2219501665372,27.4675221799747,42.6647655259823,19.8253623129901
Mauritius,MU,MUS,2001,5869.56961565396,58.1172785819819,128.05457898019,18.6280895896595,24.8293959148876,42.1725477007067,19.7655970961041
Mauritius,MU,MUS,2002,5923.09482066607,58.3013170061136,118.230470380251,18.946402829128,20.9213576482199,43.325890242214,19.7102368327767
Mauritius,MU,MUS,2003,6228.82545560651,58.4872934748246,108.655579313428,20.0582849340241,19.55585137481,46.1774855563251,19.3890674435909
Mauritius,MU,MUS,2004,6457.90977761094,58.6734459977958,107.027698267505,19.8950467723161,19.9095827705845,46.1766775307524,19.8721935724455
Mauritius,MU,MUS,2005,6533.89994300683,58.8580125847083,121.608743996836,20.1090963211624,19.5958397655749,48.7958083331432,19.8924138059458
Mauritius,MU,MUS,2006,6819.92708580325,59.0392312452433,124.782280192468,18.671102804399,16.8328412817981,48.7156753114897,19.2659605961391
Mauritius,MU,MUS,2007,7180.23173197486,59.2153399890817,118.623600490745,17.7083928116729,13.6282308958779,52.6025654616771,18.0269909490042
Mauritius,MU,MUS,2008,7545.15683789094,59.3845768259046,113.493057748566,20.013221683561,11.4343619246862,52.657385487778,17.7902437162301
Mauritius,MU,MUS,2009,7778.25811331163,59.5451797653931,102.458365840232,22.371939707725,2.17488623571699,50.6630273686224,20.6467268508668
Mauritius,MU,MUS,2010,8100.95282599507,59.6953868172282,111.508202075575,21.8047896406969,2.17614814928958,55.0626120569337,21.7123013522298
Mauritius,MU,MUS,2011,8423.28220250903,59.8334076771284,115.552473002804,21.6164906628483,2.08575901015008,57.1207622785477,20.1217111150886
Mauritius,MU,MUS,2012,8694.84560747968,59.9630488384915,117.447639083027,22.2580372988039,1.84685308939191,58.483395001392,20.0748113544511
Mauritius,MU,MUS,2013,8968.51243536773,60.0891151441229,136.552117959236,21.842864215382,1.63839316247379,58.3881862112718,21.3396545988438
Mauritius,MU,MUS,2014,9297.64820128968,60.2112428028265,135.099064765426,22.1928523296943,1.36342473096384,56.643489803758,21.567955689282
Mauritius,MU,MUS,2015,9630.5437837507,60.3290389382274,133.135069083677,11.0188100861464,1.0999892512371101,54.0049062426237,11.2461686762812
Mauritius,MU,MUS,2016,9997.89198315532,60.4421106739506,126.310008998042,21.9084045678294,1.35140955910005,56.0090653303729,22.7714537130154
Mauritius,MU,MUS,2017,10383.8832682578,60.550065133621104,126.964059884888,21.2662478154621,1.12274349889617,56.7988413690458,21.9284605624956
Mauritius,MU,MUS,2018,10805.4615213739,60.6525094408641,123.538984386544,21.5634109705955,1.19609443129647,58.0876582705711,22.2413273632468
Mauritius,MU,MUS,2019,11111.3423669526,60.7490507193045,127.940899064133,22.0213559491683,1.18234759666765,58.6012063356928,22.5162036099423
Mauritius,MU,MUS,2020,9533.5982796049,60.8392960925675,121.12522550435,23.9102789112507,1.07124997461473,54.7574052838565,31.2543072899706
Mauritius,MU,MUS,2021,9849.34891121846,60.922852684278,135.19300461461,21.2660553753189,1.11851897168371,54.1245643013144,32.5467053831612
Mauritius,MU,MUS,2022,10703.2364271462,60.9999874114216,147.663795034012,23.8407553257005,1.10384086321716,51.1424357854174,28.1928825774011
Mauritius,MU,MUS,2023,11330.7335655767,60.9960098907774,147.321392128852,24.653830048004,1.14405700461403,53.0196001603954,29.1424031344469
Mauritius,MU,MUS,2024,11918.8045212095,60.9837852972083,145.419812647383,24.7072442899272,1.06983372665159,53.2625753043621,NA
Mexico,MX,MEX,2000,9581.96970202823,25.0796886029744,49.9104091872497,11.5528823713743,4.05430411290124,62.1280007895191,12.0964929315521
Mexico,MX,MEX,2001,9398.35074347946,24.7092442432013,44.7401090123173,NA,NA,NA,NA
Mexico,MX,MEX,2002,9242.27886122367,24.3159247171006,45.209829259652,NA,NA,NA,NA
Mexico,MX,MEX,2003,9221.99666685464,23.953829659449,48.7004168690455,NA,NA,NA,NA
Mexico,MX,MEX,2004,9421.28976132695,23.6725602580981,52.0406200335632,NA,NA,NA,NA
Mexico,MX,MEX,2005,9491.51730268004,23.5251375619731,52.5626446570451,NA,NA,NA,NA
Mexico,MX,MEX,2006,9813.82804186659,23.5017544316343,54.4821160886169,NA,NA,NA,NA
Mexico,MX,MEX,2007,9877.69532636562,23.4952673765239,55.2585243990368,NA,NA,NA,NA
Mexico,MX,MEX,2008,9826.34218448486,23.4909571728967,56.3652818731773,19.7297455421069,1.4867415144191,21.7907172987415,NA
Mexico,MX,MEX,2009,9074.11881448129,23.4856069959705,54.5917421356323,16.883171913489,1.47368192231204,24.6210074541522,20.5779680790655
Mexico,MX,MEX,2010,9389.06722076504,23.4755558585287,59.2733845336286,17.2660921775704,1.1006572042571099,25.5309652024863,20.4815497546695
Mexico,MX,MEX,2011,9575.93437734618,23.4332197720463,62.1623872764498,18.1690562712129,1.07946381599869,23.0299762226828,20.8740737970003
Mexico,MX,MEX,2012,9782.51776251839,23.3414800859266,64.2579318938989,17.9381165856887,1.05070741176662,22.9847172833067,20.9324326030644
Mexico,MX,MEX,2013,9738.71059661101,23.2044231922048,62.6916747661852,18.0538404139904,1.05605642476601,21.4096410470941,20.6909750829168
Mexico,MX,MEX,2014,9862.4812534745,23.0258632908234,64.0984090315875,17.6885991082662,1.14788131264502,25.4097865558331,20.997176363174
Mexico,MX,MEX,2015,10021.2386113616,22.8096145817247,70.4129746799259,18.36819687242,1.28402745684464,30.1688863872617,20.8689511528107
Mexico,MX,MEX,2016,10100.5021195819,22.5594912648514,75.6903034088551,19.1915888785393,1.30191062091723,30.3955333763944,20.3281994162596
Mexico,MX,MEX,2017,10193.7727188313,22.2793075401459,76.95212604414,19.4469058471141,1.22699361864329,27.2451029390959,19.8664920937012
Mexico,MX,MEX,2018,10296.8690940459,21.9728776075506,80.212661650262,18.334242739213,1.51654794237112,29.061421072638,19.8697097082398
Mexico,MX,MEX,2019,10159.4448367696,21.644015667008,77.4619722509459,18.5191670610515,1.42492791764381,30.3400806145123,19.8103353495765
Mexico,MX,MEX,2020,9234.64362226594,21.322039397176,76.8545557151738,18.6445328321225,1.31903129771378,32.5719687929162,21.6980704265989
Mexico,MX,MEX,2021,9728.05680024504,21.0675992581943,83.0692976264524,18.3430886466271,1.5769812245324,31.5382677166403,20.8923836603349
Mexico,MX,MEX,2022,10013.2479227064,20.800316784209,88.7984855897261,19.2711611455968,1.68513148695769,26.3049041722049,22.3057833172693
Mexico,MX,MEX,2023,10234.6840265651,20.5265064251954,73.7390758255664,19.0864675810305,1.68868225003555,30.299267657593,22.4594139014718
Mexico,MX,MEX,2024,10284.0336925726,20.2461194023882,75.4259015415068,19.4336463996755,2.1497611210286802,31.716375223543402,NA
"Micronesia, Fed. Sts.",FM,FSM,2000,2735.1956569283,77.6700000762939,91.8922308820609,NA,NA,NA,NA
"Micronesia, Fed. Sts.",FM,FSM,2001,2777.02466489199,77.6700000762939,97.2977866445674,NA,NA,NA,NA
"Micronesia, Fed. Sts.",FM,FSM,2002,2787.27413276067,77.6700000762939,91.7298782306905,NA,NA,NA,NA
"Micronesia, Fed. Sts.",FM,FSM,2003,2840.52449068865,77.6700000762939,96.7006004152731,NA,NA,NA,NA
"Micronesia, Fed. Sts.",FM,FSM,2004,2758.74590390098,77.6700000762939,95.5259467576583,NA,NA,NA,NA
"Micronesia, Fed. Sts.",FM,FSM,2005,2847.48229525537,77.6700000762939,93.9271255060729,NA,NA,NA,NA
"Micronesia, Fed. Sts.",FM,FSM,2006,2853.20713732847,77.6724859579992,96.8,NA,NA,NA,NA
"Micronesia, Fed. Sts.",FM,FSM,2007,2827.53072106163,77.6791675460118,100.395256916996,NA,NA,NA,NA
"Micronesia, Fed. Sts.",FM,FSM,2008,2779.82971113098,77.6888807546768,109.961685823755,13.0928379310345,6.6239869631635,5.71586081411732,18.3649898199234
"Micronesia, Fed. Sts.",FM,FSM,2009,2841.46745946079,77.7004614983394,110.108303249097,12.9423454873646,5.15755894889915,4.48521701290611,16.8533689530686
"Micronesia, Fed. Sts.",FM,FSM,2010,2901.24604798215,77.7096470124862,107.534246575342,12.3983301369863,4.75000158534661,4.12716807180821,17.0597653356164
"Micronesia, Fed. Sts.",FM,FSM,2011,3006.53976237006,77.7085335864528,108.116883116883,12.1586165584416,4.55627748533175,4.53802477125381,15.8494347402597
"Micronesia, Fed. Sts.",FM,FSM,2012,2952.58709656817,77.7057431211575,112.654320987654,14.6503648148148,3.68559437407188,4.1910113618774,17.6189037037037
"Micronesia, Fed. Sts.",FM,FSM,2013,2837.15746729135,77.7013676038854,114.331210191083,17.9706350318471,4.03092666597503,4.84043351737437,18.3824363057325
"Micronesia, Fed. Sts.",FM,FSM,2014,2757.39654878889,77.6953806877521,106.645569620253,28.9859496835443,3.32844996431721,3.90166630720862,18.2876761993671
"Micronesia, Fed. Sts.",FM,FSM,2015,2869.86276169101,77.6877663900589,106.410256410256,28.7821371794872,3.8966583071721,3.91472652518386,20.9498967275641
"Micronesia, Fed. Sts.",FM,FSM,2016,2896.4728224546802,77.6785103862445,100.611620795107,27.5808131498471,3.94474490273779,3.42901477449314,22.522422324159
"Micronesia, Fed. Sts.",FM,FSM,2017,2945.60147384462,77.667598810458,102.216066481994,31.8813689750693,3.43242634285942,2.7680390178959,22.513560378558
"Micronesia, Fed. Sts.",FM,FSM,2018,2946.05827846428,77.6550179644567,105.837563451777,45.5883505076142,2.96037744394711,2.76622839020968,21.9401586716119
"Micronesia, Fed. Sts.",FM,FSM,2019,3043.07718989012,77.640754222919,106.582278481013,40.0142159493671,3.24854577444635,2.89530422649797,23.6459227737851
"Micronesia, Fed. Sts.",FM,FSM,2020,2963.44360529022,77.6247939963402,93.858263831289,29.7040142106775,4.49650143111364,3.40190098825153,23.4257647968716
"Micronesia, Fed. Sts.",FM,FSM,2021,3035.92251779232,77.6071237144589,90.3979270784948,NA,NA,NA,NA
"Micronesia, Fed. Sts.",FM,FSM,2022,2928.52464245951,77.5877298180947,104.760485019371,NA,NA,NA,NA
"Micronesia, Fed. Sts.",FM,FSM,2023,2948.07720975276,77.5665987548097,95.2648407722683,NA,NA,NA,NA
"Micronesia, Fed. Sts.",FM,FSM,2024,3001.79669747008,77.5437169764579,96.4413755948864,NA,NA,NA,NA
"Middle East, North Africa, Afghanistan & Pakistan",ZQ,MEA,2000,4011.77398465932,51.3005779794155,64.9508111140151,NA,NA,NA,NA
"Middle East, North Africa, Afghanistan & Pakistan",ZQ,MEA,2001,3997.88013509715,50.9836294644265,66.2359352033237,NA,NA,NA,NA
"Middle East, North Africa, Afghanistan & Pakistan",ZQ,MEA,2002,3990.90379834447,50.7270931075735,67.5128010864006,NA,NA,NA,NA
"Middle East, North Africa, Afghanistan & Pakistan",ZQ,MEA,2003,4079.82924310156,50.4816426112291,72.9628262414907,NA,NA,NA,NA
"Middle East, North Africa, Afghanistan & Pakistan",ZQ,MEA,2004,4300.88224696943,50.1920115482339,76.8545675461538,NA,NA,NA,NA
"Middle East, North Africa, Afghanistan & Pakistan",ZQ,MEA,2005,4421.56714645457,49.8956920815872,80.8326117270734,NA,NA,NA,NA
"Middle East, North Africa, Afghanistan & Pakistan",ZQ,MEA,2006,4574.7429671738,49.6204023086937,81.2164460876466,NA,NA,NA,NA
"Middle East, North Africa, Afghanistan & Pakistan",ZQ,MEA,2007,4700.75513970204,49.3198670129095,83.7277310848237,NA,NA,NA,NA
"Middle East, North Africa, Afghanistan & Pakistan",ZQ,MEA,2008,4792.09091697074,49.013864974301796,85.7327494942054,NA,NA,NA,NA
"Middle East, North Africa, Afghanistan & Pakistan",ZQ,MEA,2009,4733.21861400545,48.7222096436143,78.273524075421,NA,NA,NA,NA
"Middle East, North Africa, Afghanistan & Pakistan",ZQ,MEA,2010,4856.62716897561,48.503448556839,75.9740400647511,NA,NA,NA,NA
"Middle East, North Africa, Afghanistan & Pakistan",ZQ,MEA,2011,4930.78647700097,48.1571730277512,78.2225231237926,NA,NA,NA,NA
"Middle East, North Africa, Afghanistan & Pakistan",ZQ,MEA,2012,5027.92406494544,47.6558094854163,79.8059152236108,NA,NA,NA,NA
"Middle East, North Africa, Afghanistan & Pakistan",ZQ,MEA,2013,5037.81336990196,47.0605753103624,78.8425781479977,NA,NA,NA,NA
"Middle East, North Africa, Afghanistan & Pakistan",ZQ,MEA,2014,5091.0962863676,46.6775082607425,76.8005490635889,NA,NA,NA,NA
"Middle East, North Africa, Afghanistan & Pakistan",ZQ,MEA,2015,5130.25978607342,46.3607367648642,72.2907785951083,NA,NA,NA,NA
"Middle East, North Africa, Afghanistan & Pakistan",ZQ,MEA,2016,5264.32028463837,46.0973624309938,68.0044137925242,NA,NA,NA,NA
"Middle East, North Africa, Afghanistan & Pakistan",ZQ,MEA,2017,5284.96625263466,45.9072386043539,70.8332724780908,NA,NA,NA,NA
"Middle East, North Africa, Afghanistan & Pakistan",ZQ,MEA,2018,5326.92749664004,45.7555346737517,73.0683551775496,NA,NA,NA,NA
"Middle East, North Africa, Afghanistan & Pakistan",ZQ,MEA,2019,5321.15148636731,45.5595919112788,71.365230706302,NA,NA,NA,NA
"Middle East, North Africa, Afghanistan & Pakistan",ZQ,MEA,2020,5038.99715364181,45.3187759877356,67.1468231229496,NA,NA,NA,NA
"Middle East, North Africa, Afghanistan & Pakistan",ZQ,MEA,2021,5215.44015006661,45.1811431824526,70.9546601141757,NA,NA,NA,NA
"Middle East, North Africa, Afghanistan & Pakistan",ZQ,MEA,2022,5446.99294793607,44.87463619644,78.0406746623736,NA,NA,NA,NA
"Middle East, North Africa, Afghanistan & Pakistan",ZQ,MEA,2023,5463.85312225795,44.5695448773441,77.2958898928231,NA,NA,NA,NA
"Middle East, North Africa, Afghanistan & Pakistan",ZQ,MEA,2024,5485.38728777077,44.3045496668149,61.0598278907482,NA,NA,NA,NA
"Middle East, North Africa, Afghanistan & Pakistan (excluding high income)",XQ,MNA,2000,2325.17423873793,53.6852116646627,55.32408262184,NA,NA,NA,NA
"Middle East, North Africa, Afghanistan & Pakistan (excluding high income)",XQ,MNA,2001,2340.6562424534,53.4050231816095,54.9794613057826,NA,NA,NA,NA
"Middle East, North Africa, Afghanistan & Pakistan (excluding high income)",XQ,MNA,2002,2365.65618222895,53.1890636707227,57.1011027766138,NA,NA,NA,NA
"Middle East, North Africa, Afghanistan & Pakistan (excluding high income)",XQ,MNA,2003,2376.11302385758,52.9820565916483,63.3348692145527,NA,NA,NA,NA
"Middle East, North Africa, Afghanistan & Pakistan (excluding high income)",XQ,MNA,2004,2501.78844532817,52.7253773379298,63.8299245742185,NA,NA,NA,NA
"Middle East, North Africa, Afghanistan & Pakistan (excluding high income)",XQ,MNA,2005,2566.78208916082,52.4680699515317,67.1395660274526,NA,NA,NA,NA
"Middle East, North Africa, Afghanistan & Pakistan (excluding high income)",XQ,MNA,2006,2644.5849569840602,52.2487339947804,64.1268719345594,NA,6.24752736384017,32.3615504391752,NA
"Middle East, North Africa, Afghanistan & Pakistan (excluding high income)",XQ,MNA,2007,2738.10877611324,52.0268928955324,63.0367813426763,NA,6.68126652869388,33.9647260299362,NA
"Middle East, North Africa, Afghanistan & Pakistan (excluding high income)",XQ,MNA,2008,2772.41082301408,51.7969220879637,64.6820186830995,NA,5.91360619672392,32.402272295521,NA
"Middle East, North Africa, Afghanistan & Pakistan (excluding high income)",XQ,MNA,2009,2788.71696885337,51.5626559609108,57.2577854041112,NA,6.00145828536342,33.144828702978,NA
"Middle East, North Africa, Afghanistan & Pakistan (excluding high income)",XQ,MNA,2010,2860.92140660337,51.3097703755222,55.1926352107095,NA,NA,NA,NA
"Middle East, North Africa, Afghanistan & Pakistan (excluding high income)",XQ,MNA,2011,2791.2438124294,50.9955452430602,53.6210169396975,NA,NA,NA,NA
"Middle East, North Africa, Afghanistan & Pakistan (excluding high income)",XQ,MNA,2012,2833.14222876831,50.5309049221024,53.7902463882684,NA,NA,NA,NA
"Middle East, North Africa, Afghanistan & Pakistan (excluding high income)",XQ,MNA,2013,2810.83533998643,49.9809738718393,53.5205479974748,NA,NA,NA,NA
"Middle East, North Africa, Afghanistan & Pakistan (excluding high income)",XQ,MNA,2014,2825.61617270762,49.6243573447419,51.0175092414005,NA,NA,NA,NA
"Middle East, North Africa, Afghanistan & Pakistan (excluding high income)",XQ,MNA,2015,2808.6233441937,49.3807851703507,46.8158395636334,NA,NA,NA,NA
"Middle East, North Africa, Afghanistan & Pakistan (excluding high income)",XQ,MNA,2016,2916.70744518601,49.1726381175278,43.2297330579095,NA,NA,NA,NA
"Middle East, North Africa, Afghanistan & Pakistan (excluding high income)",XQ,MNA,2017,2965.75725456964,48.9787108670172,48.1154433116357,NA,NA,NA,NA
"Middle East, North Africa, Afghanistan & Pakistan (excluding high income)",XQ,MNA,2018,2975.07985684262,48.7721673695485,54.4511655444978,NA,NA,NA,NA
"Middle East, North Africa, Afghanistan & Pakistan (excluding high income)",XQ,MNA,2019,2963.20718256898,48.538407087875,51.6201392609727,NA,NA,NA,NA
"Middle East, North Africa, Afghanistan & Pakistan (excluding high income)",XQ,MNA,2020,2835.4044930412,48.3103142725075,44.4596178295708,NA,NA,NA,NA
"Middle East, North Africa, Afghanistan & Pakistan (excluding high income)",XQ,MNA,2021,2908.15343616643,48.0842112566405,49.3831362501559,NA,NA,NA,NA
"Middle East, North Africa, Afghanistan & Pakistan (excluding high income)",XQ,MNA,2022,2982.78335555639,47.8306710067978,57.6424669457763,NA,NA,NA,NA
"Middle East, North Africa, Afghanistan & Pakistan (excluding high income)",XQ,MNA,2023,3016.25210020449,47.5766087345707,56.1774153986252,NA,NA,NA,NA
"Middle East, North Africa, Afghanistan & Pakistan (excluding high income)",XQ,MNA,2024,3032.00524250795,47.3581694837017,56.0097175246672,NA,NA,NA,NA
"Middle East, North Africa, Afghanistan & Pakistan (IDA & IBRD)",T3,TMN,2000,2324.47374187732,53.8487974546947,55.0242284723931,NA,NA,NA,NA
"Middle East, North Africa, Afghanistan & Pakistan (IDA & IBRD)",T3,TMN,2001,2341.85548813008,53.5779877859203,54.7219986683415,NA,NA,NA,NA
"Middle East, North Africa, Afghanistan & Pakistan (IDA & IBRD)",T3,TMN,2002,2369.04863370009,53.3726837264285,56.9233915446225,NA,NA,NA,NA
"Middle East, North Africa, Afghanistan & Pakistan (IDA & IBRD)",T3,TMN,2003,2378.2687729575,53.1764972875136,63.2136487525393,NA,NA,NA,NA
"Middle East, North Africa, Afghanistan & Pakistan (IDA & IBRD)",T3,TMN,2004,2502.27907345539,52.9297225883667,63.6694549611932,NA,NA,NA,NA
"Middle East, North Africa, Afghanistan & Pakistan (IDA & IBRD)",T3,TMN,2005,2566.36310130843,52.6811851389399,66.9846349037387,NA,NA,NA,NA
"Middle East, North Africa, Afghanistan & Pakistan (IDA & IBRD)",T3,TMN,2006,2645.26623060397,52.4690833097689,63.9551102574245,NA,6.24752736384017,32.3615504391752,NA
"Middle East, North Africa, Afghanistan & Pakistan (IDA & IBRD)",T3,TMN,2007,2739.2081362149,52.2520560874005,62.7680358337903,NA,6.68126652869388,33.9647260299362,NA
"Middle East, North Africa, Afghanistan & Pakistan (IDA & IBRD)",T3,TMN,2008,2772.98146343357,52.0251932825427,64.5416609772854,NA,5.91360619672392,32.402272295521,NA
"Middle East, North Africa, Afghanistan & Pakistan (IDA & IBRD)",T3,TMN,2009,2788.38392625619,51.7931153484111,57.0880668926509,NA,6.00145828536342,33.144828702978,NA
"Middle East, North Africa, Afghanistan & Pakistan (IDA & IBRD)",T3,TMN,2010,2860.48869374477,51.5420787686384,55.0664374845926,NA,NA,NA,NA
"Middle East, North Africa, Afghanistan & Pakistan (IDA & IBRD)",T3,TMN,2011,2789.01231595172,51.2290802865952,53.4917508147271,NA,NA,NA,NA
"Middle East, North Africa, Afghanistan & Pakistan (IDA & IBRD)",T3,TMN,2012,2830.4473285746,50.7645245588695,53.6656225417668,NA,NA,NA,NA
"Middle East, North Africa, Afghanistan & Pakistan (IDA & IBRD)",T3,TMN,2013,2807.49675855009,50.2138921912181,53.3997897262907,NA,NA,NA,NA
"Middle East, North Africa, Afghanistan & Pakistan (IDA & IBRD)",T3,TMN,2014,2822.91033070601,49.8575685777688,50.8591376770535,NA,NA,NA,NA
"Middle East, North Africa, Afghanistan & Pakistan (IDA & IBRD)",T3,TMN,2015,2805.48695611112,49.614892283616,46.5888738607617,NA,NA,NA,NA
"Middle East, North Africa, Afghanistan & Pakistan (IDA & IBRD)",T3,TMN,2016,2912.85149131795,49.4075823234845,43.0195526643715,NA,NA,NA,NA
"Middle East, North Africa, Afghanistan & Pakistan (IDA & IBRD)",T3,TMN,2017,2962.3615987999,49.2133428563918,47.9228742230016,NA,NA,NA,NA
"Middle East, North Africa, Afghanistan & Pakistan (IDA & IBRD)",T3,TMN,2018,2972.03291109214,49.0082843485277,54.2906367333293,NA,NA,NA,NA
"Middle East, North Africa, Afghanistan & Pakistan (IDA & IBRD)",T3,TMN,2019,2960.32844444325,48.7765668853947,51.4556020560939,NA,NA,NA,NA
"Middle East, North Africa, Afghanistan & Pakistan (IDA & IBRD)",T3,TMN,2020,2834.79641974013,48.5504637173202,44.2460732794613,NA,NA,NA,NA
"Middle East, North Africa, Afghanistan & Pakistan (IDA & IBRD)",T3,TMN,2021,2907.14478110535,48.3264245383914,49.1614362771883,NA,NA,NA,NA
"Middle East, North Africa, Afghanistan & Pakistan (IDA & IBRD)",T3,TMN,2022,2981.95267795857,48.074724442796,57.410925835179,NA,NA,NA,NA
"Middle East, North Africa, Afghanistan & Pakistan (IDA & IBRD)",T3,TMN,2023,3016.3878622000602,47.8223290781357,55.9898772984083,NA,NA,NA,NA
"Middle East, North Africa, Afghanistan & Pakistan (IDA & IBRD)",T3,TMN,2024,3037.56299208501,47.6058035603726,55.8354753976199,NA,NA,NA,NA
Middle income,XP,MIC,2000,2284.57379722884,59.5656980770799,46.2927244997467,NA,NA,NA,NA
Middle income,XP,MIC,2001,2333.7499198409,58.9270256865832,45.7402288118415,NA,NA,NA,NA
Middle income,XP,MIC,2002,2409.04026387917,58.227370816516,48.1160132442208,NA,10.5724468176892,33.7110508999419,NA
Middle income,XP,MIC,2003,2515.39133887836,57.5158535499394,52.6407302060299,NA,8.57219346443214,34.344404150641,NA
Middle income,XP,MIC,2004,2675.18961309519,56.8569926939147,57.9417075252961,NA,8.29337442241257,37.0027592333264,NA
Middle income,XP,MIC,2005,2835.73705982702,56.1980304824703,59.6157686701552,12.6126936705798,8.02443040372127,36.0972099880179,NA
Middle income,XP,MIC,2006,3031.32395605497,55.5119543870397,60.4911729544666,13.4011498065804,7.02472937601199,35.8916892994696,NA
Middle income,XP,MIC,2007,3259.67210709256,54.7873619852539,59.3383393432996,17.6760285315437,6.5792086315696,35.885159789485,NA
Middle income,XP,MIC,2008,3410.31647387697,54.1774730893733,58.8457863475941,15.5573534912988,6.32472886865175,34.1552170134329,NA
Middle income,XP,MIC,2009,3501.39817047288,53.5024642915193,49.1221641095316,15.0611298947217,5.97121838978546,33.5077845557138,NA
Middle income,XP,MIC,2010,3738.48355881277,52.9596966516081,52.1255969627647,16.0141036609136,6.12520642546164,32.7902700788581,NA
Middle income,XP,MIC,2011,3930.18409635282,51.9952286232934,54.0000316898373,16.0350318686406,5.49256220168839,34.6103767515076,NA
Middle income,XP,MIC,2012,4099.73864141949,51.3746484209462,53.2745720819533,16.1623323945437,5.6506341135271,34.7152130988199,NA
Middle income,XP,MIC,2013,4276.70136715966,50.6852772313827,51.9151583785186,16.0163864410176,4.55758812907278,35.3733776477289,NA
Middle income,XP,MIC,2014,4441.95318528448,50.0273046930972,50.3358181754801,18.2264116020689,4.98377536958447,33.5134409504313,NA
Middle income,XP,MIC,2015,4597.60474958281,49.3142521246527,46.6285407470635,18.3888794413277,5.30910195671158,34.5653569377344,NA
Middle income,XP,MIC,2016,4758.47326248274,48.6702176676111,44.4639809714772,18.1067976854577,4.82295564695482,35.5288154381567,NA
Middle income,XP,MIC,2017,4954.25658592079,48.0679514639334,45.83238971325,18.0082468017771,4.86966100387646,36.464960953038,NA
Middle income,XP,MIC,2018,5143.80804206815,47.4531670151759,47.9992304684682,18.5188958254355,4.56624479251273,37.1849652172223,NA
Middle income,XP,MIC,2019,5300.45479347584,46.8983630514965,46.1634221530883,18.9307309236189,4.35593062230809,35.2966753194602,NA
Middle income,XP,MIC,2020,5189.15700851441,46.456269551662,43.4244387758133,17.2531079590363,4.67539872417742,35.9689118629703,NA
Middle income,XP,MIC,2021,5529.07594077267,45.9187052337994,48.5808482414615,17.8314562579705,4.44980915042628,35.8726614844466,NA
Middle income,XP,MIC,2022,5707.56983867332,45.5673112484877,52.1324902381454,17.4213572725759,4.38236800534719,33.8447903303607,NA
Middle income,XP,MIC,2023,5930.65300014784,45.2579916708766,48.5426145637276,18.5959938829777,4.40201945819278,34.1125613945358,NA
Middle income,XP,MIC,2024,6143.92793992414,44.9339164532248,48.8661070059471,18.5252727297278,NA,NA,NA
Moldova,MD,MDA,2000,1346.9156717656101,59.5814018249512,126.163100130478,24.5025486970365,5.25344992485312,45.2657466867058,28.9252674761688
Moldova,MD,MDA,2001,1432.2768928234,60.3255729675293,124.500739599353,21.2434370760019,5.21636436561344,43.7876019430456,22.279049384535
Moldova,MD,MDA,2002,1547.57421231612,60.379280090332,129.839525501535,24.798435953977,5.87871724235361,41.996891996892,NA
Moldova,MD,MDA,2003,1654.36629303195,60.4054641723633,140.056529925052,26.7091494985336,6.46079600910964,45.6051404402993,22.2165900286035
Moldova,MD,MDA,2004,1781.19145323724,60.5539054870605,132.69906968032,28.7824675324675,5.28826146803675,47.6092918040484,27.2583666333666
Moldova,MD,MDA,2005,1919.44550763748,60.6295967102051,143.023568469138,31.6891532986296,5.50271520838019,47.2550689245204,29.3182301072984
Moldova,MD,MDA,2006,2017.17730062908,60.7817611694336,137.154763819994,33.3085310810207,4.14925334270723,50.0331992344647,31.8666487911695
Moldova,MD,MDA,2007,2082.51260097669,60.5684967041016,142.720539023021,34.2478008609395,4.67156315693857,48.9221665671797,32.409507767172
Moldova,MD,MDA,2008,2249.22589719372,60.6289291381836,134.4216013477,34.3609548329678,5.07744202885753,50.3028804549388,32.7791551444646
Moldova,MD,MDA,2009,2116.94357544097,60.6744651794434,110.363326850495,32.614867203853,4.34868030131682,45.9838799332963,38.0409977507291
Moldova,MD,MDA,2010,2269.51116145996,60.7195053100586,87.9378518951573,26.3316147487522,4.38163146111165,47.7923521204452,29.1436569247624
Moldova,MD,MDA,2011,2402.94446306051,60.6530838012695,98.6175965326556,25.6061350063637,4.39098494636468,50.6912459554758,27.3599576796909
Moldova,MD,MDA,2012,2389.08666147529,60.6385803222656,96.3064098336294,26.1270875543098,4.42724554092234,49.5266477853448,27.8544262189137
Moldova,MD,MDA,2013,2605.85029986142,60.5724487304688,95.6872968332383,25.0976989210718,4.40163865689767,50.5384025269357,27.1282700817793
Moldova,MD,MDA,2014,2737.80185056647,60.3701515197754,94.2282919690928,26.2499864887658,3.78723525851342,47.0761213764869,29.3674215047913
Moldova,MD,MDA,2015,2749.55137054338,60.3045959472656,88.9664154565323,26.1932303744659,3.30597230380201,46.2778878413492,28.3300680569036
Moldova,MD,MDA,2016,2910.95486872376,60.2626762390137,89.0046837188671,25.7144155907706,3.44250362175376,47.355230618579,26.6745413540011
Moldova,MD,MDA,2017,3085.33305844263,60.0263442993164,88.6233902754378,27.5460176684531,3.21507738130119,48.5438089907393,27.2406325954008
Moldova,MD,MDA,2018,3267.9961042872,59.6741905212402,87.4467874275648,28.2132967058371,3.10192133655604,47.4405145413037,27.7835978216092
Moldova,MD,MDA,2019,3438.67732670712,59.227710723877,87.6322371148906,27.6442061685764,3.06989018792494,47.2972027196113,28.2718051226835
Moldova,MD,MDA,2020,3188.91691602699,58.6631469726562,79.265722119158,28.730607144958,2.99678589585613,47.4248390793703,32.7222723725292
Moldova,MD,MDA,2021,3688.16729442144,58.1884574890137,88.4708865399267,28.6306561988997,3.14616908878397,48.2038348910571,29.9554323731733
Moldova,MD,MDA,2022,3610.14315344719,57.5951156616211,112.117671579766,29.3139159206351,3.22202881322351,45.4356655628202,32.2453730893208
Moldova,MD,MDA,2023,3758.3688194082,56.9988174438477,93.9946211488052,29.4018819805652,2.97871889664523,44.3649036577227,34.4725442262112
Moldova,MD,MDA,2024,3855.56940382925,56.483528137207,88.8924378793564,NA,NA,NA,NA
Monaco,MC,MCO,2000,120456.449755199,0,NA,NA,NA,NA,NA
Monaco,MC,MCO,2001,123122.065080301,0,NA,NA,NA,NA,NA
Monaco,MC,MCO,2002,124481.821747795,0,NA,NA,NA,NA,NA
Monaco,MC,MCO,2003,126022.179894764,0,NA,NA,NA,NA,NA
Monaco,MC,MCO,2004,129403.344170518,0,NA,NA,NA,NA,NA
Monaco,MC,MCO,2005,132253.156279139,0,NA,NA,NA,NA,NA
Monaco,MC,MCO,2006,140615.112736683,0,NA,NA,NA,NA,NA
Monaco,MC,MCO,2007,162028.404533603,0,NA,NA,NA,NA,NA
Monaco,MC,MCO,2008,163243.675530457,0,NA,NA,NA,NA,NA
Monaco,MC,MCO,2009,142375.465128834,0,NA,NA,NA,NA,NA
Monaco,MC,MCO,2010,141814.720026733,0,NA,NA,NA,NA,NA
Monaco,MC,MCO,2011,148272.642343465,0,NA,NA,NA,NA,NA
Monaco,MC,MCO,2012,146472.609057682,0,NA,NA,NA,NA,NA
Monaco,MC,MCO,2013,157167.901201149,0,NA,NA,NA,NA,NA
Monaco,MC,MCO,2014,165288.122704322,0,NA,NA,NA,NA,NA
Monaco,MC,MCO,2015,170437.021128628,0,NA,NA,NA,NA,NA
Monaco,MC,MCO,2016,173120.108465128,0,NA,NA,NA,NA,NA
Monaco,MC,MCO,2017,165781.701248644,0,NA,NA,NA,NA,NA
Monaco,MC,MCO,2018,173041.679774743,0,NA,NA,NA,NA,NA
Monaco,MC,MCO,2019,185582.66851648,0,NA,NA,NA,NA,NA
Monaco,MC,MCO,2020,161262.850134167,0,NA,NA,NA,NA,NA
Monaco,MC,MCO,2021,194674.686164262,0,NA,NA,NA,NA,NA
Monaco,MC,MCO,2022,214359.505134575,0,NA,NA,NA,NA,NA
Monaco,MC,MCO,2023,225884.077199125,0,NA,NA,NA,NA,NA
Monaco,MC,MCO,2024,247170.10380708,0,NA,NA,NA,NA,NA
Mongolia,MN,MNG,2000,1598.31282040605,43.2694552925504,121.886609754208,24.3569349126739,7.35656900122686,36.021991214068,22.3891425330131
Mongolia,MN,MNG,2001,1625.46152259484,42.7844086124388,115.81832687888,25.4218371645729,7.44262665384817,40.0353151505301,22.0512835296387
Mongolia,MN,MNG,2002,1680.65335337555,41.8689879517967,118.517253113943,24.7590421508933,6.09899306812115,33.8761970834248,21.6971437186794
Mongolia,MN,MNG,2003,1775.64906676137,40.6453013436764,120.299393514881,30.2400450846755,5.66100554027768,35.4091763111501,24.6004106301586
Mongolia,MN,MNG,2004,1942.36263694017,39.2170005412329,131.329318233554,NA,NA,NA,NA
Mongolia,MN,MNG,2005,2060.26168223171,37.6877372976211,122.381459889773,NA,NA,NA,NA
Mongolia,MN,MNG,2006,2209.74321787628,36.1611633659961,112.929983096983,37.6864723040851,4.72770904226369,33.3772934009436,23.3478937557306
Mongolia,MN,MNG,2007,2403.72416258662,34.7409304995127,117.880426425377,37.5832926622921,5.34520164645244,20.4324821107905,23.2066924853967
Mongolia,MN,MNG,2008,2576.71295838607,33.5306904513258,121.198013401183,30.8159736345986,7.40853347678886,25.2711853618382,25.4611680065912
Mongolia,MN,MNG,2009,2498.72967493254,32.6340949745905,107.813757166177,26.8311781332715,6.10019662889937,30.157853850021,26.4585125883965
Mongolia,MN,MNG,2010,2611.67326563924,32.1701981686746,103.350031656557,29.0280155715086,6.44376932967057,28.5429829316243,22.9057961964451
Mongolia,MN,MNG,2011,3010.81642672623,32.0803941201324,126.999228633482,28.5930240405597,8.49100817084133,36.2378086545224,24.4306901415433
Mongolia,MN,MNG,2012,3318.16496597089,32.0477217462215,109.588564338415,25.6174161277785,7.09428246052592,35.678667793975,27.0748266010603
Mongolia,MN,MNG,2013,3628.90708069575,32.0223249944085,100.311989662943,27.6871274568143,7.04963067374007,36.2028541959938,23.6688195949134
Mongolia,MN,MNG,2014,3830.35892049593,32.005864277037396,109.322311877187,25.155191062282,6.1550992146552,32.5863473166967,23.7332236614954
Mongolia,MN,MNG,2015,3838.92126989984,32.0000000093905,89.653663477814,22.8150159606259,5.90756669841398,31.4740294186796,24.313084296183
Mongolia,MN,MNG,2016,3817.91962716702,32.0223245179021,101.055237224997,21.1456921237602,6.08505493849827,34.272878914929,27.3985619685378
Mongolia,MN,MNG,2017,3956.2049437134,32.0739416776328,115.932901867963,24.8214247022326,7.9952620734495,30.9133751799936,23.7015119822005
Mongolia,MN,MNG,2018,4183.85566447661,32.1316555166628,126.355873241513,28.5069631375435,7.1007727341422,31.6401691023584,22.5006291310701
Mongolia,MN,MNG,2019,4337.8167085432,32.1722700448443,124.396514621165,30.7123689903759,6.18570409648594,27.077902322943,25.6162465688217
Mongolia,MN,MNG,2020,4066.03410882791,31.9105228229225,112.838647629317,29.2280677437767,6.5598970203636,27.3151030252692,33.1789935421218
Mongolia,MN,MNG,2021,4063.53669849245,30.7846755981445,119.098078437771,28.9902166507322,7.01396139743859,30.9358199217937,31.6966486780552
Mongolia,MN,MNG,2022,4205.88554513551,30.216194152832,136.327929944516,29.8421433530881,6.45858114002275,24.9228457969234,NA
Mongolia,MN,MNG,2023,4456.53627552726,29.5535507202148,142.864246599181,28.933391527154,5.97606223801631,23.0986642678357,NA
Mongolia,MN,MNG,2024,4626.79609644243,29.0433959960938,138.448379141249,31.6089010017176,6.54856267695136,25.9063305439889,NA
Montenegro,ME,MNE,2000,4391.36753581801,40.9100739854294,87.9252021443203,NA,NA,NA,NA
Montenegro,ME,MNE,2001,4421.83790075206,39.8612120403295,100.409386075314,NA,NA,NA,NA
Montenegro,ME,MNE,2002,4488.00506787032,38.9738182768105,95.2294000160253,NA,NA,NA,NA
Montenegro,ME,MNE,2003,4581.10485010973,38.3013383762536,77.5983890107329,NA,NA,NA,NA
Montenegro,ME,MNE,2004,4775.39661599401,37.789501679337,100.109654967142,NA,NA,NA,NA
Montenegro,ME,MNE,2005,4967.68285096118,37.3236319355749,104.625139256659,NA,NA,NA,NA
Montenegro,ME,MNE,2006,5386.53580727982,36.888691411088,118.177129375183,NA,NA,NA,NA
Montenegro,ME,MNE,2007,5763.03765244158,36.4964209018251,128.844214152476,NA,NA,NA,NA
Montenegro,ME,MNE,2008,6149.68269228913,36.1585612037353,132.48054069386,NA,NA,NA,NA
Montenegro,ME,MNE,2009,5768.65438505628,35.8868531127675,99.8255760432413,NA,NA,NA,NA
Montenegro,ME,MNE,2010,5917.91510729977,35.6930374248707,98.8684992495822,NA,NA,NA,NA
Montenegro,ME,MNE,2011,6110.65726880215,35.5789085164189,106.752728264703,NA,NA,NA,NA
Montenegro,ME,MNE,2012,5948.37632539014,35.4755991341049,108.779987603414,NA,NA,NA,NA
Montenegro,ME,MNE,2013,6138.24865275199,35.3747012040347,103.785966371179,NA,NA,NA,NA
Montenegro,ME,MNE,2014,6272.08821761355,35.2767856227541,100.438431458711,NA,NA,NA,NA
Montenegro,ME,MNE,2015,6421.00005731419,35.1818347062829,104.12510886943,NA,NA,NA,NA
Montenegro,ME,MNE,2016,6634.38197201003,35.0898307706591,104.135954584294,NA,NA,NA,NA
Montenegro,ME,MNE,2017,6840.90834101224,35.0007561319416,106.711366689116,NA,NA,NA,NA
Montenegro,ME,MNE,2018,7159.46778433252,34.9145931062131,111.098935509174,NA,NA,NA,NA
Montenegro,ME,MNE,2019,7470.29237568568,34.8313240095841,110.0161238696,NA,NA,NA,NA
Montenegro,ME,MNE,2020,6351.95187949313,34.7509311581973,87.8612027134909,NA,NA,NA,NA
Montenegro,ME,MNE,2021,7198.3012265441,34.6733968682325,105.719249175045,NA,NA,NA,NA
Montenegro,ME,MNE,2022,7773.59958791074,34.5987034559134,125.455937754994,NA,NA,NA,NA
Montenegro,ME,MNE,2023,8278.02461006262,34.5268332375151,116.806669538329,NA,NA,NA,NA
Montenegro,ME,MNE,2024,8540.00427762252,34.4577685293734,109.944104480975,NA,NA,NA,NA
Morocco,MA,MAR,2000,1957.14135742188,46.41275288875,53.4403058388785,NA,NA,NA,NA
Morocco,MA,MAR,2001,2078.96606445313,46.1027386502781,53.4915710187871,NA,NA,NA,NA
Morocco,MA,MAR,2002,2127.50708007813,45.777254169823,54.31012791421,20.5829225436492,13.2768858560511,40.7408483651467,22.0771264792301
Morocco,MA,MAR,2003,2229.576171875,45.4217188859229,52.3318582669923,19.6703019819833,11.9424136766406,43.2530664483039,20.8095319732248
Morocco,MA,MAR,2004,2301.08178710938,45.0212430339131,55.5516384744536,20.4352328215376,11.4302780760738,41.3056743138783,21.3684175592961
Morocco,MA,MAR,2005,2342.15478515625,44.5602201323601,61.4938276863235,22.420299640131,9.9628577976527,38.4108424840445,25.4596563215545
Morocco,MA,MAR,2006,2489.99291992188,44.0372410370176,64.6721977787154,23.3006719516332,8.737159203711,37.9186181250407,22.9442388326041
Morocco,MA,MAR,2007,2540.615234375,43.4696158700936,71.3496467796657,25.5508062686955,8.08748623557853,41.3393703228233,23.3310350967367
Morocco,MA,MAR,2008,2648.58569335938,42.8745830727384,77.8344716425602,28.091512436324,6.55152235771728,40.2156398608002,24.4132142987177
Morocco,MA,MAR,2009,2710.66650390625,42.2693810861023,62.3709560152269,25.9707981705862,6.89380914303375,39.9119811823907,23.9864026144206
Morocco,MA,MAR,2010,2767.04223632813,41.6712483513354,69.541979610144,24.5607565201085,6.46711381229485,46.2094679838917,25.0281448030242
Morocco,MA,MAR,2011,2879.53930664063,41.097423309588,76.8258714906247,24.8990280279243,6.12099482776213,46.7564554023036,27.0639992297542
Morocco,MA,MAR,2012,2927.45043945313,40.5651444020105,78.2221018956072,25.7160764708046,3.9349099281997,46.5173097263246,27.3687204155206
Morocco,MA,MAR,2013,3008.185546875,40.0916500697531,73.8577565315318,25.0718932544909,3.23651296013859,44.6737659730434,25.6987161499953
Morocco,MA,MAR,2014,3051.458984375,39.6969513828346,71.8935667539398,24.5151674465327,3.13700752304277,44.1917430742517,25.4170336330975
Morocco,MA,MAR,2015,3146.24780273438,39.3582875262846,67.2886759253849,23.6911121128558,3.1116459231606,45.0530374221317,23.0606083372986
Morocco,MA,MAR,2016,3124.42504882813,39.0342343462821,71.1226603816864,23.3285547214574,3.58060515132164,44.8225074444098,22.7685873873314
Morocco,MA,MAR,2017,3242.64428710938,38.7238942968158,74.1733578786573,23.3675941641332,3.22732330952533,44.4238148576342,22.6792712298231
Morocco,MA,MAR,2018,3304.7119140625,38.4304177246686,77.2548875243989,23.8782132748568,3.49812574892911,44.9239882710753,22.8575069212215
Morocco,MA,MAR,2019,3364.73950195313,38.1569549766235,75.9981158798422,23.683448536742,3.43884022005158,44.6969712048787,23.3876778864301
Morocco,MA,MAR,2020,3090.89428710938,37.9066563994634,68.8438033904364,26.5649143632863,3.19271350691192,38.7791055655091,27.2102123069577
Morocco,MA,MAR,2021,3309.130859375,37.6826723399711,75.5234171756506,24.2112248579969,3.97908985953421,45.0933163440478,25.6308472487276
Morocco,MA,MAR,2022,3334.91162109375,37.4881531449297,100.906310201651,26.8278450298459,4.03956937846608,43.86747008847,28.1448750486273
Morocco,MA,MAR,2023,3421.21704101563,37.326249161122,93.1178844179777,26.1522312520082,4.40201945819278,42.1604601879935,26.6111381429324
Morocco,MA,MAR,2024,3516.15405273438,37.2001875981803,92.1872446062404,NA,NA,NA,NA
Mozambique,MZ,MOZ,2000,287.390630344484,70.7576302688559,47.9208808015891,NA,NA,NA,NA
Mozambique,MZ,MOZ,2001,317.185703581034,70.5862902235761,50.4153095777265,NA,NA,NA,NA
Mozambique,MZ,MOZ,2002,340.13537022259,70.4313676665652,73.309162757423,NA,NA,NA,NA
Mozambique,MZ,MOZ,2003,356.521157404125,70.2853659731361,70.1683599479183,NA,NA,NA,NA
Mozambique,MZ,MOZ,2004,377.064958084878,70.1407885186018,72.0520001612374,NA,NA,NA,NA
Mozambique,MZ,MOZ,2005,391.699758163976,69.9901386782752,72.0092609780982,NA,NA,NA,NA
Mozambique,MZ,MOZ,2006,420.526462764726,69.8259198274693,67.3498976872689,NA,NA,NA,NA
Mozambique,MZ,MOZ,2007,442.049574057751,69.6401868652878,66.1203821840516,NA,NA,NA,NA
Mozambique,MZ,MOZ,2008,460.94729485679,69.4374642304816,64.981416499828,NA,NA,NA,NA
Mozambique,MZ,MOZ,2009,475.788178051193,69.2284407940841,67.898572768141,NA,NA,NA,NA
Mozambique,MZ,MOZ,2010,494.162859074785,69.0138220177079,73.8373532681892,15.9198449318707,4.68405110254885,35.6578493110543,19.6201763346953
Mozambique,MZ,MOZ,2011,514.869957191994,68.7937769967206,84.4062119333019,18.6942440150919,5.25028460554097,36.391355780251,21.2948647268172
Mozambique,MZ,MOZ,2012,540.2945177803,68.5684748264895,105.934588060511,20.5118903918834,5.47677210854199,34.2814499619595,22.2435713893799
Mozambique,MZ,MOZ,2013,559.393953685688,68.3380846023821,109.38537659913,23.9478045192348,5.63903702693068,32.8955868554947,NA
Mozambique,MZ,MOZ,2014,585.266716133984,68.1027754197658,116.356855242217,27.223385140269,6.73654293588252,31.478888374164,NA
Mozambique,MZ,MOZ,2015,610.563774706589,67.8627163740082,98.7612036510901,24.0547674733887,7.24262453652013,31.1579489306261,NA
Mozambique,MZ,MOZ,2016,620.779714954555,67.6180765604766,110.394358201481,21.3937577828951,7.12824382114878,37.0023467333395,18.5198742757507
Mozambique,MZ,MOZ,2017,618.397694360334,67.3725588507325,105.745640702087,23.9228257718468,5.51734500328828,30.0043106496494,17.6256749397463
Mozambique,MZ,MOZ,2018,621.153734194787,67.0097440926459,124.607457525372,23.0097573144796,6.6013711713499,33.4686914224113,19.649486675822
Mozambique,MZ,MOZ,2019,617.13932000195,66.5822758482968,105.591171401921,28.5160622638108,5.34323194825408,29.4600012642967,20.0432502816617
Mozambique,MZ,MOZ,2020,591.804059985932,66.0955993583715,99.906146051979,22.6889665288537,5.75891220800931,30.6544785893478,22.904910395848
Mozambique,MZ,MOZ,2021,588.215854695416,65.5500740598446,112.078964458333,25.1104162863117,6.17246991137632,35.5651760029905,23.3044189350831
Mozambique,MZ,MOZ,2022,596.086630918965,64.9463361952055,135.274535098995,24.5687682760021,5.3514326292254,32.3838836681132,26.0030656391346
Mozambique,MZ,MOZ,2023,610.591041611538,64.2850216851593,106.026083626657,24.736717017785,5.19549336154924,28.4432325800031,NA
Mozambique,MZ,MOZ,2024,605.763481416969,63.5667662552763,95.6303976635291,24.515377349918,5.32518955158909,30.5313664656959,NA
Myanmar,MM,MMR,2000,298.590464506047,72.4653927291851,NA,5.25127485939087,4.08509751066697,32.8393885012622,NA
Myanmar,MM,MMR,2001,328.973872708996,72.2892935883125,NA,4.57227761288365,3.87672733089692,27.9978342992851,NA
Myanmar,MM,MMR,2002,364.855800192477,72.1150299543632,NA,4.96011318385281,1.89528844536236,22.0776942983853,NA
Myanmar,MM,MMR,2003,411.498764121919,71.9431973935556,NA,4.9777128995997,1.19774505364086,19.2875473033819,3.05760962946427
Myanmar,MM,MMR,2004,463.330135715332,71.7743914721078,NA,6.46875895101498,3.67902768675581,23.2568748776523,3.64395423975417
Myanmar,MM,MMR,2005,522.099544784661,71.609207756238,NA,6.66748304643303,2.25103534447625,30.7273401713657,2.80606806409765
Myanmar,MM,MMR,2006,586.085579927418,71.4482418121645,NA,NA,NA,NA,NA
Myanmar,MM,MMR,2007,651.729730890268,71.2920892061055,NA,NA,NA,NA,NA
Myanmar,MM,MMR,2008,714.620419017338,71.1413455042792,NA,NA,NA,NA,NA
Myanmar,MM,MMR,2009,785.634853157894,70.9966062729038,NA,NA,NA,NA,NA
Myanmar,MM,MMR,2010,854.932478016035,70.8584670781976,NA,NA,NA,NA,NA
Myanmar,MM,MMR,2011,895.512538750361,70.7275234863787,NA,NA,NA,NA,NA
Myanmar,MM,MMR,2012,953.123081923425,70.6043710636655,NA,19.7007501337319,3.63403275261554,11.2008568592282,10.5504277139389
Myanmar,MM,MMR,2013,1024.69060473254,70.4896053762761,NA,20.0136948721279,3.08958104135359,13.4581437884939,14.0348673040125
Myanmar,MM,MMR,2014,1099.24387750099,70.3835657883538,NA,22.0275608393637,3.39939199371704,12.1728568387154,16.4944873473396
Myanmar,MM,MMR,2015,1166.73305546337,70.2833178808318,NA,18.5063974234776,3.39185581184318,15.2765002930276,17.0397019631168
Myanmar,MM,MMR,2016,1225.37913970989,70.1870834417906,NA,16.789835742121,3.49605906626607,23.8521175033773,15.3475412654351
Myanmar,MM,MMR,2017,1290.5640902569,70.0948272296563,NA,15.9852528823652,3.2741737196742,19.6576811297521,16.9198889367861
Myanmar,MM,MMR,2018,1361.5683126412,70.006425949271,NA,7.01300899608592,3.72274128418864,23.733044925662,6.38116100422309
Myanmar,MM,MMR,2019,1440.98988236734,69.9217563054768,NA,14.3891961645863,2.79117825249436,24.4063354128771,13.7755198098588
Myanmar,MM,MMR,2020,1301.31386350667,69.8406950031158,NA,NA,NA,NA,NA
Myanmar,MM,MMR,2021,1136.9956605414,69.7631187470302,NA,NA,NA,NA,NA
Myanmar,MM,MMR,2022,1174.76697945755,69.688904242062,NA,NA,NA,NA,NA
Myanmar,MM,MMR,2023,1177.76649645563,69.6179281930534,NA,NA,NA,NA,NA
Myanmar,MM,MMR,2024,1158.47928097728,69.5500915925864,NA,NA,NA,NA,NA
Namibia,NA,NAM,2000,3083.59657884697,67.8831043600123,85.1322442947268,30.0055724192677,35.0419691813413,24.0939920102843,28.1213974262959
Namibia,NA,NAM,2001,3055.40444831936,67.1424941574281,88.5841018380245,28.8365432576665,29.7109165202771,23.968919492858,28.896542517114302
Namibia,NA,NAM,2002,3145.94566281247,66.3540698543972,94.4152228948906,29.5549437881497,24.8074960334609,20.6471256255391,27.339580526411
Namibia,NA,NAM,2003,3232.30589658857,65.4539936280367,95.9524743817213,26.0454310787941,31.1643069317722,20.42960022307,28.676090768305
Namibia,NA,NAM,2004,3582.89503259701,64.4643523329967,81.8622605916543,26.3758226129612,37.1255411421324,18.8143944849698,25.6028480364936
Namibia,NA,NAM,2005,3627.75059772278,63.4129985446936,80.6803802939816,28.202540910801,29.7651242768991,26.1972766361819,25.407363019116
Namibia,NA,NAM,2006,3834.99894666178,62.3277848385436,86.8339693259998,32.3671409680219,38.1081441488897,19.1644554472639,23.9829005097993
Namibia,NA,NAM,2007,3987.61796106565,61.236563789963,104.979303758915,33.0216875173076,39.1160986792915,20.4167182059778,22.9477428505159
Namibia,NA,NAM,2008,4036.38187484707,60.1671879743682,119.644498184785,32.8666124702476,36.2923649225632,19.3105230250071,25.162421697798
Namibia,NA,NAM,2009,3989.20711387651,59.1475099671754,123.762844292976,31.2512964962114,35.7576949612601,22.6024316978395,27.0436244637758
Namibia,NA,NAM,2010,4165.12990200988,58.2053823438009,108.072477173606,27.8618459649058,25.5705764788788,23.5983920658883,28.1021144356645
Namibia,NA,NAM,2011,4302.72451368462,57.3723924378465,102.189147754138,32.529309615367,23.8556360779765,27.6805565085012,34.1976397187985
Namibia,NA,NAM,2012,4420.96741373862,56.6195920814306,100.2134087743,35.3952733984384,36.3113296359203,18.0574558134942,31.6880904419274
Namibia,NA,NAM,2013,4549.26759093897,55.8893230920868,97.7249042303832,35.833824571169004,34.7691521119544,23.546079788686,35.4484303578021
Namibia,NA,NAM,2014,4701.95694189098,55.1785751789441,103.080137009254,36.9658777299673,36.2668858271579,21.6109840550186,37.1519272841928
Namibia,NA,NAM,2015,4774.10650865775,54.4896445554675,97.2390317873478,35.6552012546896,33.237030282912,23.8319632557154,38.001067750554
Namibia,NA,NAM,2016,4648.62713460213,53.8248274351216,93.966187960162,31.0662242067809,28.7919782535838,26.078084950306,35.4515783037479
Namibia,NA,NAM,2017,4476.73324402105,53.1864200313712,81.2196661011436,32.6896921958431,35.0783113916183,22.0149125329785,38.5620994254896
Namibia,NA,NAM,2018,4400.47537705743,52.5767185576811,81.7138652963804,30.7315444486879,31.7573218753477,23.377593033315,35.0992328749854
Namibia,NA,NAM,2019,4243.09274481966,51.9980192275161,82.9011507426355,32.2396187199815,32.8722110815958,23.4817766028618,34.5239746739119
Namibia,NA,NAM,2020,3787.49943973286,51.452618254341,76.9252424036465,33.0317167416936,38.2290212475113,17.9247426902446,40.3152887138993
Namibia,NA,NAM,2021,3809.80753359714,50.9428118516204,83.5443030923624,30.206766036628,27.2605834411599,24.450192787431,37.6029913421383
Namibia,NA,NAM,2022,3905.55135268164,50.4708962328193,99.2625547814064,31.2897457427708,22.7993641836406,25.033504723929,35.7178502960771
Namibia,NA,NAM,2023,3973.49010579998,50.0454162169179,109.8175996703,35.3095008081637,30.5056202620245,24.238169012801,36.1640496720365
Namibia,NA,NAM,2024,4032.40150676649,49.5911969747845,108.00119146619,35.5559396083072,32.7151721129388,25.3777179892173,NA
Naoero,NR,NRU,2000,6079.9670062498,0,NA,NA,NA,NA,NA
Naoero,NR,NRU,2001,5690.157298319,0,NA,NA,NA,NA,NA
Naoero,NR,NRU,2002,5147.16201696177,0,NA,NA,NA,NA,NA
Naoero,NR,NRU,2003,5173.61228781975,0,NA,NA,NA,NA,NA
Naoero,NR,NRU,2004,4949.8909692212,0,NA,NA,NA,NA,NA
Naoero,NR,NRU,2005,4955.30929946913,0,NA,NA,NA,NA,NA
Naoero,NR,NRU,2006,5382.10161869099,0,NA,NA,NA,NA,NA
Naoero,NR,NRU,2007,4199.70508141733,0,NA,NA,NA,NA,NA
Naoero,NR,NRU,2008,5045.18472364491,0,164.285714285714,NA,NA,NA,NA
Naoero,NR,NRU,2009,4761.56658392323,0,145,NA,NA,NA,NA
Naoero,NR,NRU,2010,4748.76539924078,0,100,NA,NA,NA,NA
Naoero,NR,NRU,2011,5417.44487923767,0,130.30303030303,NA,NA,NA,NA
Naoero,NR,NRU,2012,6626.18317072945,0,120.408163265306,NA,NA,NA,NA
Naoero,NR,NRU,2013,6735.42128061862,0,179.347826086957,NA,NA,NA,NA
Naoero,NR,NRU,2014,7638.99065218892,0,197.222222222222,85.2893522777778,17.2764710473332,2.69548841508223,86.7535888152844
Naoero,NR,NRU,2015,7747.25584993607,0,200,86.1096392352941,8.79794451264733,1.7761404142965,95.1589702210522
Naoero,NR,NRU,2016,7925.5779662048,0,170.149253731343,93.8404129179105,13.0902842232298,2.39307971269253,88.7897522157045
Naoero,NR,NRU,2017,7308.31758516515,0,142.068965517241,92.3966420965517,11.2864125354427,2.48478846224906,90.5733963172414
Naoero,NR,NRU,2018,7149.78109138393,0,140.640059171598,102.697082473373,9.5288904072522609,1.70625238496651,78.4418546804734
Naoero,NR,NRU,2019,7687.19643322519,0,155.906685714286,128.767600457143,7.25071073039355,0.877034437741108,89.5330139142857
Naoero,NR,NRU,2020,7770.69883784016,0,134.980107526882,138.822319145161,6.14671513194572,0.891966821306529,103.596292774194
Naoero,NR,NRU,2021,8325.88214663427,0,130.1856,133.2335,6.46909349206881,3.62195412287107,NA
Naoero,NR,NRU,2022,8260.97398991108,0,141.129076305221,124.128915662651,6.24252347343351,3.33715135938774,NA
Naoero,NR,NRU,2023,8150.43396263948,0,135,118.122083333333,5.39612067541755,3.6033284208153,NA
Naoero,NR,NRU,2024,8218.72476802021,0,160.546875,115.548018359375,5.28719807272251,2.72700392910673,NA
Nepal,NP,NPL,2000,547.221082273632,68.9005758196151,55.7105890041319,10.6203621721899,23.4988590676953,32.1525589481691,NA
Nepal,NP,NPL,2001,564.28622920391,67.191047668457,55.7999210803706,10.4516560991317,23.7282368286735,32.4977787859884,NA
Nepal,NP,NPL,2002,556.438454538796,64.9641055708818,46.2307185004451,10.502935075733,23.0410804317359,32.3346862998489,NA
Nepal,NP,NPL,2003,570.28967363428,61.954691605704,44.2478836156195,10.9052050764783,21.8961239904703,31.0969748330844,NA
Nepal,NP,NPL,2004,589.46992868617,58.3890529191806,46.1472867206087,11.1375335585162,21.8884385905662,32.5111167398401,14.5963383257351
Nepal,NP,NPL,2005,603.190108570995,54.4934366575683,44.0629474798613,11.5479494818565,19.0422309056202,33.8810180435189,NA
Nepal,NP,NPL,2006,617.477638588722,50.4940899671241,44.7619877569242,10.7436739012115,18.2445286958466,37.0389291814581,NA
Nepal,NP,NPL,2007,633.226129136597,46.6172599941049,44.5792750200254,11.8691804508489,16.3498809545944,37.8589833042855,NA
Nepal,NP,NPL,2008,666.865095417138,43.0891938847676,46.036206351191296,12.3003881528778,17.4574678117991,37.3106296073429,NA
Nepal,NP,NPL,2009,692.400000816919,40.1361387853691,47.0794477633688,14.1298549387213,16.1475157552238,37.9433010709878,NA
Nepal,NP,NPL,2010,721.265221364302,37.9843418421662,45.9849057742707,14.8983557656354,16.2862355152101,41.4712109291627,15.6352008846605
Nepal,NP,NPL,2011,742.617252662576,36.860050201416,36.2967588899367,13.0566910729399,14.4618636324548,39.6320792127141,13.9379082430485
Nepal,NP,NPL,2012,775.310578479839,36.3441593805667,37.921906058758,13.8909014659574,15.2213726693912,40.032974935541,13.8393358530682
Nepal,NP,NPL,2013,801.039060847856,35.8685429843952,41.8653757376722,15.1688801608539,17.2043101572605,40.677090258555,12.6904354155292
Nepal,NP,NPL,2014,846.665541773599,35.4359152901512,45.9826416115927,16.2338856665405,16.8006144298729,40.6210242207421,13.5829915227027
Nepal,NP,NPL,2015,875.543635474862,35.0489905750845,46.6657303895158,16.9926063388756,16.6315973219489,42.0924115750446,13.9897984541113
Nepal,NP,NPL,2016,875.188943730855,34.7104831164447,42.1154861221646,18.5759336570502,15.6828246209845,41.7354392424308,14.2271107367293
Nepal,NP,NPL,2017,951.857298563641,34.4231071914816,44.6424106217427,19.9373283662624,15.7594371591242,42.5979407270568,16.8538084482168
Nepal,NP,NPL,2018,1021.91492204011,34.1895770774449,48.4473869463778,22.0168965987014,15.7924584041266,45.7311522994704,20.1657916960524
Nepal,NP,NPL,2019,1077.11796498188,34.0126070515843,49.2495265869012,22.4013479087979,16.0305551420005,47.4647399903385,21.7018652753922
Nepal,NP,NPL,2020,1031.53618783934,33.8949113911495,40.9188741248444,19.3654266718347,15.8135971117888,34.4589151274764,20.1647829301293
Nepal,NP,NPL,2021,1062.7888430629,33.855764725478,43.0538047912219,19.882121562856,19.8652862299341,39.2679975097105,19.4418821873399
Nepal,NP,NPL,2022,1113.55462341223,33.7007031278947,48.9734014800201,NA,NA,NA,NA
Nepal,NP,NPL,2023,1136.4276931197,33.4567066546056,41.5701502932467,16.5336746124699,16.5751381240148,37.9825909262479,NA
Nepal,NP,NPL,2024,1179.95499311034,33.227656836971,40.1700101626853,NA,NA,NA,NA
Netherlands,NL,NLD,2000,40665.3000211594,21.5173171572919,125.667030082421,38.7982069523719,NA,26.6932067285304,37.3760203100017
Netherlands,NL,NLD,2001,41297.284710124,19.8159421347879,119.47546387654,38.2001114007715,NA,28.5841380760583,38.0615851625768
Netherlands,NL,NLD,2002,41135.4020353856,19.1914724773831,112.750024358671,37.245899292306,NA,29.0317775306842,38.2964042624692
Netherlands,NL,NLD,2003,40981.839972092,18.6988691121418,111.30450319576,37.0978110355194,NA,29.2321335419927,39.2341440393396
Netherlands,NL,NLD,2004,41663.1290344572,17.749046860241,116.958160026939,37.2599812255325,NA,29.3696836855758,38.4799453696858
Netherlands,NL,NLD,2005,42411.3480862811,16.4951050274839,122.255849523252,37.468225816366,NA,29.4917666974454,37.5239097341997
Netherlands,NL,NLD,2006,43841.0915818567,15.3467719641455,127.195613539333,38.8682155235222,NA,28.6981087655968,38.3287598477472
Netherlands,NL,NLD,2007,45445.542186196,14.5910768500274,129.798241740597,38.1869856689816,NA,28.4620063340255,37.7418810967043
Netherlands,NL,NLD,2008,46227.1987545514,14.3850417535513,130.152049980117,39.3660975987987,NA,27.4868713096816,38.4090870706081
Netherlands,NL,NLD,2009,44304.4041948677,13.7776820367329,115.109660363107,38.3397892324806,NA,27.3884720453899,42.183336956677
Netherlands,NL,NLD,2010,44659.2793901474,12.6497209752871,130.081707935343,38.6106540678235,NA,27.0739454531617,42.4982348970953
Netherlands,NL,NLD,2011,45239.7198745589,11.9940795027427,141.757099325776,38.4714937051552,NA,26.3333884727178,41.8898710848718
Netherlands,NL,NLD,2012,44631.8855633239,11.4657537608667,149.393223058131,38.928371759501204,NA,25.5510838922912,42.1384861264721
Netherlands,NL,NLD,2013,44487.0378593394,10.8250007629395,150.651850226949,39.8548906421142,NA,25.3251115606481,42.4441115620216
Netherlands,NL,NLD,2014,45042.0515907444,10.1635212902835,151.715891056501,39.799035405311,NA,25.8332565298336,41.9474910370498
Netherlands,NL,NLD,2015,45793.8135434697,9.7212262785379,160.325812564809,38.6479779740408,NA,26.1751717099781,40.6125791110952
Netherlands,NL,NLD,2016,46655.0340264754,9.4196760547223,150.96552921165,39.4801263581768,NA,26.7688563796311,39.4433297462422
Netherlands,NL,NLD,2017,47670.0858101833,8.8780299323398,159.646059656847,39.5813605980335,NA,26.6734493756673,38.2852485346822
Netherlands,NL,NLD,2018,48463.0055608731,7.39375275989561,163.559146573044,39.5247900029596,NA,27.0228626959568,37.9872039305298
Netherlands,NL,NLD,2019,49254.024789064,6.1101971143521,160.676671884999,39.7164505216525,NA,27.5422808097635,37.4976348782249
Netherlands,NL,NLD,2020,47086.5674755497,5.7467722234065,152.233230409706,39.7313779068984,NA,28.2575492703752,43.0242399226909
Netherlands,NL,NLD,2021,49780.8328352542,5.3705216779685,163.154842689698,39.3800684201671,NA,28.45340187122,41.7954124838764
Netherlands,NL,NLD,2022,51777.5314828276,5.01438222658641,184.107484252682,39.1818437946509,NA,26.7486689921057,39.3652774144211
Netherlands,NL,NLD,2023,50960.7810305308,4.6778317907871,165.030429478933,39.4093890964287,NA,26.3500339352137,39.9696990762123
Netherlands,NL,NLD,2024,51174.8997297902,4.3603482920664,153.956290574682,39.4245249624847,NA,26.2798795936398,NA
New Caledonia,NC,NCL,2000,NA,38.3896712914523,60.3667225164618,NA,NA,NA,NA
New Caledonia,NC,NCL,2001,NA,38.0039872965531,58.1843523272091,NA,NA,NA,NA
New Caledonia,NC,NCL,2002,NA,37.5881964660622,56.1330040352377,NA,NA,NA,NA
New Caledonia,NC,NCL,2003,NA,37.1459274577375,61.8880338996498,NA,NA,NA,NA
New Caledonia,NC,NCL,2004,NA,36.6882499206639,58.5813378645702,NA,NA,NA,NA
New Caledonia,NC,NCL,2005,NA,36.081608959856,61.9103270015257,NA,NA,NA,NA
New Caledonia,NC,NCL,2006,NA,35.2491974188916,68.0205144787445,NA,NA,NA,NA
New Caledonia,NC,NCL,2007,NA,34.3795197826671,72.1743887166465,NA,NA,NA,NA
New Caledonia,NC,NCL,2008,NA,33.6742490225842,67.9174783843244,NA,NA,NA,NA
New Caledonia,NC,NCL,2009,NA,33.3368140413068,56.0771570332275,NA,NA,NA,NA
New Caledonia,NC,NCL,2010,NA,33.296163781993,68.1684823937939,NA,NA,NA,NA
New Caledonia,NC,NCL,2011,NA,33.273790877787,66.8445220722878,NA,NA,NA,NA
New Caledonia,NC,NCL,2012,NA,33.2582940085552,63.7533913097757,NA,NA,NA,NA
New Caledonia,NC,NCL,2013,NA,33.2415872135075,58.8723435046881,NA,NA,NA,NA
New Caledonia,NC,NCL,2014,NA,33.2153612927231,58.9577979346478,NA,NA,NA,NA
New Caledonia,NC,NCL,2015,30858.7237060533,33.1721954452197,60.0467960954308,NA,NA,NA,NA
New Caledonia,NC,NCL,2016,NA,33.1097945341594,58.0296161468389,NA,NA,NA,NA
New Caledonia,NC,NCL,2017,NA,33.0316606706906,58.9281826221283,NA,NA,NA,NA
New Caledonia,NC,NCL,2018,NA,32.9411190242325,59.0970833,NA,NA,NA,NA
New Caledonia,NC,NCL,2019,NA,32.8425326292168,58.2103670990099,NA,NA,NA,NA
New Caledonia,NC,NCL,2020,NA,32.7252738934067,54.5818048383838,NA,NA,NA,NA
New Caledonia,NC,NCL,2021,NA,32.5869223460354,49.0442343110236,NA,NA,NA,NA
New Caledonia,NC,NCL,2022,NA,32.4279694978718,50.4727487454212,NA,NA,NA,NA
New Caledonia,NC,NCL,2023,NA,32.248477688663,51.6307347217069,NA,NA,NA,NA
New Caledonia,NC,NCL,2024,NA,32.0485304414423,40.3689577306469,NA,NA,NA,NA
New Zealand,NZ,NZL,2000,30839.2953866092,14.2940339543944,68.5169268768932,NA,NA,NA,NA
New Zealand,NZ,NZL,2001,31705.2483531253,14.2454825555697,67.2338243520418,33.0814531667599,3.2939386847648,28.9351743505734,31.5512928087513
New Zealand,NZ,NZL,2002,32628.4322594563,14.1938421816599,62.6559945554479,33.42305353563,2.94412431179423,29.2214015000525,30.7257906066681
New Zealand,NZ,NZL,2003,33502.6490755696,14.142037944193,57.914769345753,34.4537044469973,2.9757749382099,28.9697131893253,31.2173416284896
New Zealand,NZ,NZL,2004,34358.6289046143,14.0982291705403,58.7995522745359,34.5632742189067,2.84572720762987,29.0858005455606,30.4364592162216
New Zealand,NZ,NZL,2005,35112.0769481474,14.0700674219054,58.0187434407163,36.1766885360599,1.60609994253817,27.2552947515957,30.9856975395398
New Zealand,NZ,NZL,2006,35649.0258495224,14.0643158334297,59.6032650403479,37.0741378107486,1.69831736423654,26.3999749094388,31.3853166205437
New Zealand,NZ,NZL,2007,36400.0153308952,14.0708159335148,58.4251605749091,35.2804101289421,2.78777388056302,25.8856040935939,31.3103662554306
New Zealand,NZ,NZL,2008,35722.2274262581,14.0855276906495,64.2611448527979,36.2250514904578,2.87065929911299,23.9575785953177,32.5619860830906
New Zealand,NZ,NZL,2009,35352.6428453692,14.1081654522176,55.0143501856026,35.4555298273357,2.79839686329253,24.5275553927471,34.0537092277598
New Zealand,NZ,NZL,2010,35476.3713609154,14.1385956741772,58.1047406012087,32.3176703163017,2.91886444410091,26.6328760199916,34.1464759438035
New Zealand,NZ,NZL,2011,35961.911959259,14.1766848124866,59.1815679267669,33.8257713248639,2.70678912969153,27.4955935218963,40.0471822432317
New Zealand,NZ,NZL,2012,36588.819747177,14.222299323104,56.9257462326897,33.0947714368336,2.86524292800365,29.1623324962469,34.9714221453128
New Zealand,NZ,NZL,2013,37240.0279166822,14.2919870213545,56.0063219921147,32.4947044726376,2.76634513456356,28.9254560605022,33.0857162490659
New Zealand,NZ,NZL,2014,38025.4674998632,14.4923340469589,55.1213465284556,32.6587841872686,2.78088654395903,28.8527275697542,32.3406927851015
New Zealand,NZ,NZL,2015,38648.7302562109,14.8481236239469,54.8749505791536,32.7266332366446,2.91447959137911,29.0318321433036,31.529219953104
New Zealand,NZ,NZL,2016,39205.0341298225,15.308634406,52.4796021733125,32.361414494889,2.82920879686038,29.1636459328636,30.7148650888664
New Zealand,NZ,NZL,2017,39667.6884236272,15.8298974125892,54.2775276299632,32.1541877495984,2.78096937255864,29.1082754066876,29.9220307033988
New Zealand,NZ,NZL,2018,40257.9139260803,16.1982153314423,55.9063918509538,32.1066743108027,2.84528346707382,29.3319465745381,29.721057911954
New Zealand,NZ,NZL,2019,40615.7266946543,16.195034128333,54.4612464097007,32.8008662611843,2.70777831439391,29.1162971398557,30.0521764402163
New Zealand,NZ,NZL,2020,39702.3112090418,16.1861022904092,43.8262466218168,31.517866715058,3.00616013100406,29.5520771190123,36.2969426871643
New Zealand,NZ,NZL,2021,41309.8198451344,16.1700617414095,48.4315370741539,32.7397023797074,2.8187346580938,30.2439579711568,33.6390610060085
New Zealand,NZ,NZL,2022,42716.0866783034,16.1452694982188,53.2091433736439,32.8241696446299,2.71591948219466,27.1406352472041,35.4955182384826
New Zealand,NZ,NZL,2023,42501.4932044968,16.1101008538771,49.8655041498497,32.1877560934371,2.84788475012408,26.9326715177894,NA
New Zealand,NZ,NZL,2024,41415.4670639187,16.0629341166868,50.6607664427853,34.2451111701211,2.88021844191418,26.3731180839953,NA
Nicaragua,NI,NIC,2000,1458.37490084556,44.7839292141478,61.2984974600022,11.6296664304249,6.91179017586287,53.9804766817797,12.6932348217074
Nicaragua,NI,NIC,2001,1482.31517247279,44.6477478236936,57.9801315472268,10.6828473511607,7.89783050122903,53.296996900716,14.4152064453334
Nicaragua,NI,NIC,2002,1475.48635411179,44.5105038052763,58.0912844080785,11.5028519262376,6.3648887237119,54.2645388024681,12.2011228136227
Nicaragua,NI,NIC,2003,1494.95618752566,44.3691957064131,62.1750658877514,12.6271944808029,5.13664949459746,51.7828041337511,13.1526926178979
Nicaragua,NI,NIC,2004,1555.87425694816,44.2208220746211,67.195316780004,13.2477870196323,4.68622022888936,50.5107926860106,12.9236679174998
Nicaragua,NI,NIC,2005,1601.48770707458,44.0624519578907,71.6457237072991,13.9047496964864,5.15174115082325,50.6339280592049,13.7175631014426
Nicaragua,NI,NIC,2006,1644.37193565251,43.8941452324464,87.309670832079,14.7369046159895,4.58382456967696,49.4741806177788,15.0780416164565
Nicaragua,NI,NIC,2007,1703.20780299405,43.7183381648854,93.025730229333,15.0264859275083,4.46415226456473,49.5046925289409,14.6943744947364
Nicaragua,NI,NIC,2008,1736.65740610408,43.5361875492487,96.7939847302055,14.2574026906827,4.37544372394988,50.0098821838069,15.2074462017809
Nicaragua,NI,NIC,2009,1655.72028962416,43.348901694106,86.9936104453444,14.1353722618394,3.60142431139244,49.4300125041766,15.4973914365244
Nicaragua,NI,NIC,2010,1704.37875049059,43.157688908027,100.364058423919,14.74186021641,3.91595611979254,52.266906622164,14.9932542908436
Nicaragua,NI,NIC,2011,1786.62863418308,42.9637574995816,111.827453935999,15.7606753903619,4.03713736620461,50.259881151226,14.9750872878552
Nicaragua,NI,NIC,2012,1876.1759720149,42.7683157773394,115.177288474198,16.4206470497813,4.15183516495773,50.3687510898372,15.2288833117977
Nicaragua,NI,NIC,2013,1941.45628552626,42.5725720498701,110.984207880382,16.216857119378,4.03777618761278,51.3688649700818,15.0906993541647
Nicaragua,NI,NIC,2014,2006.64869646533,42.3777346257436,106.698200190796,16.4345919850694,3.67288891101914,50.4236358766845,15.427774613121
Nicaragua,NI,NIC,2015,2074.45620634731,42.1850118135295,98.194164594236,16.7280500642775,3.76000305133135,49.4810220986181,15.9243152832014
Nicaragua,NI,NIC,2016,2140.14405941606,41.9956119217977,93.8137278130087,17.3827290426753,3.83854107487785,47.9655578911487,16.3937935774342
Nicaragua,NI,NIC,2017,2209.63273423213,41.8107432591178,96.3805864351182,17.8258154423666,3.48047951946913,48.0696753764641,16.5222655263554
Nicaragua,NI,NIC,2018,2107.3396261623,41.6316141340595,93.9847404925404,16.9620048772188,2.84016406346807,45.1838227721095,16.8472541808642
Nicaragua,NI,NIC,2019,2019.91518620044,41.4594328551928,94.0422159246213,18.8466464658517,2.59559887864852,45.9432850223843,16.4517837773692
Nicaragua,NI,NIC,2020,1950.19181218473,41.2954077310872,88.6381231228968,18.4889521054397,2.82505249354924,47.1333511229816,16.416309030407
Nicaragua,NI,NIC,2021,2128.30880041334,41.1407470703125,106.20739806697,20.5214787591035,3.15660154558444,47.1289748437151,17.1781558950143
Nicaragua,NI,NIC,2022,2175.73845893874,41.0045623779297,115.454670931919,21.5053890391615,3.24285676760115,46.0712221806314,16.6889205177296
Nicaragua,NI,NIC,2023,2241.1228811163,40.8749046325684,105.019535579852,21.5078651967659,3.39304030453465,46.4500769533484,16.2819509055953
Nicaragua,NI,NIC,2024,2290.31991989418,40.7371597290039,99.146065089948,21.5193850593362,3.5961028850165,47.5080687911142,NA
Niger,NE,NER,2000,392.898616941042,83.8692321777344,34.7127807043604,NA,NA,NA,NA
Niger,NE,NER,2001,406.923493665264,83.7312774658203,33.0136670843015,NA,NA,NA,NA
Niger,NE,NER,2002,412.123793192578,83.7312793731689,30.8343857497549,NA,NA,NA,NA
Niger,NE,NER,2003,406.333757497876,83.7312774658203,33.3827931416238,NA,NA,NA,NA
Niger,NE,NER,2004,393.398781453199,83.7312774658203,36.9641044464896,NA,NA,NA,NA
Niger,NE,NER,2005,407.190931059924,83.7312774658203,38.3477418070736,NA,NA,NA,NA
Niger,NE,NER,2006,415.852022114801,83.7324275105372,36.5313731842429,NA,NA,NA,NA
Niger,NE,NER,2007,413.419126261066,83.7358112962219,35.5028028471007,NA,NA,NA,NA
Niger,NE,NER,2008,429.195542798877,83.7413293001748,39.7112440540383,NA,NA,NA,NA
Niger,NE,NER,2009,421.650901333136,83.7488819996968,49.5122567031625,NA,NA,NA,NA
Niger,NE,NER,2010,441.079166112039,83.7583698720884,51.9459863027627,NA,NA,NA,NA
Niger,NE,NER,2011,434.986264873953,83.7696933946504,50.2463951569345,NA,NA,NA,NA
Niger,NE,NER,2012,463.066265496402,83.7858715995645,45.08596447308,NA,NA,NA,NA
Niger,NE,NER,2013,469.690214200878,83.7837404303936,46.2951491493291,NA,NA,NA,NA
Niger,NE,NER,2014,482.74524741946,83.7549575388335,45.7416008365932,NA,NA,NA,NA
Niger,NE,NER,2015,485.662574175279,83.6964393412507,44.727430371186,NA,NA,NA,NA
Niger,NE,NER,2016,488.184823801581,83.6101719456764,36.6748378115692,NA,NA,NA,NA
Niger,NE,NER,2017,497.172608329608,83.4963012093104,39.0298956366247,NA,NA,NA,NA
Niger,NE,NER,2018,513.423699765289,83.3550988200779,38.2929695977016,NA,NA,NA,NA
Niger,NE,NER,2019,526.60361746086,83.186853500315,39.289303673296,NA,NA,NA,NA
Niger,NE,NER,2020,532.208221196997,82.9918579996206,36.3388196908038,NA,NA,NA,NA
Niger,NE,NER,2021,520.912751008043,82.7704063333314,38.0460948786617,NA,NA,NA,NA
Niger,NE,NER,2022,565.873385794358,82.522792992488,37.1460454100715,NA,NA,NA,NA
Niger,NE,NER,2023,561.960694711722,82.2493126704763,30.7176535069056,NA,NA,NA,NA
Niger,NE,NER,2024,589.085643279512,81.9502601549197,24.388946208843,NA,NA,NA,NA
Nigeria,NG,NGA,2000,1421.67987952016,56.7214948749757,NA,NA,NA,NA,NA
Nigeria,NG,NGA,2001,1465.45720342369,55.8737578581461,NA,NA,NA,NA,NA
Nigeria,NG,NGA,2002,1644.39518877708,55.0206974463107,NA,NA,NA,NA,NA
Nigeria,NG,NGA,2003,1717.21451111739,54.1627919078239,NA,NA,NA,NA,NA
Nigeria,NG,NGA,2004,1824.80269456838,53.3005195110401,NA,NA,NA,NA,NA
Nigeria,NG,NGA,2005,1889.25175325842,52.4343585243137,NA,NA,NA,NA,NA
Nigeria,NG,NGA,2006,1949.15856804582,51.575728005539,NA,NA,NA,NA,NA
Nigeria,NG,NGA,2007,2020.83316299437,50.7642012826802,NA,NA,NA,NA,NA
Nigeria,NG,NGA,2008,2098.2833922073,49.9494787687649,NA,NA,NA,NA,NA
Nigeria,NG,NGA,2009,2204.60725603823,49.13546515238,NA,NA,NA,NA,NA
Nigeria,NG,NGA,2010,2315.46676509642,48.3221811744554,NA,NA,NA,NA,NA
Nigeria,NG,NGA,2011,2370.97657091881,47.509647575921,NA,NA,NA,NA,NA
Nigeria,NG,NGA,2012,2403.65387896987,46.697885097707,NA,NA,NA,NA,NA
Nigeria,NG,NGA,2013,2495.34106573862,45.8869144807432,NA,NA,NA,NA,NA
Nigeria,NG,NGA,2014,2583.61556958171,45.0767564659596,NA,NA,NA,NA,NA
Nigeria,NG,NGA,2015,2585.73360671797,44.2674317942862,NA,NA,NA,NA,NA
Nigeria,NG,NGA,2016,2481.81490350403,43.458961206653,NA,NA,NA,NA,NA
Nigeria,NG,NGA,2017,2441.71236404537,42.6513654439899,NA,NA,NA,NA,NA
Nigeria,NG,NGA,2018,2431.77857832597,41.8446652472271,NA,NA,NA,NA,NA
Nigeria,NG,NGA,2019,2431.53528475874,41.0388813572944,NA,NA,NA,NA,NA
Nigeria,NG,NGA,2020,2228.68631426529,40.2340345151219,NA,NA,NA,NA,NA
Nigeria,NG,NGA,2021,2206.66406255564,39.4301454616396,NA,NA,NA,NA,NA
Nigeria,NG,NGA,2022,2254.29080414598,38.6272349377775,NA,NA,NA,NA,NA
Nigeria,NG,NGA,2023,2280.67777167162,37.8253236844657,NA,NA,NA,NA,NA
Nigeria,NG,NGA,2024,2324.59702394542,37.0244324426341,NA,NA,NA,NA,NA
North America,XU,NAC,2000,47578.0098430294,20.965412740145702,30.0260550598056,20.6005218181776,1.0359617567776,9.3400495541519,17.9989292518073
North America,XU,NAC,2001,47590.3058980687,20.7331782368913,27.6951361536395,19.5645157290092,1.14125539614549,9.53083718637746,19.4415681611088
North America,XU,NAC,2002,47992.7531590537,20.4938558374495,26.8472950363717,17.5498893412445,1.21135975252176,10.4223382302458,19.9029360735853
North America,XU,NAC,2003,48872.9887267576,20.2566938726756,26.6581986422311,16.972743575644,1.17902628642693,10.5727290889969,20.436646297453
North America,XU,NAC,2004,50256.4478409679,20.0299256636205,28.3535917990105,17.0011151625003,1.14846317826496,10.4661104386257,20.1768061850494
North America,XU,NAC,2005,51517.6950673225,19.821700894342,29.4054117571875,17.9798968581775,1.16826151810977,10.1448541243719,20.4956958073474
North America,XU,NAC,2006,52436.4017613233,19.6399475858734,30.482210771064,18.6204064785087,1.15039437556106,9.45642496541438,20.290531905551
North America,XU,NAC,2007,52982.1116719497,19.4881692041053,31.2795325813141,18.6600591448836,1.17377435831951,8.69596990650721,20.5315123348277
North America,XU,NAC,2008,52571.5603822929,19.3703634233118,33.0400450071988,17.7052683644516,1.23555760227513,8.01793175163071,22.3006002631464
North America,XU,NAC,2009,50741.9965051822,19.2941544578379,27.6380091041338,15.835427579467,1.17011106953457,8.83905944349722,25.002576371668
North America,XU,NAC,2010,51671.5125292842,19.2657211623892,30.9654034876524,16.4455059103623,1.18787561213362,9.01654673232879,25.459516000482
North America,XU,NAC,2011,52118.7246769571,19.260287875185,33.5593425741008,16.6547048415058,1.25192304188361,8.70946561661086,24.7057505513571
North America,XU,NAC,2012,52849.308994613,19.2662347829895,33.419952886509,16.7624800984978,1.25714877436151,8.52558375174625,23.3659731543285
North America,XU,NAC,2013,53554.2762571962,19.2835191265036,32.7126044055607,18.5880597016117,1.20668870198311,8.38449396084319,22.386577018292
North America,XU,NAC,2014,54473.0949224699,19.3136796200159,32.8641757557362,18.6983663104299,1.22664666761392,8.47561254448095,22.0800457746929
North America,XU,NAC,2015,55534.4614029189,19.3582776279254,30.9872768987244,18.8976470341146,1.27395147778621,8.37746331707774,21.9198588814858
North America,XU,NAC,2016,56048.8982873869,19.4183100635058,29.788965160778,18.4831262316853,1.28904080223409,8.37921518950505,21.9960920396102
North America,XU,NAC,2017,57026.2780816387,19.4940840706023,30.3815241361135,19.1071492295577,1.23328613688178,8.20755796656256,21.7535856346335
North America,XU,NAC,2018,58314.2046320345,19.5873863321267,30.8037677802852,17.5689894782311,1.53579152003199,8.26316951456672,21.7743012733245
North America,XU,NAC,2019,59425.2842320485,19.7018572239023,29.6820125642233,17.3755765361845,1.68964273687085,8.15579565704196,22.1379367473565
North America,XU,NAC,2020,57774.414970072,19.7981012177284,26.4003671798299,17.8001519883446,1.38186077250055,7.93036436106187,31.5212580129935
North America,XU,NAC,2021,61198.2512363301,19.7649609097256,28.40765855321,18.8869886896918,1.51248061431033,7.75774775081809,30.4980674112011
North America,XU,NAC,2022,62404.6210602795,19.7220312884189,30.3426534884109,19.7890080590211,1.54580858147909,7.96983005500568,24.0630160885529
North America,XU,NAC,2023,63532.0076871763,19.6642897388775,28.5011567254601,17.6694849280889,1.33619439267226,8.00429458890122,23.9742692056278
North America,XU,NAC,2024,64506.5636066642,19.5931689281237,28.4572777615195,17.9633599468509,1.26082359522479,7.9474580610877,NA
North Macedonia,MK,MKD,2000,3283.37934095351,41.5081617607413,80.1601473580914,NA,NA,NA,NA
North Macedonia,MK,MKD,2001,3169.32514368931,41.9056800722873,71.4782105684389,NA,NA,NA,NA
North Macedonia,MK,MKD,2002,3240.11064526089,42.1273855828795,71.5334846721143,NA,NA,NA,NA
North Macedonia,MK,MKD,2003,3307.92040834712,42.1498208306677,71.0693204909674,NA,NA,NA,NA
North Macedonia,MK,MKD,2004,3473.76544811451,42.1472058707054,80.8704849956907,NA,NA,NA,NA
North Macedonia,MK,MKD,2005,3657.56307699216,42.1385793535233,85.8410034787176,32.4151771010092,5.33361582639869,39.7683724092595,28.8944668516795
North Macedonia,MK,MKD,2006,3866.74650622977,42.1203425658801,92.5516664675666,31.0013066476526,5.16376960309437,39.9876670141543,29.5614217561612
North Macedonia,MK,MKD,2007,4140.63354809364,42.0888967945345,106.092966003288,31.8518650174717,5.19488735522846,42.0319761469724,29.2955972503882
North Macedonia,MK,MKD,2008,4392.5507164151,42.0406433262453,111.570054713298,32.1779266793608,4.65400875176148,37.4167470147593,30.5512304466244
North Macedonia,MK,MKD,2009,4405.20045750867,41.9719834477712,87.1767537660809,30.4520744195918,4.11427762128818,39.1096353879806,31.3393886479733
North Macedonia,MK,MKD,2010,4582.36517512347,41.8793184458709,97.8810691156562,28.9291463905455,3.68228564283705,41.120158794661,30.0860286853756
North Macedonia,MK,MKD,2011,4711.13027870081,41.7590496073033,113.19191013947,28.3319617567096,2.8499245852187,43.5422322775264,28.9817013007717
North Macedonia,MK,MKD,2012,4708.05168535923,41.6075782188271,112.214834702155,27.8566883006966,3.05667666268329,41.3857635679015,29.3726417014675
North Macedonia,MK,MKD,2013,4863.68088666968,41.421305567201,104.857229956305,26.327538379947,3.00690910758556,43.0223194966929,28.2476496069864
North Macedonia,MK,MKD,2014,5053.75001236367,41.1966329391838,112.537928969299,26.0592139842049,2.86893544286433,45.2676066118808,28.3672213651207
North Macedonia,MK,MKD,2015,5262.68671928674,40.9299616215341,113.698443879103,26.957175033187,2.68589802615126,41.4647675187032,28.7946070150674
North Macedonia,MK,MKD,2016,5429.94678358359,40.6176929010109,116.185408418026,26.4266581420489,2.84286575972092,44.0874718639987,27.7831376744929
North Macedonia,MK,MKD,2017,5510.81862920922,40.2562280643727,124.13728389629,26.4700723016764,2.90031165376997,43.3471421842151,27.9967047089011
North Macedonia,MK,MKD,2018,5698.39334484489,39.8419683983784,133.215207648008,26.8205511623931,2.9814072211377,43.1404608737694,27.8450488948036
North Macedonia,MK,MKD,2019,5961.58475399191,39.3713151897868,138.576231840539,28.333923745494,2.95743832695301,40.8201220098337,29.6872350269893
North Macedonia,MK,MKD,2020,5743.72649424581,38.8406697253565,128.241244322257,27.6965267786278,3.55776884130974,38.2551637180749,34.9241702124671
North Macedonia,MK,MKD,2021,6064.92315120022,38.3158024371861,146.721411484074,28.8368005812638,3.91535092862132,40.1397624557333,33.3297232827698
North Macedonia,MK,MKD,2022,6250.62720952063,38.0469433392733,166.147357379878,28.9769065097465,4.0522948305441,39.4203761679247,32.2023941216836
North Macedonia,MK,MKD,2023,6423.99221393369,37.7481677454221,147.79425348309,29.3769017621119,4.12123599029996,37.1413121246517,33.3785817447945
North Macedonia,MK,MKD,2024,6628.84686594032,37.4354623071467,136.324876175556,30.9338093133118,4.29134116601335,38.2607819400316,NA
Northern Mariana Islands,MP,MNP,2000,NA,9.84217873508869,NA,NA,NA,NA,NA
Northern Mariana Islands,MP,MNP,2001,NA,9.7481694167974,NA,NA,NA,NA,NA
Northern Mariana Islands,MP,MNP,2002,24066.5361573445,9.65916491675669,151.947040498442,NA,NA,NA,NA
Northern Mariana Islands,MP,MNP,2003,24650.0405531909,9.57559180953839,152.703793381759,NA,NA,NA,NA
Northern Mariana Islands,MP,MNP,2004,24445.4618441919,9.4963583872501,178.099173553719,NA,NA,NA,NA
Northern Mariana Islands,MP,MNP,2005,21882.2927935415,9.4203729419996,174.552309142319,NA,NA,NA,NA
Northern Mariana Islands,MP,MNP,2006,20940.1619770428,9.3465437658943,159.69696969697,NA,NA,NA,NA
Northern Mariana Islands,MP,MNP,2007,20117.7037335229,9.27377915104201,128.571428571429,NA,NA,NA,NA
Northern Mariana Islands,MP,MNP,2008,18451.3905458787,9.20098738955041,100.851970181044,NA,NA,NA,NA
Northern Mariana Islands,MP,MNP,2009,15710.5807282039,9.12707677352709,84.5283018867925,NA,NA,NA,NA
Northern Mariana Islands,MP,MNP,2010,16293.3059496259,9.05118196718939,92.6157697121402,NA,NA,NA,NA
Northern Mariana Islands,MP,MNP,2011,15226.1308805108,8.9746632098648,105.075445816187,NA,NA,NA,NA
Northern Mariana Islands,MP,MNP,2012,15457.4258192247,8.89880724407659,114.879356568365,NA,NA,NA,NA
Northern Mariana Islands,MP,MNP,2013,16015.0349164338,8.8235058127871,120.077720207254,NA,NA,NA,NA
Northern Mariana Islands,MP,MNP,2014,16869.5270385638,8.7487655648724,119.831730769231,NA,NA,NA,NA
Northern Mariana Islands,MP,MNP,2015,17665.1007493109,8.6745931492085,122.747252747253,NA,NA,NA,NA
Northern Mariana Islands,MP,MNP,2016,23158.5744988538,8.6009952146717,152.845528455285,NA,NA,NA,NA
Northern Mariana Islands,MP,MNP,2017,28989.3470221339,8.52797841013791,131.410256410256,NA,NA,NA,NA
Northern Mariana Islands,MP,MNP,2018,23756.6075820248,8.45554938448321,108.762490392006,NA,NA,NA,NA
Northern Mariana Islands,MP,MNP,2019,21451.4401636511,8.38371478658379,104.749787955895,NA,NA,NA,NA
Northern Mariana Islands,MP,MNP,2020,15410.1186923944,8.30916326370919,78.9838337182448,NA,NA,NA,NA
Northern Mariana Islands,MP,MNP,2021,16365.016735395,8.2157862696198,78.8840262582057,NA,NA,NA,NA
Northern Mariana Islands,MP,MNP,2022,19461.8611129744,8.12142113543921,93.1569343065693,NA,NA,NA,NA
Northern Mariana Islands,MP,MNP,2023,NA,8.0245887112427,NA,NA,NA,NA,NA
Northern Mariana Islands,MP,MNP,2024,NA,7.9252739077606,NA,NA,NA,NA,NA
Norway,NO,NOR,2000,67611.3411021859,23.8661077550466,74.7840209460062,47.6835272605719,0.271472360510826,27.5209294856129,32.1186523066843
Norway,NO,NOR,2001,68725.4043162798,23.6041380726215,73.553666590214,46.6452214715051,0.242145383373966,27.8132060570683,32.7241462817722
Norway,NO,NOR,2002,69352.0430510008,23.2044557539712,67.8482927970815,46.9821730252001,0.219299442676463,27.9095727550124,37.6528404227695
Norway,NO,NOR,2003,69702.361157641,22.7399978637695,66.5085380808884,45.9248920029826,0.209329381123052,27.6772355639884,37.3188392400461
Norway,NO,NOR,2004,72292.1208978835,22.4315406111502,68.7028173740954,47.0815247648931,0.186685991552874,26.3613903955157,35.2027411503696
Norway,NO,NOR,2005,73933.7446235264,22.1739851117968,70.2469613309236,48.1564128303459,0.167466219538071,24.7200012420239,32.9911289703565
Norway,NO,NOR,2006,75428.8816534082,21.9122772216797,71.1687450210659,50.2047743380999,0.158676036277941,23.4081339449509,31.8237643438996
Norway,NO,NOR,2007,77205.7545984008,21.5927497367172,71.1714206590972,49.4949972432338,0.180194038214321,24.2268010740647,31.5967658405292
Norway,NO,NOR,2008,76876.8705028009,21.2458993979334,73.8668579713193,50.2053019433448,0.171170874617334,21.2777067890798,30.2102973986073
Norway,NO,NOR,2009,74688.7531445371,20.9429179789573,66.3869035154741,46.5103090483859,0.194261508136429,24.5463414802761,34.7244858136289
Norway,NO,NOR,2010,74505.4313586335,20.754997253418,67.1044480331039,45.9823053026954,0.208463452677979,24.9271604171231,34.0087255547637
Norway,NO,NOR,2011,74563.8349085669,20.688379548537,68.3082228214528,47.5637405298517,0.188196915560074,23.154803483069202,33.3756953994657
Norway,NO,NOR,2012,75669.0612719716,20.5094074558383,67.2907057063447,47.2892652888855,0.180127667734372,22.8484539272608,32.9385170902258
Norway,NO,NOR,2013,75711.2410395262,20.0276019544641,66.6575278489713,45.077659466854,0.21385043332851,24.0679260003398,33.2995827341893
Norway,NO,NOR,2014,76430.7374974687,19.3882840464421,67.7741797940433,44.6144172158497,0.219689290664239,24.6402984354206,34.633509158041
Norway,NO,NOR,2015,77220.9524311414,18.7621759028647,68.8351790107466,43.9715350644664,0.228471199677916,25.9490775281753,36.9600654645236
Norway,NO,NOR,2016,77532.2750022669,18.3199996948242,67.3341230829057,43.7289763342243,0.238583641358854,27.3867597798695,38.4604728682508
Norway,NO,NOR,2017,78961.7757906168,18.0300254087625,67.1957153368952,43.6482748792285,0.224685709868913,26.8653344998511,37.3981112814144
Norway,NO,NOR,2018,79313.2889434042,17.7547887598277,68.1761206012317,45.1355227452729,0.202860421841805,25.207190308246,35.9206144318118
Norway,NO,NOR,2019,79937.5097885912,17.5064105121719,68.880243105732,45.7409488248506,0.204547477501534,25.0858478677404,37.153016522672
Norway,NO,NOR,2020,78387.0435023102,17.2970114299468,63.3673184179043,42.908642024702,0.236988459439037,27.8172650625268,43.6549969354522
Norway,NO,NOR,2021,81199.3391492139,17.1387122773044,69.1060572345311,45.7797462189852,0.210954727370145,22.4813287758922,35.2446402470094
Norway,NO,NOR,2022,83756.7383805061,17.0436338183966,79.9216011363033,54.4201171517944,0.1307799457127,15.1221123685815,28.2941044155595
Norway,NO,NOR,2023,83100.7944645872,16.9281439297834,77.401189583706,52.2589102375718,0.143492361682994,17.8231003945138,34.518210681823
Norway,NO,NOR,2024,83487.1332276928,16.6706262071531,79.5796368227724,51.4500576968702,0.151159024276804,18.522577618859,NA
OECD members,OE,OED,2000,30690.4774888104,24.3969461294674,46.5017915346953,26.8254421665769,1.08743944089994,30.5748993450951,24.5780099420536
OECD members,OE,OED,2001,30890.1307171384,24.0842071734763,45.262206632611,26.7326825067638,1.08677466298294,30.9476940382452,25.6625487471758
OECD members,OE,OED,2002,31136.4281024789,23.6950294776593,43.9043672804862,25.4991607909066,1.03721963764678,31.5902130673572,26.1109416084902
OECD members,OE,OED,2003,31536.7882697534,23.275802911762,43.627246402396,25.1727606466959,1.11600546589448,31.2692059329471,26.4669252322748
OECD members,OE,OED,2004,32329.4490211008,22.865080438401,45.8910406058815,25.1221969284753,0.436256435230277,31.058614844756,26.0997901945154
OECD members,OE,OED,2005,33018.6989832915,22.5063075404884,47.7679406201503,25.7743705229723,NA,31.0653453400182,26.1861570689205
OECD members,OE,OED,2006,33783.1305010851,22.2111530235682,50.4411833400992,26.1952534967344,NA,31.2548865179864,25.8729457826948
OECD members,OE,OED,2007,34431.7209417636,21.9357903710535,51.5239386428617,26.28095145222,NA,31.4374442298828,25.6829894142632
OECD members,OE,OED,2008,34298.2304550223,21.6818211106368,53.6896825523781,25.7223343482014,NA,30.9757978470542,27.0377979717541
OECD members,OE,OED,2009,32893.8945245987,21.4526612232602,46.7730625781555,24.400396593899,NA,30.5015100006542,29.6034214079781
OECD members,OE,OED,2010,33643.2480011289,21.2430572272248,51.3260384348016,25.0989610909758,NA,31.0187990832248,29.6756048720639
OECD members,OE,OED,2011,34082.4870465138,21.0750269851144,55.1030053326433,24.9863452378688,NA,31.476270334491,28.9537427661001
OECD members,OE,OED,2012,34347.4370080791,20.8389575825078,55.5112360164814,25.4015794041617,NA,31.0614628291827,28.849311407347
OECD members,OE,OED,2013,34700.9892249754,20.4699106331363,55.1482491389613,26.4411213916224,NA,30.5633062868484,28.2992496589526
OECD members,OE,OED,2014,35262.5460710348,20.084557961327,55.225064307929,26.3634958979203,NA,31.2634884567414,27.8914122293564
OECD members,OE,OED,2015,35931.9232791311,19.7765951181557,54.1818728245643,26.3754633595825,NA,30.6743512069211,27.4830208277948
OECD members,OE,OED,2016,36367.1062221549,19.6141708197169,53.1067266686986,26.2589773246615,NA,31.0859041029745,27.348889092325
OECD members,OE,OED,2017,37096.0220627904,19.5474664471306,54.9880584110509,26.5745498057569,NA,31.4588108277516,27.0813891176871
OECD members,OE,OED,2018,37756.2846941147,19.4602246634782,56.3322811447414,25.9704106457866,NA,30.1942585133101,27.002105450307
OECD members,OE,OED,2019,38231.9217156517,19.3493236647731,55.6720668830735,25.850381672896,NA,30.3400806145123,27.1995897865177
OECD members,OE,OED,2020,36615.9210625073,19.2618622824307,51.2170212483167,25.9661018468256,NA,29.8473202170651,34.4251256472952
OECD members,OE,OED,2021,38777.5008307701,19.1442215104707,55.391612459278,26.6893586495108,NA,30.2439579711568,33.0863754820047
OECD members,OE,OED,2022,39804.662496136,19.050372251556,62.7210761175953,27.228065182607,NA,28.4579730160524,29.5637157167728
OECD members,OE,OED,2023,40246.7434272636,18.9456841138379,58.0872109260643,26.1507902615368,NA,28.7528430552889,30.4272756577517
OECD members,OE,OED,2024,40700.644346174,18.8136821056391,56.884203306257,26.2649916182801,NA,28.3175256223826,NA
Oman,OM,OMN,2000,19881.7364316776,28.4599164770804,81.4132822358275,NA,NA,NA,NA
Oman,OM,OMN,2001,20546.0554077598,28.4820376983586,84.5270024947002,NA,NA,NA,NA
Oman,OM,OMN,2002,20150.1131971413,28.4986681888525,83.6537485764543,NA,NA,NA,NA
Oman,OM,OMN,2003,19485.6441506077,28.5073828028359,84.846636733578,NA,NA,NA,NA
Oman,OM,OMN,2004,19534.8601445269,28.4571076515735,88.611307129045,NA,NA,NA,NA
Oman,OM,OMN,2005,19629.0451546015,28.1422196561288,86.7613020421318,NA,NA,NA,NA
Oman,OM,OMN,2006,20096.3965576134,27.6079738796223,86.1457079854133,NA,NA,NA,NA
Oman,OM,OMN,2007,20642.7489563377,26.9320749841908,94.8657889777347,NA,NA,NA,NA
Oman,OM,OMN,2008,22007.7338963517,26.192227631971,94.7619029877161,NA,NA,NA,NA
Oman,OM,OMN,2009,22819.1977324647,25.4661364850997,91.6279353346997,NA,NA,NA,NA
Oman,OM,OMN,2010,22766.0503620721,24.8420275333726,96.3865546218487,NA,NA,NA,NA
Oman,OM,OMN,2011,20993.9079436935,24.3414196485312,101.641731939942,NA,NA,NA,NA
Oman,OM,OMN,2012,19824.1215485946,23.911843378932,102.0747604043,NA,NA,NA,NA
Oman,OM,OMN,2013,19299.9400516869,23.5085765785687,112.543521763774,NA,NA,NA,NA
Oman,OM,OMN,2014,18726.2026946971,23.1107423251049,102.27872108813,NA,NA,NA,NA
Oman,OM,OMN,2015,18808.3077921839,22.6974636962045,96.3775801852347,NA,NA,NA,NA
Oman,OM,OMN,2016,18830.6057208608,22.2478637695312,82.8642642018901,NA,NA,NA,NA
Oman,OM,OMN,2017,18277.945563615,21.6857739959864,88.9531480182956,NA,NA,NA,NA
Oman,OM,OMN,2018,18269.6769435562,21.0344160279724,89.2792178262847,NA,NA,NA,NA
Oman,OM,OMN,2019,18089.586668488,20.4219982454038,86.4782010313236,NA,NA,NA,NA
Oman,OM,OMN,2020,17743.8858800477,19.9823621077278,91.8758908014472,NA,NA,NA,NA
Oman,OM,OMN,2021,18291.3387983888,19.8760057896431,95.9494877293305,NA,NA,NA,NA
Oman,OM,OMN,2022,18792.4460565306,19.9882946847699,105.745009280655,NA,NA,NA,NA
Oman,OM,OMN,2023,17853.9644897801,20.4297026771068,106.446731102604,NA,NA,NA,NA
Oman,OM,OMN,2024,17347.2911298513,20.5559697185286,114.852671596819,NA,NA,NA,NA
Other small states,S4,OSS,2000,8345.85013891228,48.4646571412193,118.255040764592,30.4722332275215,27.4675221799747,34.2666418570033,30.102227447479
Other small states,S4,OSS,2001,8462.07721821462,48.4783631088365,117.040405622494,29.5893438309355,24.8293959148876,35.8102108768036,29.6462457341037
Other small states,S4,OSS,2002,8607.0452021325,48.482471630174,113.311813563853,29.8034786765746,20.9213576482199,35.2793690945614,30.054980032729
Other small states,S4,OSS,2003,8857.86466448506,48.4144165972348,106.916022400915,30.5573310665452,19.55585137481,33.7408609553785,31.3244046264839
Other small states,S4,OSS,2004,9162.0135054625,48.2828846272052,108.708259907986,31.0732882355571,10.3924568996756,35.9887821651671,30.5868688837655
Other small states,S4,OSS,2005,9484.43695184372,48.1537417535786,111.044104988956,32.5147252408393,19.5958397655749,36.2143129015871,31.5081807379075
Other small states,S4,OSS,2006,9957.08940870811,48.0204767261169,115.805444000781,33.3441009951495,16.8328412817981,36.4447759563657,31.1016461571865
Other small states,S4,OSS,2007,10374.8445722028,47.8566426192836,115.21682030385,33.5436058473211,13.6282308958779,35.4796742954779,30.41860631146
Other small states,S4,OSS,2008,10341.1289954056,47.6783051361937,118.403176241454,33.8487872604203,11.4343619246862,34.2983939506763,35.0714256001441
Other small states,S4,OSS,2009,9697.48344356645,47.5252094780312,109.256869941518,33.4221756393988,2.17488623571699,34.07521026052,36.4645830074299
Other small states,S4,OSS,2010,9827.79279523027,47.4291037159845,119.029853099057,38.0978199649033,1.19097644637208,32.6059799581783,36.1443125621651
Other small states,S4,OSS,2011,10048.9525362804,47.3571497987278,128.241606737343,39.648770315472,1.24052170843959,31.7832586552564,35.0879901539709
Other small states,S4,OSS,2012,10062.238765035,47.2710552043103,130.939383106498,41.1153162219515,1.08457235801265,32.7868629978964,37.6551875439213
Other small states,S4,OSS,2013,10035.6505283227,47.1770524005459,133.898210170303,39.111996158874,0.34929171402434,34.3435861012965,35.7713972142423
Other small states,S4,OSS,2014,10136.4144598495,47.0560464316535,132.53604384433,37.0802576781963,0.966617879887634,32.5752462290791,36.0624359826112
Other small states,S4,OSS,2015,10359.1167773921,46.9061522353842,132.386994472753,33.3259134068538,0.935106602409319,32.6265870772963,32.9863525447303
Other small states,S4,OSS,2016,10667.3498101902,46.7439697459557,129.826030756064,35.3692589927235,1.42848794413018,34.3605294431013,34.0045370828534
Other small states,S4,OSS,2017,11078.920682682,46.5558745622403,132.246471813015,33.247603389255,1.33902476169193,33.5317234668992,31.9043334290999
Other small states,S4,OSS,2018,11423.9568368891,46.3480859329347,134.418960043832,33.2677395577976,1.40681980787167,33.8600743650905,32.9438755539002
Other small states,S4,OSS,2019,11766.3686894514,46.1272671332495,136.482720392668,33.1695518490955,1.04653516587816,32.1121991200069,32.5774130608002
Other small states,S4,OSS,2020,10967.167100197,45.9400708444246,132.264679163186,32.138077529385,1.26936845927895,29.912013301926,38.5112967369962
Other small states,S4,OSS,2021,11725.9484104048,45.7800282050348,148.020858407982,31.8746095494836,1.11851897168371,30.0192127691019,36.5690814141903
Other small states,S4,OSS,2022,12090.2779307406,45.5632624852728,164.282417815032,33.6860694650827,NA,33.4440214320247,34.7814263830313
Other small states,S4,OSS,2023,12357.3872788898,45.2586615274654,152.142105318558,33.8998471849617,NA,35.0235435641863,35.0770843379385
Other small states,S4,OSS,2024,12591.7678646757,45.0384455755522,147.565086619662,NA,NA,34.3645677051619,NA
Pacific island small states,S2,PSS,2000,3208.21888491744,65.5615552367564,110.223937270479,NA,NA,NA,NA
Pacific island small states,S2,PSS,2001,3193.57852227137,65.3380395812795,105.576922217994,NA,NA,NA,NA
Pacific island small states,S2,PSS,2002,3214.36683920705,65.1122910764042,102.89347546937,NA,NA,NA,NA
Pacific island small states,S2,PSS,2003,3236.8833823393,64.8852873941478,104.581518113251,NA,NA,NA,NA
Pacific island small states,S2,PSS,2004,3326.36724848114,64.6554415389009,103.707015457743,NA,NA,NA,NA
Pacific island small states,S2,PSS,2005,3370.06060523234,64.4233123167957,102.900039652348,NA,NA,NA,NA
Pacific island small states,S2,PSS,2006,3412.7724072437,64.1713057452078,101.368257067224,NA,NA,NA,NA
Pacific island small states,S2,PSS,2007,3380.41609757067,63.8692483355543,99.7610098398553,NA,NA,NA,NA
Pacific island small states,S2,PSS,2008,3413.03941195594,63.5419192663007,112.897356209203,NA,NA,NA,NA
Pacific island small states,S2,PSS,2009,3363.38936959225,63.2117892416753,100.046619048029,NA,NA,NA,NA
Pacific island small states,S2,PSS,2010,3443.97974761278,62.9164740486333,108.4842245744,NA,NA,NA,NA
Pacific island small states,S2,PSS,2011,3527.86024214419,62.7084402497487,113.221074643064,25.3917386573701,NA,NA,26.4111489516406
Pacific island small states,S2,PSS,2012,3517.62486668208,62.4978595781702,114.390783134003,26.3129424352907,NA,NA,27.2544925193912
Pacific island small states,S2,PSS,2013,3584.67594496285,62.2738854936806,114.122728521592,26.7729857258752,NA,NA,28.2113450090865
Pacific island small states,S2,PSS,2014,3664.67145222981,62.0341377545815,105.458447205918,29.3220956665127,NA,NA,29.7349217072689
Pacific island small states,S2,PSS,2015,3761.06673610832,61.7741124135027,99.3961792263783,31.0045809079993,NA,NA,30.3746143491513
Pacific island small states,S2,PSS,2016,3851.98445284976,61.4893846628695,95.963446575804,29.2177009755628,NA,NA,29.6299253460078
Pacific island small states,S2,PSS,2017,3950.29303336273,61.1956486819149,94.5921922530943,30.964330685434,NA,NA,30.1751749387859
Pacific island small states,S2,PSS,2018,4006.76552928832,60.9669273877939,98.125759164639,32.1290929707936,NA,NA,30.9366467868088
Pacific island small states,S2,PSS,2019,4011.32445225678,60.7291199622238,102.576795339028,32.0279295456625,NA,NA,31.9314945866583
Pacific island small states,S2,PSS,2020,3563.03524602951,60.5490891346335,77.822496086836,28.201719503779,NA,NA,36.0867275744098
Pacific island small states,S2,PSS,2021,3430.07442035851,60.3416681014272,79.8740108393576,26.6056000672658,NA,NA,36.8316211507453
Pacific island small states,S2,PSS,2022,3673.22544665674,60.0572099176505,100.616717744541,26.3911025170846,NA,NA,32.8062544765916
Pacific island small states,S2,PSS,2023,3890.39488708922,59.7473641664624,109.830148087361,28.5642696864885,NA,NA,31.1404006446027
Pacific island small states,S2,PSS,2024,3983.82503549085,59.4367200367294,107.346037482762,NA,NA,NA,NA
Pakistan,PK,PAK,2000,1049.54229686852,66.9953115508465,21.4599638884654,NA,NA,NA,12.7761000126159
Pakistan,PK,PAK,2001,1057.86767778646,66.8011528335968,23.5772074298467,NA,NA,NA,NA
Pakistan,PK,PAK,2002,1059.04171024589,66.6142921457248,23.1290159545291,NA,NA,NA,NA
Pakistan,PK,PAK,2003,1090.27523993746,66.4330790334981,24.6501585248398,NA,NA,NA,NA
Pakistan,PK,PAK,2004,1146.99632842666,66.2558630431842,24.8083348519064,NA,NA,NA,NA
Pakistan,PK,PAK,2005,1201.23359367214,66.0809937210505,29.8784940550747,NA,NA,NA,NA
Pakistan,PK,PAK,2006,1243.94142602543,65.9068206133644,33.0497193672284,NA,NA,NA,NA
Pakistan,PK,PAK,2007,1265.35567539842,65.7316932663935,30.7878814312746,NA,NA,NA,NA
Pakistan,PK,PAK,2008,1258.05188934452,65.5539612264052,34.3489608135242,NA,NA,NA,NA
Pakistan,PK,PAK,2009,1269.07432116444,65.3719740396669,33.3268872863988,NA,NA,NA,NA
Pakistan,PK,PAK,2010,1256.69482201323,65.1840812524461,31.9890020462315,NA,NA,NA,NA
Pakistan,PK,PAK,2011,1261.83161907857,64.9886324110103,32.3626382751438,NA,NA,NA,NA
Pakistan,PK,PAK,2012,1275.48806898966,64.7839770616269,31.3189732760076,NA,NA,NA,NA
Pakistan,PK,PAK,2013,1309.70080446386,64.5684647505634,30.8902743401844,NA,NA,NA,NA
Pakistan,PK,PAK,2014,1343.30778121043,64.3404450240872,29.4698256903998,NA,NA,NA,NA
Pakistan,PK,PAK,2015,1380.47020838317,64.0982674284658,26.6881860172247,NA,NA,NA,NA
Pakistan,PK,PAK,2016,1452.18658269177,63.8402815099667,24.7015780480573,NA,NA,NA,NA
Pakistan,PK,PAK,2017,1495.26187528032,63.5648451776601,25.472035002344,NA,NA,NA,NA
Pakistan,PK,PAK,2018,1561.68169819559,63.2521488449641,27.6260570796337,NA,NA,NA,NA
Pakistan,PK,PAK,2019,1573.8330826937,62.8908368264231,28.9055769867032,NA,NA,NA,NA
Pakistan,PK,PAK,2020,1526.00597486307,62.4919807051901,26.7162807328814,NA,NA,NA,NA
Pakistan,PK,PAK,2021,1595.02792175422,62.0666604485827,27.0304204125548,NA,NA,NA,NA
Pakistan,PK,PAK,2022,1642.28066974826,61.6259560239184,33.031353478032,NA,NA,NA,NA
Pakistan,PK,PAK,2023,1610.33122837537,61.1808138127209,28.4676925469837,NA,NA,NA,NA
Pakistan,PK,PAK,2024,1635.08731167091,60.8265631639095,27.5653309105795,NA,NA,NA,NA
Palau,PW,PLW,2000,12216.9793626185,30.4123798198211,NA,NA,NA,NA,NA
Palau,PW,PLW,2001,12996.5090361666,29.4662890998231,NA,NA,NA,NA,NA
Palau,PW,PLW,2002,13503.9227174315,27.6182968092616,NA,NA,NA,NA,NA
Palau,PW,PLW,2003,13111.7142001123,25.4555151941709,NA,NA,NA,NA,NA
Palau,PW,PLW,2004,13456.8137686422,23.554676112018,NA,NA,NA,NA,NA
Palau,PW,PLW,2005,13845.7172322875,22.425731790463,122.074561928033,NA,NA,NA,NA
Palau,PW,PLW,2006,14037.3706523634,21.693104240853,128.141473764216,NA,NA,NA,NA
Palau,PW,PLW,2007,14346.8995831129,20.980398699349,117.584002441168,NA,NA,NA,NA
Palau,PW,PLW,2008,13759.0034121669,20.3360786864032,127.565668476156,19.3846185622132,10.6597935810691,18.1254460172085,50.7763941316675
Palau,PW,PLW,2009,13113.5786666921,19.7813287076614,115.261869136107,20.0081083090552,9.84525204410525,18.2059763591048,52.246746782566
Palau,PW,PLW,2010,12933.0676102142,19.3373332687696,123.113914891838,19.5760442865576,9.04942577252133,17.8415708937787,51.0365368742883
Palau,PW,PLW,2011,13758.7587383152,19.0252768753737,138.086472173303,21.1540639729323,8.44722902000684,21.7125982417913,53.5933630674717
Palau,PW,PLW,2012,14289.7833891839,18.8714336431565,144.101360548224,21.804235235346,9.94914710046491,21.8891755272334,53.8372525373681
Palau,PW,PLW,2013,14184.0449521037,18.9243104660858,140.845204181817,22.1386678391979,10.4769025421244,25.1950505155701,48.5476334405952
Palau,PW,PLW,2014,14725.8436432778,19.2661359637434,145.793812924789,24.2376780301986,10.8391764281815,24.1694284557372,46.0243074791671
Palau,PW,PLW,2015,15938.3652222848,19.611753730766,128.207298267542,25.1293974253525,12.5596837934188,26.9513392345339,39.6302095895436
Palau,PW,PLW,2016,16179.3959628749,19.8910664233935,118.759866134181,24.8741538683501,12.7223877624872,24.650234107219,40.7114517601819
Palau,PW,PLW,2017,15612.6700180498,20.1715420977502,122.650636452895,26.6171676701176,13.0046145331186,25.1516032997579,41.6401615737611
Palau,PW,PLW,2018,15545.7219371676,20.4479131431256,117.771970509059,26.8344455739333,12.3739913518634,24.715646966449,40.6886850453964
Palau,PW,PLW,2019,15606.4827634374,20.7196185847173,115.497705299446,24.5146786355221,11.28211344988,21.1334780362228,42.4251675805273
Palau,PW,PLW,2020,14673.8845975778,20.9203115993736,104.430720909895,24.2163800569469,12.3429635949498,14.1510836979578,58.9547294274935
Palau,PW,PLW,2021,12932.0857060233,20.9109201217584,79.5791429216543,NA,NA,NA,NA
Palau,PW,PLW,2022,12889.6216058288,20.8865168287044,103.651854764975,NA,NA,NA,NA
Palau,PW,PLW,2023,13070.7944502154,20.8468008561153,106.757623549153,NA,NA,NA,NA
Palau,PW,PLW,2024,14666.5457772703,20.7904957121333,105.811955583144,NA,NA,NA,NA
Panama,PA,PAN,2000,6856.14919005847,37.7834629986418,139.197934867656,NA,NA,NA,NA
Panama,PA,PAN,2001,6787.86267897348,37.3662982722589,135.584351118395,NA,NA,NA,NA
Panama,PA,PAN,2002,6825.17747437166,36.9669095573658,126.024482449851,NA,NA,NA,NA
Panama,PA,PAN,2003,7037.08165700349,36.5920050054484,117.267478940646,NA,NA,NA,NA
Panama,PA,PAN,2004,7468.76593139801,36.2446241581584,124.761756520445,NA,NA,NA,NA
Panama,PA,PAN,2005,7935.87135060821,35.9278065571474,139.211165086724,NA,NA,NA,NA
Panama,PA,PAN,2006,8557.9801770364,35.644591744067,141.47257128141,NA,NA,NA,NA
Panama,PA,PAN,2007,9507.64641073854,35.3980192605689,148.665601089573,NA,NA,NA,NA
Panama,PA,PAN,2008,10288.1549911493,35.1911286483048,164.58628613577,NA,NA,NA,NA
Panama,PA,PAN,2009,10267.0633151993,35.0269594489263,137.046021610678,NA,NA,NA,NA
Panama,PA,PAN,2010,10698.0717633911,34.9073902352094,145.44871880643,NA,NA,NA,NA
Panama,PA,PAN,2011,11761.4988547604,34.8103321335182,158.208395346813,NA,NA,NA,NA
Panama,PA,PAN,2012,12668.2945474105,34.7170531711849,153.208620367102,NA,NA,NA,NA
Panama,PA,PAN,2013,13236.8306754449,34.6290229896635,133.071568935782,NA,NA,NA,NA
Panama,PA,PAN,2014,13611.5490809559,34.5468835229904,114.970604927053,13.2308283618392,5.56512747908416,36.0844922417652,12.9112874571712
Panama,PA,PAN,2015,14082.6548502728,34.4712767052019,96.5791573428957,12.8142246963562,5.39645017066561,36.2472384887855,13.9994263537471
Panama,PA,PAN,2016,14474.1243636349,34.4028444703344,84.3959718738111,12.6851464212311,4.62821868069801,36.8909520525309,13.6950577799679
Panama,PA,PAN,2017,15045.5456426827,34.3422287524242,84.0475372402933,13.4436094044467,4.09661347025371,33.458731522362,13.9417844546437
Panama,PA,PAN,2018,15375.6500855703,34.2900714855076,86.1309615112445,13.1867976086809,3.752316109621,32.5253887976248,13.5920943066457
Panama,PA,PAN,2019,15602.5315209709,34.247014603621,80.4286505649569,11.8337769971945,3.83743459900025,36.5031521479444,15.0372968929585
Panama,PA,PAN,2020,12647.0914227279,34.2137000408007,68.700423510603,11.5055207412799,3.27946626809986,35.319544571280296,19.26891438532
Panama,PA,PAN,2021,14552.9345271768,34.1907697310831,80.1334635232887,11.3727886842756,3.72540334340264,34.4366896284657,17.1412565556766
Panama,PA,PAN,2022,15956.0671087873,34.1788656085044,93.4752688552496,11.9868353876048,3.50667352448389,32.9772897517498,NA
Panama,PA,PAN,2023,16877.1543425646,34.1398728823916,88.3489105169795,12.0037500077077,2.92210180827912,28.4081703624327,NA
Panama,PA,PAN,2024,17122.7168795289,34.0041552314512,83.6737788620216,10.6956400496819,3.30800758810186,32.5960660267328,NA
Papua New Guinea,PG,PNG,2000,1989.57882204274,86.7771227723045,115.421837958873,24.2255695474435,24.2303961983137,9.22837213895864,30.0470326013271
Papua New Guinea,PG,PNG,2001,1920.78003889393,86.8135905283922,117.580367053663,26.2036397564518,20.8805629892546,12.0779661399517,26.9230976405067
Papua New Guinea,PG,PNG,2002,1854.41831737462,86.8469305391165,118.919110291279,22.4674617133542,26.4229436763456,12.8568540621269,22.093912745056
Papua New Guinea,PG,PNG,2003,1832.67870314447,86.8773932166062,123.449069006746,NA,NA,NA,NA
Papua New Guinea,PG,PNG,2004,1821.84741071002,86.9048326247256,131.082911016249,NA,NA,NA,NA
Papua New Guinea,PG,PNG,2005,1875.82273480514,86.9291028273388,NA,NA,NA,NA,NA
Papua New Guinea,PG,PNG,2006,1915.2349405788,86.95005788831,NA,NA,NA,NA,NA
Papua New Guinea,PG,PNG,2007,2000.9726186689,86.9675518715035,NA,NA,NA,NA,NA
Papua New Guinea,PG,PNG,2008,1934.03201558753,86.9814388407834,NA,NA,NA,NA,NA
Papua New Guinea,PG,PNG,2009,2003.24109727039,86.991572860014,NA,NA,NA,NA,NA
Papua New Guinea,PG,PNG,2010,2140.50939027384,86.9978079930593,NA,NA,NA,NA,NA
Papua New Guinea,PG,PNG,2011,2102.03192060639,86.9999974984636,NA,NA,NA,NA,NA
Papua New Guinea,PG,PNG,2012,2139.48096660428,86.9856203928638,NA,NA,NA,NA,NA
Papua New Guinea,PG,PNG,2013,2162.10592595591,86.9417524266906,NA,NA,NA,NA,NA
Papua New Guinea,PG,PNG,2014,2391.3578028163,86.8683595974735,NA,19.2671991455953,4.67368421052632,24.2829473684211,21.7511493892941
Papua New Guinea,PG,PNG,2015,2484.5963398603,86.7658640163681,NA,16.933240692062,5.13720162922894,24.3580503068026,20.2295670659165
Papua New Guinea,PG,PNG,2016,2557.09463030035,86.6346348057608,NA,13.9232871005037,5.11971225425332,24.6441452528948,18.3875117589636
Papua New Guinea,PG,PNG,2017,2584.8883636271,86.4750355118112,NA,13.906441828533,4.83890009251869,28.2432643434289,16.582991808656
Papua New Guinea,PG,PNG,2018,2518.45899317321,86.2874279467838,NA,15.4274780350673,5.75563564841981,25.1124514169311,18.3099112905525
Papua New Guinea,PG,PNG,2019,2572.56177967896,86.0721732553053,NA,14.1989017393894,6.55754952710145,28.390444018553,19.1432069429868
Papua New Guinea,PG,PNG,2020,2438.61137922293,85.8296322814271,NA,12.9289799059491,6.28745547788246,27.8889756859843,20.8959129575791
Papua New Guinea,PG,PNG,2021,2378.3893914666,85.5601657177647,NA,12.8483603668064,5.61890758315674,29.5324519549391,19.8313425444315
Papua New Guinea,PG,PNG,2022,2467.24008628973,85.2641341739159,NA,15.3203624359406,4.88737510224729,23.1604120105618,19.4489105867616
Papua New Guinea,PG,PNG,2023,2515.28575096589,84.9418982108794,NA,16.8608576743896,3.3700859406057,26.3856862506716,20.3235953856532
Papua New Guinea,PG,PNG,2024,2566.91067057792,84.5938183596667,NA,16.5534297070832,3.65777895440684,25.5454990468034,NA
Paraguay,PY,PRY,2000,4074.48953320404,42.4858830591769,78.6447297611485,NA,NA,NA,NA
Paraguay,PY,PRY,2001,3972.88427866686,42.0313422650426,72.6056990118238,NA,NA,NA,NA
Paraguay,PY,PRY,2002,3916.4402230868,41.6910267133309,79.4415656482927,NA,NA,NA,NA
Paraguay,PY,PRY,2003,4035.71833919883,41.4478665596571,81.1273637701163,NA,NA,NA,NA
Paraguay,PY,PRY,2004,4151.34584799368,41.2578629703746,80.1044466155542,NA,NA,NA,NA
Paraguay,PY,PRY,2005,4193.2808652562,41.105920858021,85.0219636540457,14.5033238158547,8.39479392624729,35.5665737010639,12.2787341251754
Paraguay,PY,PRY,2006,4349.31197066182,40.9797713165373,84.7335313048126,14.7298570411655,8.20111252979991,35.3009455610418,12.3649511285838
Paraguay,PY,PRY,2007,4540.38235899198,40.8671454398645,79.0011374202968,13.9257872082402,6.5792086315696,38.1765139035511,11.4827516924891
Paraguay,PY,PRY,2008,4788.6631877791,40.7557743219436,80.777574657268,13.8477733011682,7.00933230318663,39.2712612522108,10.8129075001749
Paraguay,PY,PRY,2009,4727.59685811395,40.6333890567156,70.8419818624432,14.5930850963409,5.94097849420749,36.3965848492075,12.5773872015926
Paraguay,PY,PRY,2010,5191.05014254402,40.4877207381214,81.2575233746727,14.663454416389,7.91791289966511,40.1802856997719,11.8391195380757
Paraguay,PY,PRY,2011,5342.19015717376,40.306500460102,78.4921238489348,15.5615483849859,7.51708440372757,39.0588273392902,13.0832818921182
Paraguay,PY,PRY,2012,5230.26244858764,40.0787090545298,74.7649574560794,16.6920046610406,6.56907678001953,37.1360747699005,15.7041029014301
Paraguay,PY,PRY,2013,5583.12274473463,39.7624684399099,73.3698713841075,15.779985613146,6.16301341519427,37.8179950498642,14.3618811109228
Paraguay,PY,PRY,2014,5794.4764468976,39.2898034051843,69.0837249631346,16.7182017190764,6.23389704906371,41.5577807841367,14.001361051633
Paraguay,PY,PRY,2015,5879.33792308671,38.6697231466737,66.9150655259573,17.3584836645057,5.30910195671158,39.1255909162476,14.8283479769772
Paraguay,PY,PRY,2016,6041.95879367268,37.9172386791394,67.7593152322047,16.8648796628657,4.44824304627204,35.5795348455608,15.4216143903646
Paraguay,PY,PRY,2017,6243.13363139058,37.0473610173426,71.0801344038377,17.4431333716623,5.99574640978487,38.5922864113669,14.4661468516944
Paraguay,PY,PRY,2018,6354.2392005297,36.0751011760447,72.069223625915,17.331779790204,6.26287165631537,37.5523951697273,16.1304844057012
Paraguay,PY,PRY,2019,6243.53620897773,35.0154701700071,71.2221617342433,17.5461211473474,4.84330997640571,29.6324111041579,20.3502301282138
Paraguay,PY,PRY,2020,6109.19608100615,33.883479013991,62.7602174748561,16.7319714533172,5.03281414046953,36.6615339143472,18.4727986970316
Paraguay,PY,PRY,2021,6276.7748423663,32.6941387227579,69.7320126827159,16.8925783551728,5.43459880906451,37.5471095982227,16.745746019399
Paraguay,PY,PRY,2022,6204.20811531911,31.3603462180542,73.8736311444119,17.4421824565221,5.72637345050597,36.1276054783732,16.5795627400072
Paraguay,PY,PRY,2023,6452.28566840034,30.6533918266306,82.5777252296516,17.5638366633057,5.27459731817054,35.8392624800787,18.94568644434
Paraguay,PY,PRY,2024,6670.6995656958,30.1377414113039,77.0944384539197,18.6696355900134,5.70902381097291,36.097023697666,NA
Peru,PE,PER,2000,3286.27308475523,27.2275168792297,35.5380321623178,17.9469941966066,8.10376219172036,39.9700839244006,18.4212887077482
Peru,PE,PER,2001,3261.6642505136,26.8434185918414,35.0644014310212,17.2308754321278,7.89704178257149,40.7413067433717,18.2439858212758
Peru,PE,PER,2002,3398.74991419297,26.4499348055325,35.2491813317695,16.7609281180751,6.70457403284078,43.6042667255519,17.6134329055327
Peru,PE,PER,2003,3502.79165687646,26.0441249266864,37.6246103251002,17.2802771891532,6.26026014801525,44.5255102040816,17.7708378805601
Peru,PE,PER,2004,3640.60299869744,25.6230483616867,41.9360782679273,17.2039835918135,6.07517932112607,44.7686624455576,17.3833715752298
Peru,PE,PER,2005,3835.13219279722,25.1837645169168,47.3573174768394,18.39385201935,5.68725589094954,40.4858901735599,18.0201336794962
Peru,PE,PER,2006,4091.36268615581,24.7233327987603,51.7850560338442,19.9437932035762,4.08725349531018,36.6802774296771,17.0776767262438
Peru,PE,PER,2007,4407.79121686416,24.2384749411262,55.6881132836815,20.9707094083826,2.3748409910101,35.885159789485,18.1434002111455
Peru,PE,PER,2008,4778.52642172313,23.7255120883221,58.4337673899053,21.151426477947,2.55073932856752,37.1307427054208,17.8236305892688
Peru,PE,PER,2009,4801.17153740507,23.177852459255,48.1119296153519,18.9616655245849,2.14876600922347,39.2863764900961,18.4835822470063
Peru,PE,PER,2010,5167.39259325937,22.5979063166066,51.6728089370033,20.286038761212,2.1212741466824,39.0643842927222,17.8223398948007
Peru,PE,PER,2011,5453.45718713631,21.9881835014538,55.9882802838607,20.8025617676613,1.39271121705591,36.1512506370137,17.6278849212839
Peru,PE,PER,2012,5740.04346272472,21.3511938548732,52.6198952632294,21.5132965845721,1.39014241468909,35.0709664567901,17.9177884982323
Peru,PE,PER,2013,6021.46142765232,20.6894472179414,49.7871424471444,21.5492040891251,1.45088430763037,35.8652821572353,18.9583513319003
Peru,PE,PER,2014,6103.91864749969,20.0054534317351,46.8531210912899,21.8296907288523,1.43442261839963,36.0141411401287,20.511421911594802
Peru,PE,PER,2015,6231.71150338894,19.301722337331,45.1627686891148,19.679565807863,1.47210335064618,37.8673040167311,20.5675823700928
Peru,PE,PER,2016,6392.25474941014,18.5807637758057,45.3888411964154,18.2765652206734,1.3399144689984,35.3855932459009,19.1880269352898
Peru,PE,PER,2017,6457.41940254721,17.8068349497597,47.5135503619971,17.8234033989894,1.15660623457299,35.0953282505759,20.1502784685185
Peru,PE,PER,2018,6593.14437459526,17.3145070039079,48.631470171736,19.0379642707319,1.02920555194953,36.1879995830631,19.8892517491084
Peru,PE,PER,2019,6626.26083494969,16.8966996912895,46.9435053754409,19.5290026661565,0.932930174283555,35.2966753194602,20.6619118591877
Peru,PE,PER,2020,5831.83024758521,16.4732562810363,44.245967197744,18.0501223065786,0.883365597580393,34.5546261808911,26.9065402747666
Peru,PE,PER,2021,6550.96747543872,16.0519881727639,55.4083231938774,20.6701362394943,0.785905852352107,36.3305196670302,22.8389646747493
Peru,PE,PER,2022,6671.28902042137,15.6336445048806,57.2727003111939,NA,NA,NA,NA
Peru,PE,PER,2023,6575.18295502228,15.2189744150255,50.9070307213493,NA,NA,NA,NA
Peru,PE,PER,2024,6732.27773809578,14.8087270399645,51.6811479870417,NA,NA,NA,NA
Philippines,PH,PHL,2000,1793.34761146436,60.8615828602258,85.1533684600039,13.983479121829,18.3259616182152,27.6025562137482,15.7043454580072
Philippines,PH,PHL,2001,1807.70892524758,60.4624814391157,84.9003886237531,14.1837329867608,17.4547530468697,26.0902128313323,16.3761597643013
Philippines,PH,PHL,2002,1837.25429286854,60.0446077068123,83.8448040937789,13.3140568189552,16.6875758244182,25.9655550347414,16.2398182535247
Philippines,PH,PHL,2003,1892.82161995051,59.6071493864562,87.5746443636636,13.5772772504881,16.6497857421114,25.178028827425,16.3039879253457
Philippines,PH,PHL,2004,1978.34489133113,59.1492942011879,87.1252848232048,13.3154162134607,17.346291098354,24.3832602225764,15.2483585913628
Philippines,PH,PHL,2005,2037.8776605946,58.6702298741481,83.8456745708051,13.7818335933477,17.519617459539,23.2123589995096,16.5075781461687
Philippines,PH,PHL,2006,2110.42044781284,58.1691441284774,80.8505386728775,14.8884411968116,20.3150789696526,25.0788876381687,14.5746291197224
Philippines,PH,PHL,2007,2209.34651083329,57.6529500040503,73.6449799920629,14.5498939856171,19.9944247518108,23.8497470613,13.8880937726132
Philippines,PH,PHL,2008,2264.9462907288,56.8452507592984,67.6810707730401,14.566941313229,22.1904462253782,21.4128153902692,13.581599410109
Philippines,PH,PHL,2009,2256.72554835463,55.6643227390473,60.8865907869758,13.3831179500151,19.616130838908,24.9945017812448,14.509485683653
Philippines,PH,PHL,2010,2373.14312064664,54.4791823273353,66.1042785137797,12.8470591641686,21.4610760795689,24.3625818425957,13.7936889438216
Philippines,PH,PHL,2011,2416.75212064542,53.3166367535241,60.7958366999075,13.3982787223193,19.500261123493,22.6689027664379,13.5211906618935
Philippines,PH,PHL,2012,2533.74141964959,52.0817215189574,57.8420055133082,13.8032343791337,18.9849739785619,23.9078920997788,13.5454813748711
Philippines,PH,PHL,2013,2654.41506933978,50.8686311233794,55.8247812320298,14.2155505906419,17.7967046403627,25.7281080251363,13.20715199779
Philippines,PH,PHL,2014,2776.92005909479,49.7607599787632,57.4681720875945,14.4354568990067,19.3673463929021,25.2950780380123,12.8216477698348
Philippines,PH,PHL,2015,2909.85818010301,48.8450952254773,59.1415921053094,14.6770502818935,17.9569122831018,25.3660550481127,13.4767411156598
Philippines,PH,PHL,2016,3076.3374186759,48.0885251848825,61.7760657653871,14.5097320228406,18.0514959380548,26.0348874596606,13.4351490147382
Philippines,PH,PHL,2017,3247.4503878362,47.3989517645656,68.1683697426727,14.93213807295,18.5326948458137,26.9562241814407,13.6131575683624
Philippines,PH,PHL,2018,3410.93647976109,46.7911102535246,72.1633982990273,15.518451436483,20.9245237813474,27.2764507111469,14.2125593180425
Philippines,PH,PHL,2019,3575.88170922922,46.2842140051983,68.8418422595678,16.0691583520658,20.0952278706894,27.4311742669728,14.8073074115535
Philippines,PH,PHL,2020,3198.66690008413,45.8922280104023,58.1695603022281,15.9052544996477,18.8299757529081,27.1585535210647,19.5603029244639
Philippines,PH,PHL,2021,3350.97587587776,45.5495897489224,63.4846098136712,15.4805124388839,21.4148624808437,28.3418254389445,19.1392292224505
Philippines,PH,PHL,2022,3577.70136573244,45.2097656431673,72.4296836107599,16.0827426789485,24.3356183189004,25.8630210739197,18.6068893324404
Philippines,PH,PHL,2023,3744.69763802686,44.8757283831149,67.4199693171606,15.7220468648187,23.1011970975082,24.230972109487,16.8805903400909
Philippines,PH,PHL,2024,3926.14900894495,44.5479016784523,65.8637883882752,16.6932227681666,20.7592834569365,25.2928823936613,NA
Poland,PL,POL,2000,7401.57697647848,38.2540839386097,60.6107209423297,33.9987414673214,1.9713724477418,31.4241776817787,38.1558904251738
Poland,PL,POL,2001,7494.96089503246,38.2442291353944,57.8785312712895,34.4141448227122,1.48784855840388,30.9476940382452,39.6556751835274
Poland,PL,POL,2002,7640.99307757777,38.2418465444304,60.7967990573911,34.5760714811724,1.3354063724655,32.628003066962,39.585153910354
Poland,PL,POL,2003,7915.55424389704,38.2718625620398,69.2134479841788,34.4398418354802,1.29501023095659,33.0393285486389,40.4937170662152
Poland,PL,POL,2004,8323.38773754587,38.3444827440011,70.9815765694162,32.4804579773166,0.500243059661293,35.399997372328,37.8244157129918
Poland,PL,POL,2005,8598.57681241557,38.4502989225144,70.3114790902584,33.2330742288529,NA,36.4151301204659,36.9606953839401
Poland,PL,POL,2006,9137.65850849801,38.5800311500904,77.7008035402352,33.633445906603,NA,36.8327456351987,36.6626761383487
Poland,PL,POL,2007,9760.7042604352,38.7243994792396,80.745399056691,34.1119695988835,NA,37.2834193494324,35.0894966496557
Poland,PL,POL,2008,10187.2017910883,38.8741239624726,80.5746815569207,33.4626969999667,NA,38.2838245613222,35.8115464821891
Poland,PL,POL,2009,10446.5289138524,39.0199246523,74.9685965264269,31.4402563453917,NA,36.2693234313512,36.7259261843907
Poland,PL,POL,2010,10808.3975674238,39.1525216012323,82.2258523219922,31.9706586203309,NA,38.3979344984324,36.7345749661846
Poland,PL,POL,2011,11370.313427173,39.2642909347456,86.9236892837618,32.537093932932,NA,38.0201588259223,34.8359106996135
Poland,PL,POL,2012,11542.2353368014,39.3658367211134,88.8299033066583,32.7536212229741,NA,35.371125619421,35.0580862781262
Poland,PL,POL,2013,11628.2286809525,39.4666812534677,90.4175072415629,32.4418965323538,NA,35.418756575567,35.9129620312523
Poland,PL,POL,2014,12093.1622787394,39.5659936655672,92.0340197113178,32.2897733286165,NA,35.5627880061033,35.0749023643641
Poland,PL,POL,2015,12637.5220324406,39.6637113194365,92.2554272741942,32.4821172392908,NA,35.2389233676889,34.1387372869929
Poland,PL,POL,2016,13026.1858988718,39.7597715771003,96.8659028060623,32.8126112028125,NA,36.4291778368439,34.8011532937469
Poland,PL,POL,2017,13695.6452848724,39.854111800583,100.56589524628,33.5318974617845,NA,36.7800865322435,34.2617520918092
Poland,PL,POL,2018,14551.0850277089,39.9466693519093,102.442462168005,34.1003647349327,NA,36.7572217632641,33.0589633854181
Poland,PL,POL,2019,15221.3090624454,40.0373815931037,101.581033817373,34.1467261960069,NA,36.1403362227276,33.827053466204
Poland,PL,POL,2020,15090.2228440113,40.1261858861908,99.2590912303436,34.7081923171819,NA,35.6873298273552,40.522296880667
Poland,PL,POL,2021,16368.6239689025,40.1903486794457,110.874283021945,35.7886364097481,NA,37.3792283844661,36.9985474454804
Poland,PL,POL,2022,17303.64494323,40.1684511951679,123.021332860345,33.8091813534998,NA,35.5710568386031,36.0632407243175
Poland,PL,POL,2023,17410.3830137066,40.1140438629786,110.024935041815,35.8946310017879,NA,35.1253772738396,39.0982392627941
Poland,PL,POL,2024,18000.5034591285,40.0294531304899,100.359442847164,NA,NA,NA,NA
Portugal,PT,PRT,2000,18822.0933092937,45.5948364610858,67.4529979863247,35.3095012013641,5.84440646192865e-4,31.9615460109169,37.191454590642
Portugal,PT,PRT,2001,19053.089945659,44.9320166990788,65.0919551771122,34.9996662493316,9.67997171764785e-5,32.393930657733,38.056193389757
Portugal,PT,PRT,2002,19095.1102477398,44.210700130321,62.3082594169772,36.0840839954397,0.00023328421404604301,32.5626951325249,38.4231231303128
Portugal,PT,PRT,2003,18846.5411893632,43.4134490479287,61.1389474883653,35.4466072885111,NA,32.9587377187544,39.746800422034
Portugal,PT,PRT,2004,19137.8370898949,42.5828142352336,63.2045936670279,35.7367987370743,NA,32.5271730440169,40.3509034197459
Portugal,PT,PRT,2005,19251.71450683,41.7549236610415,62.944504560452,36.2115552441162,NA,33.9031236066213,41.3042466938943
Portugal,PT,PRT,2006,19529.3122100477,40.9659052941581,68.5470531182009,35.5408596856538,NA,34.243994479202,39.9655434630104
Portugal,PT,PRT,2007,19979.5706280792,40.2518871033891,69.9461175817991,35.8922266385753,NA,32.8420906371239,39.1639890772347
Portugal,PT,PRT,2008,20014.4749330004,39.6489970575405,72.0757429221604,35.8394769984057,NA,32.0140351898343,40.201497485402
Portugal,PT,PRT,2009,19371.1318876855,39.1933631254178,61.4926935267759,34.3645675576001,NA,29.6123184638877,43.2776433601829
Portugal,PT,PRT,2010,19698.6836791397,38.9211132758269,67.6892401927983,34.5712657927594,NA,31.488105294114,44.1455271039697
Portugal,PT,PRT,2011,19389.6395896162,38.8589301604498,73.0075756700531,36.4502204173696,NA,31.476270334491,44.4757197536512
Portugal,PT,PRT,2012,18679.7626789594,38.8590206085334,75.9411067187813,36.4004717016117,NA,31.4574894496421,44.362913573288
Portugal,PT,PRT,2013,18597.7214623964,38.8594684784358,78.0305056874282,38.6751715237362,NA,29.1701780540632,45.5809604098825
Portugal,PT,PRT,2014,18836.8967978906,38.8605462638884,80.220669072079,38.3937765369021,NA,30.4356207515522,47.560533270166
Portugal,PT,PRT,2015,19215.7813014347,38.862530788462,80.6346756266443,37.9656455268759,NA,31.5457760551596,44.0036278174494
Portugal,PT,PRT,2016,19662.82312462,38.8656988757277,79.5223464844001,37.2639343776862,NA,32.5515156125204,41.3199326718019
Portugal,PT,PRT,2017,20364.1962735946,38.8703273492564,84.8077923069539,37.2991776711652,NA,32.9966430456608,41.668947889985
Portugal,PT,PRT,2018,20997.7745987013,38.8766930326192,86.7356954918399,37.6059440214255,NA,32.854985988768,39.2823047343675
Portugal,PT,PRT,2019,21569.1874752919,38.885072749387,86.7709889083586,37.4542586260299,NA,32.8711379938434,38.6689545444553
Portugal,PT,PRT,2020,19778.7139525722,38.8957433231309,76.5086407209215,37.7665912618546,NA,31.0923715794032,44.5273320079934
Portugal,PT,PRT,2021,20747.6990734163,38.9048750703403,85.8735452148975,37.7052925940193,NA,31.0643975779765,42.4539286342892
Portugal,PT,PRT,2022,22042.8680283647,38.8740744227218,101.36414647943499,38.0831323751752,NA,31.7877880404884,39.3111762287569
Portugal,PT,PRT,2023,22417.1634060906,38.7951347366336,93.1358537072038,37.5005435031579,NA,30.8906550188244,37.1595074085006
Portugal,PT,PRT,2024,22663.993126225,38.6718092658668,89.6615637070518,37.3837000985806,NA,31.0982175219286,NA
Post-demographic dividend,V4,PST,2000,34342.7799306961,23.1720030427841,49.1053577461663,27.2125559283551,1.25739410211798,30.2687276045816,24.6448998668005
Post-demographic dividend,V4,PST,2001,34691.794045547,22.8963751552711,47.6033891714601,26.5705530162666,1.26810916123821,28.7596562133158,25.3459379339045
Post-demographic dividend,V4,PST,2002,35047.3561038522,22.533679688103,46.2703005148233,25.3002129341803,1.331535507865,29.2214015000525,25.7589670614774
Post-demographic dividend,V4,PST,2003,35572.4811697497,22.1244753133765,46.2789749327642,24.9945256411277,1.25128700310298,29.2321335419927,26.1527136834025
Post-demographic dividend,V4,PST,2004,36518.8922234369,21.7084021693158,48.8433538455046,24.9398383879165,1.13114805389035,29.3696836855758,25.8424340147633
Post-demographic dividend,V4,PST,2005,37354.0516891453,21.3366412898655,50.9707999533407,25.5883604060832,1.16826151810977,29.4315260467283,25.9376909196093
Post-demographic dividend,V4,PST,2006,38248.3840891561,21.0255128845457,53.7010522639333,25.9941572231398,1.07859219715056,29.9763240607746,25.6423148711046
Post-demographic dividend,V4,PST,2007,39009.2237757324,20.7529067637218,54.6507603127282,26.0876873183597,1.04477059115435,28.9157577385811,25.4713200370312
Post-demographic dividend,V4,PST,2008,38915.530644621,20.5033116926502,57.2258878498591,25.6678194595812,NA,29.4726303538865,26.7667799897068
Post-demographic dividend,V4,PST,2009,37403.0656560604,20.2944883128684,49.4365920033662,24.3542418454396,NA,29.2241271935963,29.512184734247
Post-demographic dividend,V4,PST,2010,38308.9980746451,20.1296779281158,54.4043851256707,25.0658537954374,NA,29.7040813578792,29.5506137813366
Post-demographic dividend,V4,PST,2011,38818.0285097988,20.020150405875,58.3402073628305,24.9003342874222,NA,30.2063653692556,28.9357720308382
Post-demographic dividend,V4,PST,2012,39139.8614954799,19.9184676635464,58.6786585491005,25.3448794603703,NA,30.1118976627148,28.8558943640192
Post-demographic dividend,V4,PST,2013,39581.7331829371,19.8028586663999,58.3350337514479,26.47318452179,NA,29.8667421704558,28.2188174520979
Post-demographic dividend,V4,PST,2014,40234.9561373078,19.7006227294469,58.1583291449941,26.4263865426193,NA,30.8495546041468,27.8466551344577
Post-demographic dividend,V4,PST,2015,40960.9089975197,19.5989450526426,56.5047321015269,26.4397822626099,NA,29.6311750280523,27.4901580981532
Post-demographic dividend,V4,PST,2016,41508.8826356411,19.4878621303822,54.8892265401051,26.260041006788,NA,29.561879182914,27.284752430068
Post-demographic dividend,V4,PST,2017,42376.9506490702,19.4269747853104,56.8542093440197,26.6531689510654,NA,29.3089008143418,27.0137853089141
Post-demographic dividend,V4,PST,2018,43192.4790062502,19.3594016376754,58.1259195879656,25.9959450757502,NA,29.1726883820719,26.887834521968
Post-demographic dividend,V4,PST,2019,43829.7166795611,19.2987018564418,57.1581640584494,25.8884409251601,NA,28.6954204740176,27.0464279316602
Post-demographic dividend,V4,PST,2020,41980.2062171255,19.2609648162165,52.5392087365205,26.0106035461087,NA,29.3966873972334,34.6983788265199
Post-demographic dividend,V4,PST,2021,44440.6342345946,19.1829601573185,56.99335205027,26.7210943615885,NA,30.179245632962,33.3209233673753
Post-demographic dividend,V4,PST,2022,45677.3513142375,19.0670867886194,64.0136764662262,27.3062017981671,NA,27.7993041316283,29.7064916603997
Post-demographic dividend,V4,PST,2023,46338.3245846606,18.9388177737302,59.8589012445174,26.0097429955181,NA,27.7890052965248,30.4730938922087
Post-demographic dividend,V4,PST,2024,46868.8115104791,18.844989264701,58.8537356684392,26.2875143669393,NA,27.1600930734895,NA
Pre-demographic dividend,V1,PRE,2000,1080.12609789335,66.4743983178473,NA,NA,NA,NA,NA
Pre-demographic dividend,V1,PRE,2001,1095.69274497162,65.9801034204427,NA,NA,NA,NA,NA
Pre-demographic dividend,V1,PRE,2002,1127.35411491859,65.4812294872489,NA,NA,NA,NA,NA
Pre-demographic dividend,V1,PRE,2003,1087.81145769948,64.9656888369557,NA,NA,NA,NA,NA
Pre-demographic dividend,V1,PRE,2004,1183.42946823297,64.41759724178,NA,NA,NA,NA,NA
Pre-demographic dividend,V1,PRE,2005,1217.74344099826,63.8663606556597,NA,NA,NA,NA,NA
Pre-demographic dividend,V1,PRE,2006,1256.95120061394,63.3423736003069,NA,NA,NA,NA,NA
Pre-demographic dividend,V1,PRE,2007,1297.39935876899,62.8444388525307,NA,NA,NA,NA,NA
Pre-demographic dividend,V1,PRE,2008,1341.14167924281,62.3299708761118,NA,NA,NA,NA,NA
Pre-demographic dividend,V1,PRE,2009,1364.66024275943,61.8238930203691,NA,NA,NA,NA,NA
Pre-demographic dividend,V1,PRE,2010,1413.56297929276,61.3369897364959,NA,NA,NA,NA,NA
Pre-demographic dividend,V1,PRE,2011,1429.48857229998,60.8451629488131,NA,NA,NA,NA,NA
Pre-demographic dividend,V1,PRE,2012,1447.56913413737,60.3379610255815,NA,NA,7.68402602935107,29.8547237354982,NA
Pre-demographic dividend,V1,PRE,2013,1490.99576376132,59.8190470303303,NA,NA,6.82266283815448,30.7493814797593,NA
Pre-demographic dividend,V1,PRE,2014,1523.1979782259,59.303632450343,NA,NA,7.2899405597352,32.4961646622976,NA
Pre-demographic dividend,V1,PRE,2015,1526.04099231967,58.8065613852107,NA,NA,9.46937456461223,33.4646308117238,NA
Pre-demographic dividend,V1,PRE,2016,1521.02292118899,58.3307016280098,NA,NA,9.30419627295884,37.0023467333395,NA
Pre-demographic dividend,V1,PRE,2017,1503.731439286,57.8518263181491,NA,NA,9.13317999029428,33.8065191660294,NA
Pre-demographic dividend,V1,PRE,2018,1501.77325261054,57.3831294040806,NA,NA,8.32215991759394,34.5781164535661,NA
Pre-demographic dividend,V1,PRE,2019,1507.8698553362,56.9521982095912,NA,NA,8.57311240801298,36.1289344913341,NA
Pre-demographic dividend,V1,PRE,2020,1407.15348093823,56.5019180613331,NA,NA,8.87961895860644,35.6076159743211,NA
Pre-demographic dividend,V1,PRE,2021,1402.45446054346,56.033302757239,NA,NA,9.99354872779816,35.8726614844466,NA
Pre-demographic dividend,V1,PRE,2022,1430.90365853734,55.5503828499132,NA,NA,NA,NA,NA
Pre-demographic dividend,V1,PRE,2023,1429.18875247624,55.055026488477,NA,NA,NA,NA,NA
Pre-demographic dividend,V1,PRE,2024,1439.73712111225,54.5571169112433,NA,NA,NA,NA,NA
Puerto Rico (US),PR,PRI,2000,26131.9630643584,5.59648179678931,106.169512072581,NA,NA,NA,NA
Puerto Rico (US),PR,PRI,2001,27722.3671872748,5.6225537685482,109.88564971882,NA,NA,NA,NA
Puerto Rico (US),PR,PRI,2002,27940.3826219734,5.6781287549687,106.32948683044,NA,NA,NA,NA
Puerto Rico (US),PR,PRI,2003,27937.8165922567,5.7550554805015,118.84015748242,NA,NA,NA,NA
Puerto Rico (US),PR,PRI,2004,30375.7895758237,5.8455789707813,117.000863757497,NA,NA,NA,NA
Puerto Rico (US),PR,PRI,2005,29815.216422231,5.941944251443,113.744794728395,NA,NA,NA,NA
Puerto Rico (US),PR,PRI,2006,29519.7386759729,6.0363963481214,117.728477994388,NA,NA,NA,NA
Puerto Rico (US),PR,PRI,2007,29347.8460041613,6.12118028645109,117.595779058079,NA,NA,NA,NA
Puerto Rico (US),PR,PRI,2008,28976.1310520159,6.1885410920669,116.277994389108,NA,NA,NA,NA
Puerto Rico (US),PR,PRI,2009,28565.767919549002,6.23072379060361,105.262196842682,NA,NA,NA,NA
Puerto Rico (US),PR,PRI,2010,28569.5077088001,6.24112277856089,104.153228306599,NA,NA,NA,NA
Puerto Rico (US),PR,PRI,2011,28706.0207514856,6.2401797898991,108.558400106824,NA,NA,NA,NA
Puerto Rico (US),PR,PRI,2012,28968.6942131352,6.2369255575683,103.311186552821,NA,NA,NA,NA
Puerto Rico (US),PR,PRI,2013,29115.3549161996,6.2301683092695,104.89224011713,NA,NA,NA,NA
Puerto Rico (US),PR,PRI,2014,29141.2038639816,6.21869281810319,102.385456504805,NA,NA,NA,NA
Puerto Rico (US),PR,PRI,2015,29242.041465085,6.2012838571697,108.880634192821,NA,NA,NA,NA
Puerto Rico (US),PR,PRI,2016,29326.5748761873,6.1767261995697,110.274045470098,NA,NA,NA,NA
Puerto Rico (US),PR,PRI,2017,29061.5563802711,6.14380461840361,113.131649032582,NA,NA,NA,NA
Puerto Rico (US),PR,PRI,2018,28808.8518638025,6.1013038867717,106.001202479048,NA,NA,NA,NA
Puerto Rico (US),PR,PRI,2019,29185.0969964707,6.0480087777747,107.571456836722,NA,NA,NA,NA
Puerto Rico (US),PR,PRI,2020,28144.713741876,5.9883855004413,103.509811317462,NA,NA,NA,NA
Puerto Rico (US),PR,PRI,2021,28416.4489370346,5.9449287402698,96.7453625315476,NA,NA,NA,NA
Puerto Rico (US),PR,PRI,2022,29643.6396279994,5.8889076945063,98.2564691765992,NA,NA,NA,NA
Puerto Rico (US),PR,PRI,2023,30012.9055109463,5.82256407241189,101.657550951677,NA,NA,NA,NA
Puerto Rico (US),PR,PRI,2024,30978.7473320338,5.7460494800564,94.6225085555605,NA,NA,NA,NA
Qatar,QA,QAT,2000,54948.2228055384,3.7057281073362,89.6126597159917,NA,NA,NA,NA
Qatar,QA,QAT,2001,54316.5419511925,3.5325692448276,94.968671679198,NA,NA,NA,NA
Qatar,QA,QAT,2002,55493.6049997751,3.3575502406095,88.4697236252199,NA,NA,NA,NA
Qatar,QA,QAT,2003,54970.419888684,3.1688817935991,90.1649486943021,NA,NA,NA,NA
Qatar,QA,QAT,2004,63107.0086346445,2.9527420440959,90.3724288385622,NA,NA,NA,NA
Qatar,QA,QAT,2005,63555.6239820478,2.6983345081829,94.7455441696331,NA,NA,NA,NA
Qatar,QA,QAT,2006,68036.6212164734,2.4172621204938,98.570919313572,NA,NA,NA,NA
Qatar,QA,QAT,2007,64614.0465071968,2.1336874888265,96.11443696558,NA,NA,NA,NA
Qatar,QA,QAT,2008,64393.5954479866,1.8704806062678,89.4332931345959,NA,NA,NA,NA
Qatar,QA,QAT,2009,63939.8050831437,1.6505114659045,80.1441629727012,NA,NA,NA,NA
Qatar,QA,QAT,2010,74271.9022959058,1.4933767833335,86.0703268232169,NA,NA,NA,NA
Qatar,QA,QAT,2011,83533.4963791019,1.3699389789091,98.7216351018991,NA,NA,NA,NA
Qatar,QA,QAT,2012,82441.7405083009,1.25719895280319,105.746343435217,NA,NA,NA,NA
Qatar,QA,QAT,2013,77379.6735599552,1.16423781720989,102.383208106327,NA,NA,NA,NA
Qatar,QA,QAT,2014,71756.0649338302,1.098372161174,99.0343747414317,NA,NA,NA,NA
Qatar,QA,QAT,2015,68985.2946961507,1.06175923188459,93.7076041736357,NA,NA,NA,NA
Qatar,QA,QAT,2016,67294.4585771356,1.0144734654577,89.5476001199351,NA,NA,NA,NA
Qatar,QA,QAT,2017,64497.6987225375,0.968987473402194,91.4945879195194,NA,NA,NA,NA
Qatar,QA,QAT,2018,64410.8171280981,0.924431523775596,91.838448978201,NA,NA,NA,NA
Qatar,QA,QAT,2019,63430.4607609581,0.880830332793295,90.0463755485388,NA,NA,NA,NA
Qatar,QA,QAT,2020,57769.604104354,0.838208616696605,90.0190948833102,NA,NA,NA,NA
Qatar,QA,QAT,2021,65488.5117911123,0.796591091756994,92.7791585715125,NA,NA,NA,NA
Qatar,QA,QAT,2022,64315.6263643699,0.756002474281004,100.213647199618,NA,NA,NA,NA
Qatar,QA,QAT,2023,65111.033321485,0.716467480616501,NA,NA,NA,NA,NA
Qatar,QA,QAT,2024,62395.3113297112,0.678010827160605,NA,NA,NA,NA,NA
Romania,RO,ROU,2000,4569.31124324524,47.1380450995465,48.5213253850786,32.0085417771793,3.52018897856622,32.2653110851214,34.3930181976454
Romania,RO,ROU,2001,4875.30310600635,47.235191308843,51.9285910211481,30.8268748818057,2.64456144033854,32.4614806671344,33.1627359414744
Romania,RO,ROU,2002,5248.54994632668,47.2533572062241,53.7102478139376,31.1001073739997,2.10136022004297,33.1648733833279,31.8091698052492
Romania,RO,ROU,2003,5410.30835796252,47.1976506180318,56.1795270470243,30.7951954380422,2.30025647400802,36.1409756024302,31.5166508960095
Romania,RO,ROU,2004,6008.64048461485,47.0824704476192,60.6264786669408,30.4292849310735,2.30775598916687,33.9139736057472,31.1769708645652
Romania,RO,ROU,2005,6328.09022324183,46.925492968963,59.3605494490555,30.5719930042993,2.45427876471549,37.4223807488593,31.0306457567213
Romania,RO,ROU,2006,6876.77841417966,46.7433619321728,61.6836259265159,31.0848966602541,2.4190448979968,36.1153532439644,31.4669395085695
Romania,RO,ROU,2007,7483.97375820611,46.5527210873584,63.5051566734658,32.2546325257916,0.0458532294185121,34.6181101569934,32.7939202863297
Romania,RO,ROU,2008,8318.00342795388,46.3702141846294,65.1752009979412,30.289253274263,0.0334927709927257,34.6407583487521,32.0482283913088
Romania,RO,ROU,2009,7924.87058070212,46.2124849740958,58.4700583666529,27.9269026798031,0.0320761924835009,33.5607866900267,34.9955812518506
Romania,RO,ROU,2010,7660.70667630517,46.0961772058671,69.9549354932718,29.0805674926797,0.0159489927810794,36.3249702726785,34.8305247040647
Romania,RO,ROU,2011,8044.57194920892,46.0391125755831,76.271356441629,29.2983899120454,0.00553454267845619,39.4604904974184,33.654601650106
Romania,RO,ROU,2012,8234.28553425194,46.0436907503927,76.5943239913672,28.9321550182248,0.00339599757428745,40.1699076881612,32.3000888420702
Romania,RO,ROU,2013,8287.95844089676,46.0898241965635,81.3976131747183,29.8798196423878,0.00819509479766105,39.8307893319451,32.0257142585738
Romania,RO,ROU,2014,8661.47397274241,46.1732812375947,83.3751429575201,30.5307330637385,1.88253809433493e-4,37.5559290301964,32.4416023202099
Romania,RO,ROU,2015,8977.01748158196,46.2928160481107,83.5205767017155,31.304531368106,0.0011147617175391,38.4277229234026,33.0135797053001
Romania,RO,ROU,2016,9286.87678236598,46.4471828027361,85.8925282906884,29.4048588201148,6.2033942314637e-4,36.1913995256176,32.2247603503175
Romania,RO,ROU,2017,10106.2269557253,46.6351356760954,87.1560645667801,28.3423275576002,0.00234687357998975,33.8400961732608,31.596734508301
Romania,RO,ROU,2018,10714.1701157127,46.8554288428132,87.0911701095809,29.1257576209077,0.00150946257515719,33.1303515713856,32.7453503974401
Romania,RO,ROU,2019,11197.3162915853,47.1068164775138,84.9063630584793,29.1082248615121,6.03321890328147e-4,33.751477741709,33.8174397382353
Romania,RO,ROU,2020,10854.049431887,47.388052754822,78.3616463562709,28.9507166215375,5.32439836647458e-4,32.804589255552,38.2165874567657
Romania,RO,ROU,2021,11546.3224998072,47.7678487869189,87.0711965460145,28.9728868613342,8.93004149678658e-4,33.6926000653009,37.1960853122143
Romania,RO,ROU,2022,12076.3033811896,47.8365167522728,93.9496509383447,30.0804970223122,3.8519823660779e-4,33.0740722613765,37.3030637489096
Romania,RO,ROU,2023,12340.8170509969,47.8354252988133,83.3753324062231,29.196836409305,3.19226959993679e-4,33.6134616412895,NA
Romania,RO,ROU,2024,12459.9112061891,47.8325221071232,77.2149837939003,30.7097958467432,2.82669281357519e-4,32.6566584074236,NA
Russian Federation,RU,RUS,2000,5323.66650390625,26.8431777954102,68.0939070373555,24.5768673471093,12.7922070004423,30.9390528995957,21.1628915021522
Russian Federation,RU,RUS,2001,5618.95556640625,26.77001953125,61.1108586644206,27.136519701546,13.7082422394605,35.0132607435894,22.7585313017298
Russian Federation,RU,RUS,2002,5910.171875,26.7070991969385,59.6454457319607,31.7231522090393,9.4744563820999,28.301477223029,22.5352476801625
Russian Federation,RU,RUS,2003,6370.45361328125,26.5942611694336,59.1282690076014,27.5844466698699,12.424208899961,31.2525229284056,23.0463063924745
Russian Federation,RU,RUS,2004,6856.67822265625,26.6934204101562,56.5818523984055,26.8498866835395,18.6586341869436,25.7888622696061,21.5738426688429
Russian Federation,RU,RUS,2005,7323.38525390625,26.8386077880859,56.7132484905422,30.2838575612087,24.1862871187193,23.6225421387301,19.9480998634358
Russian Federation,RU,RUS,2006,7949.89697265625,26.7560806274414,54.733401867266,28.6935476404073,29.175732429287,20.6079542579568,19.5005414079754
Russian Federation,RU,RUS,2007,8640.40625,26.6143951416016,51.7061227454606,31.3283580887932,22.5242177824288,23.9758446221642,23.0065326910769
Russian Federation,RU,RUS,2008,9093.7001953125,26.5177536010742,53.3824660408908,33.6813498942612,25.166167632881,16.3548590318037,21.5321667594705
Russian Federation,RU,RUS,2009,8381.8681640625,26.4711303710938,48.4350610278181,25.504017972512,25.5306609565158,22.4827369434322,32.1089747154083
Russian Federation,RU,RUS,2010,8755.1201171875,26.3303692112376,50.3555054872589,26.054156943742,25.5836898417345,21.1228195029639,27.37723900216
Russian Federation,RU,RUS,2011,9120.8203125,26.1465148925781,48.0353994077919,29.1482849253086,25.6131535605617,19.520419842001,23.3499683933859
Russian Federation,RU,RUS,2012,9464.0107421875,26.02734375,47.1513903857957,27.2377003203952,26.4850299716335,20.9180424497271,24.1958551261758
Russian Federation,RU,RUS,2013,9601.537109375,25.9237050229772,46.287149400499,26.5415005953221,25.4059133881191,21.0870664426205,24.606189979681
Russian Federation,RU,RUS,2014,9493.8125,25.8223523251209,47.8013412628116,27.1517347071711,25.1073881941772,21.6434898366268,26.4617539784902
Russian Federation,RU,RUS,2015,9277.7138671875,25.724080934473,49.3593493116887,24.4720476684928,13.226539517467,19.4171234275606,30.6476505158828
Russian Federation,RU,RUS,2016,9269.3173828125,25.6296861290757,46.5181198396096,24.2684308208386,10.1291638184448,21.4435544578741,31.0284467524216
Russian Federation,RU,RUS,2017,9418.99609375,25.539963186971,46.8765243371311,24.4845856851678,9.16423559010986,22.2648615952779,30.7103051722937
Russian Federation,RU,RUS,2018,9674.787109375,25.4557073862008,51.5809003703964,27.5163963231875,10.8108272343481,21.7142512406492,28.9441478427563
Russian Federation,RU,RUS,2019,9882.0244140625,25.3777140048074,49.2287536619033,27.4804517541099,8.37175584789441,22.1566917675241,29.6140297769421
Russian Federation,RU,RUS,2020,9632.3251953125,25.3067783208326,45.9669082029127,27.6767173115632,4.94036059620611,23.6564347399923,35.2998185923772
Russian Federation,RU,RUS,2021,10231.318359375,25.2483159779748,50.5861954621752,26.5756609925752,7.89202363542492,25.3296131744686,30.78279492703
Russian Federation,RU,RUS,2022,10119.115234375,25.1455106374983,42.7663082313349,26.9931011274882,6.4567541139309,21.6956240983234,31.3859500271519
Russian Federation,RU,RUS,2023,10560.4658203125,25.0194952126721,41.3395116492933,29.0875573953717,4.40663590198294,23.4333653005584,29.9691335018192
Russian Federation,RU,RUS,2024,11092.6337890625,24.8880863822933,39.4184058815423,27.8283526409365,3.67465014248101,23.7918840470013,NA
Rwanda,RW,RWA,2000,331.096659537835,84.2195525354004,31.3192321274779,NA,NA,NA,NA
Rwanda,RW,RWA,2001,356.017640545099,83.4512600331845,33.1583013228126,NA,NA,NA,NA
Rwanda,RW,RWA,2002,397.558649363458,83.1221152883248,31.3172752974708,NA,NA,NA,NA
Rwanda,RW,RWA,2003,397.480382602602,83.1052567687631,32.8189983492155,NA,NA,NA,NA
Rwanda,RW,RWA,2004,415.943819000396,83.0979900463208,37.0316755294291,NA,NA,NA,NA
Rwanda,RW,RWA,2005,443.00802474736,83.0927885540546,38.0262688816851,NA,NA,NA,NA
Rwanda,RW,RWA,2006,471.150850642442,83.0889860754953,33.6578390444203,NA,NA,NA,NA
Rwanda,RW,RWA,2007,493.803359157317,83.0859163941734,36.4479761431748,NA,NA,NA,NA
Rwanda,RW,RWA,2008,534.678298622161,83.0829132936196,37.9969638376772,NA,NA,NA,NA
Rwanda,RW,RWA,2009,553.621518556047,83.0793105573645,37.2137499920385,NA,NA,NA,NA
Rwanda,RW,RWA,2010,579.419162804581,83.0744419689386,37.7415245466166,NA,NA,NA,NA
Rwanda,RW,RWA,2011,610.376236415572,83.0676413118727,40.1597511764349,NA,NA,NA,NA
Rwanda,RW,RWA,2012,647.436613845487,83.0589751117852,41.081185425557,NA,NA,NA,NA
Rwanda,RW,RWA,2013,661.893969452494,82.9257793946388,43.260980041775,NA,NA,NA,NA
Rwanda,RW,RWA,2014,682.709499066795,82.4979283460244,44.4828257252622,18.4970880396752,3.70663078220841,25.2654886871433,17.6510889243483
Rwanda,RW,RWA,2015,725.691418696952,81.8046850141584,45.7348675761767,19.1597140638369,4.03386204385571,26.230584173874,17.126851966504
Rwanda,RW,RWA,2016,748.798132068173,80.8786048213452,50.08973657056,20.2534095639587,4.32178160967332,29.4591653301386,18.6710930843226
Rwanda,RW,RWA,2017,765.845359390541,79.7522431898889,54.2079656602139,19.9836455895839,4.33709825079294,28.4996506797033,18.8530518534202
Rwanda,RW,RWA,2018,808.704812752127,78.4581555420936,47.9830578657248,20.3967950490974,4.60783713492078,29.8059330133522,18.6625218531194
Rwanda,RW,RWA,2019,863.872077583172,77.0288973002638,48.892715033759,20.405942351343,4.79787081788349,28.7406059770109,19.0333531902314
Rwanda,RW,RWA,2020,821.257133282758,75.4970238867034,44.3511840604967,20.7441841252412,4.64621130053718,27.6698641252408,20.8878339741935
Rwanda,RW,RWA,2021,871.041835304187,73.8950907237167,59.8007993935018,21.1010695542121,4.237901408675,26.3367203660939,19.974280992011
Rwanda,RW,RWA,2022,935.89483254264,72.2193297262239,60.9591709408266,19.0884858308362,3.74953487193401,24.6070542770869,18.9463485367504
Rwanda,RW,RWA,2023,993.911004643524,71.1444689354523,66.8925839339472,18.6745564075669,5.35005041730857,25.8621575144069,17.9714861804371
Rwanda,RW,RWA,2024,1043.15961499906,70.1150285705917,71.6868069548772,NA,NA,NA,NA
Samoa,WS,WSM,2000,2945.37217923198,78.0470301979276,NA,NA,NA,NA,NA
Samoa,WS,WSM,2001,3137.46403765812,78.0250104496196,NA,NA,NA,NA,NA
Samoa,WS,WSM,2002,3291.3424477268,78.0568096319888,87.9199711386734,NA,NA,NA,NA
Samoa,WS,WSM,2003,3444.99857743289,78.2193124690136,76.272148769255,NA,NA,NA,NA
Samoa,WS,WSM,2004,3535.73813824914,78.4717155959434,72.5293703149674,NA,NA,NA,NA
Samoa,WS,WSM,2005,3755.78242822467,78.7647095808313,76.2247442670718,NA,NA,NA,NA
Samoa,WS,WSM,2006,3820.92239453139,79.0432042936328,82.4691938417408,NA,NA,NA,NA
Samoa,WS,WSM,2007,3818.25503804332,79.3055518696395,83.2022041824641,NA,NA,NA,NA
Samoa,WS,WSM,2008,3925.8743329936,79.5961542293009,73.8864270586579,NA,NA,NA,NA
Samoa,WS,WSM,2009,3875.94291686166,79.8954678517183,75.9793921615973,NA,NA,NA,NA
Samoa,WS,WSM,2010,4081.15535978003,80.1697898137915,78.5698016774915,NA,NA,NA,NA
Samoa,WS,WSM,2011,4201.45663738908,80.3825726291854,81.600955014363,NA,NA,NA,NA
Samoa,WS,WSM,2012,4007.91092846814,80.521281631311,82.7339794775292,26.8860125917681,6.62498054055991,44.9450015609027,28.8073684091597
Samoa,WS,WSM,2013,3976.39289268132,80.6134050379333,77.877751737476,27.9563681196482,8.02326523295096,47.489522863017,28.7514695428958
Samoa,WS,WSM,2014,3967.23730470679,80.6873320519568,80.5007740440855,29.7515263303069,8.33474987065983,44.1254721883933,30.7326856144729
Samoa,WS,WSM,2015,4084.36083819933,80.7659894616449,74.6343550051873,28.5849211012879,8.17734903743206,47.4249739320444,28.6031956845264
Samoa,WS,WSM,2016,4373.23792440391,80.873537633251,75.2118174672901,28.8003811964109,7.98850855630795,49.1934302933339,24.9884596525202
Samoa,WS,WSM,2017,4393.37316255965,81.0342808120169,74.0110807608335,30.6185471665526,7.30707888365259,46.7861521325742,24.6707628573014
Samoa,WS,WSM,2018,4321.00518344962,81.2758732064533,78.9349684295151,31.0158150581627,7.68468648649343,46.9625480888369,28.3133997038535
Samoa,WS,WSM,2019,4466.08075482035,81.5852655518717,83.3310795816457,33.2520817452473,7.45636049061118,45.6041418211731,27.8053074483527
Samoa,WS,WSM,2020,4283.06392492734,81.9483391005278,77.4847998856019,32.6048627606348,5.86522819440273,41.038351058604,29.8105315903386
Samoa,WS,WSM,2021,4032.1373106241,82.4327573547993,59.7697795919357,32.852872418174,6.84505166298883,40.4599283446575,34.4350758483726
Samoa,WS,WSM,2022,4095.15875576978,82.4992050048961,60.8477789845035,31.0681161649239,7.27595641052318,38.4395861505394,31.8357049993134
Samoa,WS,WSM,2023,4688.46305366113,82.4987200195398,80.8405125709078,30.7232802045394,8.23871852822854,45.1299555901501,26.6839529354459
Samoa,WS,WSM,2024,4880.54418032056,82.4970884891982,79.5241475635456,NA,NA,NA,NA
San Marino,SM,SMR,2000,55806.8967854415,6.2290237443201,NA,NA,NA,NA,NA
San Marino,SM,SMR,2001,58173.2673485907,6.09999847412109,NA,NA,NA,NA,NA
San Marino,SM,SMR,2002,57615.3840607029,6.05118327054571,NA,35.7426661152263,1.01040457488103,25.0955382493385,35.9572969547325
San Marino,SM,SMR,2003,59090.2064374385,6,NA,34.2150975638051,0.846699183721195,24.6282234250818,31.4963179659706
San Marino,SM,SMR,2004,58393.1973140469,5.7856208236434,NA,35.8438203480783,1.19349684648169,23.1282701269922,33.2718181885424
San Marino,SM,SMR,2005,59049.5507985237,5.35451031753649,NA,34.826582775766,1.69123493092263,25.771186661538,30.1599863210306
San Marino,SM,SMR,2006,60604.3235393604,4.79157239711471,NA,35.3087400585141,1.87145683094281,24.7867578441406,29.303366330046
San Marino,SM,SMR,2007,62776.9178275821,4.1817109778133,NA,35.0547040795241,1.62480443439857,26.0588529470331,30.4456554120225
San Marino,SM,SMR,2008,61572.7157847481,3.6098299750676,NA,36.1634040532436,1.5503452006834,28.2686095760586,30.7148607417381
San Marino,SM,SMR,2009,52873.2443236949,3.1608333043131,NA,37.9848622918919,0.695933061000703,25.8398820902755,36.0723472554054
San Marino,SM,SMR,2010,49672.6753589594,2.92538423081299,NA,37.3979701338971,0.722736915673785,24.7364535239097,37.2906898520085
San Marino,SM,SMR,2011,46450.0042070199,2.90000152587891,NA,40.1624647689946,0.699907650304189,21.9939200729365,41.7917820276286
San Marino,SM,SMR,2012,42082.5364542056,2.90000152587891,NA,44.2974057990392,0.562412409467175,22.6690226437114,44.6508169671737
San Marino,SM,SMR,2013,42293.4679807917,2.90000152587891,NA,41.7640332990506,0.546645191634319,23.7076738783821,46.0320867563291
San Marino,SM,SMR,2014,42492.831738275,2.90000152587891,NA,43.6972721452381,0.512280437616114,21.758255139083,45.6235726666667
San Marino,SM,SMR,2015,43146.8035302005,2.90000152587891,321.364011035718,43.0493289285825,0.517215751911618,21.863362899774,45.2377647964649
San Marino,SM,SMR,2016,43886.1965081114,2.90000152587891,320.146095231777,42.3911895536632,0.473012552113238,21.2013436741475,44.9877181899871
San Marino,SM,SMR,2017,43057.7582484571,2.90000152587891,313.850322940524,40.8355906566922,0.459534932245641,20.7380802868511,43.295388908748
San Marino,SM,SMR,2018,42818.6755959614,2.90000152587891,309.487954987512,41.1493368665446,0.376906047456024,20.4912650632927,44.3657863173863
San Marino,SM,SMR,2019,43525.4039798176,2.90000152587891,307.264770546858,41.6501551455129,0.395044384755776,19.2750989928362,44.1548272426073
San Marino,SM,SMR,2020,40506.8341853183,2.90000152587891,304.903169667588,39.6583256605927,0.38530012823043,17.5759488506288,47.4403371086274
San Marino,SM,SMR,2021,46834.1172363873,2.89643315467281,342.470171021559,40.3285700844418,0.379918681574258,20.1044679048603,44.0740491234226
San Marino,SM,SMR,2022,51277.3242468583,2.8858110619535,370.43607698812,44.4115853216703,0.430351896747455,18.5986025754538,44.6406433320448
San Marino,SM,SMR,2023,51323.7741002928,2.8682689638345,340.983400117352,41.2456882051905,0.397899701111154,19.4069804350734,40.4897504883926
San Marino,SM,SMR,2024,NA,2.8439444118904,NA,NA,0.297706368836742,18.8163662442196,NA
Sao Tome and Principe,ST,STP,2000,959.938180991352,47.0336562947892,NA,NA,NA,NA,NA
Sao Tome and Principe,ST,STP,2001,973.424252100436,46.0387960079224,NA,NA,NA,NA,NA
Sao Tome and Principe,ST,STP,2002,982.32906557627,44.9117289002897,NA,NA,NA,NA,NA
Sao Tome and Principe,ST,STP,2003,1036.86196260207,43.5871529131903,NA,NA,NA,NA,NA
Sao Tome and Principe,ST,STP,2004,1047.05796134884,42.1225154532542,NA,NA,NA,NA,NA
Sao Tome and Principe,ST,STP,2005,1089.14778798762,40.5811983091083,NA,NA,NA,NA,NA
Sao Tome and Principe,ST,STP,2006,1157.0861446542,39.0265832693794,NA,NA,NA,NA,NA
Sao Tome and Principe,ST,STP,2007,1170.51612474435,37.5220521226944,NA,NA,NA,NA,NA
Sao Tome and Principe,ST,STP,2008,1214.14114724792,36.1309866576801,72.8032735325871,NA,NA,NA,NA
Sao Tome and Principe,ST,STP,2009,1225.60541902997,34.9167686629633,71.0282157639862,NA,NA,NA,NA
Sao Tome and Principe,ST,STP,2010,1216.3502521663,33.9427799271709,84.6502605115304,NA,NA,NA,NA
Sao Tome and Principe,ST,STP,2011,1214.96130276731,33.2724022389298,86.1122609020117,NA,NA,NA,NA
Sao Tome and Principe,ST,STP,2012,1225.6945255615,32.9664110551868,83.2030197079574,NA,NA,NA,NA
Sao Tome and Principe,ST,STP,2013,1263.70423995281,32.8693313598633,83.4581625069125,NA,NA,NA,NA
Sao Tome and Principe,ST,STP,2014,1301.32146445028,32.7393264770508,114.769955102294,NA,NA,NA,NA
Sao Tome and Principe,ST,STP,2015,1298.10946596396,32.6084289550781,112.659579338965,NA,NA,NA,NA
Sao Tome and Principe,ST,STP,2016,1342.533807689,32.4781112670898,100.395470605091,NA,NA,NA,NA
Sao Tome and Principe,ST,STP,2017,1375.59403284199,32.3479995727539,92.8973617603292,NA,NA,NA,NA
Sao Tome and Principe,ST,STP,2018,1413.84348618541,32.2171173095703,79.2002901440524,NA,NA,NA,NA
Sao Tome and Principe,ST,STP,2019,1420.66008316091,32.0870056152344,67.5747989988655,NA,NA,NA,NA
Sao Tome and Principe,ST,STP,2020,1430.84119299096,31.9563293457031,48.6640079711896,NA,NA,NA,NA
Sao Tome and Principe,ST,STP,2021,1428.28676097975,31.8261032104492,57.9403473155232,NA,NA,NA,NA
Sao Tome and Principe,ST,STP,2022,1403.23356704678,31.6279080201659,64.9920379103896,NA,NA,NA,NA
Sao Tome and Principe,ST,STP,2023,1380.60169416257,31.3956078896432,46.9745787336632,NA,NA,NA,NA
Sao Tome and Principe,ST,STP,2024,1373.27082138436,31.1289829815116,44.2789124818003,NA,NA,NA,NA
Saudi Arabia,SA,SAU,2000,22247.8566987439,20.0295139180547,68.1664488005167,NA,NA,NA,NA
Saudi Arabia,SA,SAU,2001,21193.0922894351,19.844757188867,63.5605836794513,NA,NA,NA,NA
Saudi Arabia,SA,SAU,2002,20025.4319998275,19.6561865925766,64.5927974099254,NA,NA,NA,NA
Saudi Arabia,SA,SAU,2003,20765.9387688082,19.4585543669823,69.831170708742,NA,NA,NA,NA
Saudi Arabia,SA,SAU,2004,21545.894988606,19.2457683461834,75.0828366569341,NA,NA,NA,NA
Saudi Arabia,SA,SAU,2005,21838.1915349374,19.0224496907001,81.9540759410158,NA,NA,NA,NA
Saudi Arabia,SA,SAU,2006,21616.3355772516,18.7991411916928,89.9446046768984,NA,NA,NA,NA
Saudi Arabia,SA,SAU,2007,21196.7926036633,18.5769984450937,94.8633170967657,NA,NA,NA,NA
Saudi Arabia,SA,SAU,2008,21629.8405734551,18.3558568957006,96.1026308742185,NA,NA,NA,NA
Saudi Arabia,SA,SAU,2009,20577.5453445336,18.1355519883111,84.8583415624843,NA,NA,NA,NA
Saudi Arabia,SA,SAU,2010,21830.1424272816,17.9208331455535,82.5496850227537,37.4031314968159,1.64333158314583,2.95138303055989,24.4346201900162
Saudi Arabia,SA,SAU,2011,23314.5576023168,17.7456123840053,84.3594342438995,43.7821599245909,1.28488720660743,2.16352133723479,22.8756134235045
Saudi Arabia,SA,SAU,2012,23643.0358324647,17.5688081974642,81.74067854616,44.2080643187851,1.43292978868658,2.20779647936644,25.2980404620107
Saudi Arabia,SA,SAU,2013,23057.3494468535,17.3928115380898,80.2515014286783,39.9298617327609,1.52697055115829,2.92111201630388,25.3542942107349
Saudi Arabia,SA,SAU,2014,23404.7306039825,17.2177428705129,78.000111117736,35.2372295909241,1.87676478477437,2.96700158920762,27.8187317401037
Saudi Arabia,SA,SAU,2015,23256.1549553531,17.0437226593837,67.105269230059207,23.5623988579797,3.52117043744512,5.14220801901112,30.418712581298202
Saudi Arabia,SA,SAU,2016,22783.0328538685,16.870871369374,57.9216635110364,20.0963081210981,4.978737500333,4.79912396055966,26.940531690074
Saudi Arabia,SA,SAU,2017,23035.1199977707,16.699309465178,59.5319791578229,24.8765686836184,2.90928165175134,5.46903018661023,25.9809738148926
Saudi Arabia,SA,SAU,2018,24393.5188306638,16.5291574115151,59.1029104697141,27.2458971226168,1.78291099134267,23.1656992212598,26.7955295916704
Saudi Arabia,SA,SAU,2019,24905.6697428558,16.3605356731322,56.7938204886513,27.8140023653833,1.87415662313999,16.5472139427457,26.7097064575879
Saudi Arabia,SA,SAU,2020,22827.671935548,16.1935647148058,47.533159225048,27.1487389649999,2.27403065639727,20.8926668575778,31.9689061537757
Saudi Arabia,SA,SAU,2021,24922.6716948944,16.0283650013462,50.8839263398787,26.2005739264251,1.93884152850145,26.0350685551096,25.0127399358585
Saudi Arabia,SA,SAU,2022,26706.917926066,15.8650569976007,56.8241647749332,27.2926932054767,1.47845376770121,19.8283117996753,21.9700445283442
Saudi Arabia,SA,SAU,2023,25634.8237547841,15.7037611684585,55.7974682325487,26.5289068800738,1.82704932374516,21.6512607873457,24.219126573207
Saudi Arabia,SA,SAU,2024,25123.0122060281,15.5445979788557,56.4049374147889,26.7720165625072,1.945730468959,22.937833700189,NA
Senegal,SN,SEN,2000,1048.37474052363,59.3332444468033,48.680089723263,NA,NA,NA,NA
Senegal,SN,SEN,2001,1067.36886550595,59.1236579836874,49.7205780648314,NA,NA,NA,NA
Senegal,SN,SEN,2002,1042.25509944289,58.8918528438708,53.1442994641329,NA,NA,NA,NA
Senegal,SN,SEN,2003,1074.38578467686,58.64106065145,50.8212198933376,NA,NA,NA,NA
Senegal,SN,SEN,2004,1098.20064546027,58.3751806104105,53.6592031275529,NA,NA,NA,NA
Senegal,SN,SEN,2005,1119.0505307548,58.0942400304162,54.9032435689485,NA,NA,NA,NA
Senegal,SN,SEN,2006,1118.7830430051,57.7953586956931,54.1362378092613,NA,NA,NA,NA
Senegal,SN,SEN,2007,1123.99862153285,57.475656390467,59.2713043549794,NA,NA,NA,NA
Senegal,SN,SEN,2008,1138.66883930214,57.132252898964,62.7617698176319,NA,NA,NA,NA
Senegal,SN,SEN,2009,1142.65317233964,56.76226800541,52.3072908773365,NA,NA,NA,NA
Senegal,SN,SEN,2010,1153.53431121583,56.3628214940308,52.4578551962948,NA,NA,NA,NA
Senegal,SN,SEN,2011,1139.74447892639,55.9310331490525,57.5768785989578,NA,NA,NA,NA
Senegal,SN,SEN,2012,1154.05677992367,55.4640227547011,61.9753040040375,NA,NA,NA,NA
Senegal,SN,SEN,2013,1147.3859217191,54.9601249460544,60.6267663596737,NA,NA,NA,NA
Senegal,SN,SEN,2014,1180.7987108505,54.3979094658412,58.4425289760992,NA,NA,NA,NA
Senegal,SN,SEN,2015,1218.00613555438,53.7252330370142,58.1103376742017,19.1978528881255,10.3997840879048,40.649871517197,18.2988992923632
Senegal,SN,SEN,2016,1257.40906916238,52.9446420090071,54.1081692072139,20.8189569514001,9.82975815427185,41.1163815549722,18.3100718301521
Senegal,SN,SEN,2017,1312.10932775878,52.0661650360947,57.8165678119905,21.3733590007235,9.50739766737934,35.293046407578,19.8176309908404
Senegal,SN,SEN,2018,1355.09610863533,51.0998307725515,61.7898394793183,19.7715974515781,10.4425964031185,34.5781164535661,19.8471337116101
Senegal,SN,SEN,2019,1379.60875249843,50.0556678726523,64.2362506061005,21.2096729266894,11.1238924852914,41.3029480296621,21.2330008972598
Senegal,SN,SEN,2020,1361.7914374888,48.9437049906718,60.0468716137065,20.2302779535469,10.6217298485519,41.7434978344506,20.9459226870621
Senegal,SN,SEN,2021,1414.53951093499,47.7739707808845,69.3759939883832,20.8139102456868,11.8351395799801,42.5995882215872,19.5888527919007
Senegal,SN,SEN,2022,1433.19918752288,46.5564938975652,79.3974220189679,22.1495867807185,12.5108390623473,40.8021485493323,23.1232614462059
Senegal,SN,SEN,2023,1458.9664233275,45.3007723809206,71.5942815846823,24.1739336241686,10.0071203301468,40.5273481592008,23.5632436487827
Senegal,SN,SEN,2024,1517.61838829684,44.7631830942696,68.2363510312865,NA,NA,NA,NA
Serbia,RS,SRB,2000,3542.35365914848,44.4076884298375,21.109043880746,NA,NA,NA,NA
Serbia,RS,SRB,2001,3788.98233947399,43.951767888795104,53.8950786178485,NA,NA,NA,NA
Serbia,RS,SRB,2002,4038.65251197442,43.537098496657,54.302882889577,NA,NA,NA,NA
Serbia,RS,SRB,2003,4233.77644906089,43.1215735473694,58.2946720222191,NA,NA,NA,NA
Serbia,RS,SRB,2004,4527.43498659451,42.6855444000722,72.2876162455649,NA,NA,NA,NA
Serbia,RS,SRB,2005,4809.1384076488,42.2491090111817,71.9925488520017,NA,NA,NA,NA
Serbia,RS,SRB,2006,5016.41289322251,41.8290847089332,75.529235364472,NA,NA,NA,NA
Serbia,RS,SRB,2007,5431.27887426624,41.4422888215622,72.7165875771534,34.8194669049718,6.27552056037398,42.6542017111845,33.0653352858747
Serbia,RS,SRB,2008,5735.94772695749,41.1055386773038,75.7432462868839,34.712901761246,6.1725879078252,41.9612213852343,34.5414592727477
Serbia,RS,SRB,2009,5578.0119741931,40.8356516043933,63.5017226157541,33.2631196614164,4.52565792120141,43.4870151042107,34.5091263592732
Serbia,RS,SRB,2010,5690.70327182682,40.6494449310662,73.7088615865295,33.098297772586,3.93042832213957,45.0964792594221,35.1190464053724
Serbia,RS,SRB,2011,5737.00120175811,40.5650812212733,75.7493613069523,31.7220568030059,3.24946457616258,45.5993335642219,34.0831778366048
Serbia,RS,SRB,2012,5739.3075023532,40.6531562805176,82.0766814348254,31.5382682858758,2.85397470485488,45.9138292696544,35.4259392948407
Serbia,RS,SRB,2013,5793.33614525565,40.3888931274414,84.3322563766638,35.9021241759536,2.10019926840331,39.438275858851,39.1277174777981
Serbia,RS,SRB,2014,5716.54047153506,40.1220626831055,88.3815023270446,37.3230768522299,1.90370063460362,40.0834315838893,40.9109680719636
Serbia,RS,SRB,2015,5820.3215576888,39.8611907958984,93.5281477663237,37.4578854866977,1.9584479547597,41.1346689667327,39.0527737026285
Serbia,RS,SRB,2016,6024.95754653784,39.6146129965974,97.6906940431804,38.3245677884817,2.0085915683427,41.9858124936644,37.7905966728824
Serbia,RS,SRB,2017,6200.26118592152,39.378791809082,102.740445166934,39.0176736635876,2.03725575002701,41.3332237690198,36.1410383011071
Serbia,RS,SRB,2018,6524.08029755191,39.1566390991211,105.563713028559,38.6414959649739,2.11614857761271,40.7160099023625,35.1923667823381
Serbia,RS,SRB,2019,6870.75810896296,38.9507751464844,107.577309546092,39.2908234713367,2.13121360215706,40.4128628575128,35.742587631728
Serbia,RS,SRB,2020,6850.96742168834,38.776798248291,100.324460810129,39.4299683143155,2.26498857962977,39.8394931488335,42.5376524683873
Serbia,RS,SRB,2021,7465.67601077148,38.636100769043,112.342298324945,34.5619415663687,2.26498857962977,39.8394931488335,37.6982895078739
Serbia,RS,SRB,2022,7862.95387364846,38.0986186459604,131.913292283516,38.6499916194589,2.71385821747058,40.8801328906148,35.4627580017931
Serbia,RS,SRB,2023,8208.4786891507,37.8565350770262,114.49206464322,NA,NA,NA,NA
Serbia,RS,SRB,2024,8580.26105823259,37.6169970195823,111.725028388916,NA,NA,NA,NA
Seychelles,SC,SYC,2000,11703.7535246117,56.6025769289962,151.302447835167,36.4066836025918,40.9783764622474,5.16129032258065,40.5318291764912
Seychelles,SC,SYC,2001,11427.9413083015,56.7827014144315,179.884914877473,NA,NA,NA,NA
Seychelles,SC,SYC,2002,11218.2606464315,56.9051535478073,156.9298895573,NA,NA,NA,NA
Seychelles,SC,SYC,2003,10677.9692081272,56.9950671351838,168.844235034216,NA,NA,NA,NA
Seychelles,SC,SYC,2004,10412.0868936027,57.0762243107973,149.54093675029,NA,NA,NA,NA
Seychelles,SC,SYC,2005,11297.3118190493,57.1489650924893,171.101735954764,32.2393421559675,16.5355871189059,35.6072662391948,28.6533272923078
Seychelles,SC,SYC,2006,12105.4475265558,57.2119568602973,177.56693551462,36.5263967027667,11.4721835960626,35.1540605446845,31.7796816027708
Seychelles,SC,SYC,2007,13112.8210098816,57.2638669942587,174.928462798259,28.1871830790523,14.8628834612645,42.5630067287361,30.447645535025
Seychelles,SC,SYC,2008,12473.2921769121,57.303362874411,208.842968505327,29.4870677631809,12.3901802732582,35.9641575503658,24.61714608499
Seychelles,SC,SYC,2009,12116.3783687977,57.3291118807915,221.933825358009,NA,NA,NA,NA
Seychelles,SC,SYC,2010,12313.5566919249,57.339692755417,198.162692424328,NA,NA,NA,NA
Seychelles,SC,SYC,2011,13843.7116081878,57.3260155139134,210.075382747992,NA,NA,NA,NA
Seychelles,SC,SYC,2012,14135.0010570653,57.2738241536831,222.178254853141,NA,NA,NA,NA
Seychelles,SC,SYC,2013,14050.3135581314,57.184930365819,196.517733268793,NA,NA,NA,NA
Seychelles,SC,SYC,2014,14395.6158118771,57.0613743813658,213.354469426486,NA,NA,NA,NA
Seychelles,SC,SYC,2015,15333.1051727105,56.905196431368,187.475012467679,NA,NA,NA,NA
Seychelles,SC,SYC,2016,16962.6753972731,56.7184367468704,180.866188390939,NA,NA,NA,NA
Seychelles,SC,SYC,2017,17921.5731976918,56.5031355589176,197.442236417869,NA,NA,NA,NA
Seychelles,SC,SYC,2018,18628.1862276696,56.2613330985541,185.7075372109,NA,NA,NA,NA
Seychelles,SC,SYC,2019,19481.6461053742,55.9950695968246,173.407846880196,NA,NA,NA,NA
Seychelles,SC,SYC,2020,17048.361729788,55.7063852847737,153.48333156592,NA,NA,NA,NA
Seychelles,SC,SYC,2021,17005.0422063679,55.3973203934461,183.77081501466,NA,NA,NA,NA
Seychelles,SC,SYC,2022,15471.2109575418,55.0891790018843,191.578843890135,NA,NA,NA,NA
Seychelles,SC,SYC,2023,16286.8557867673,54.9028918678342,183.842116553333,NA,NA,NA,NA
Seychelles,SC,SYC,2024,16612.6374865452,54.7101377539585,175.872982613261,NA,NA,NA,NA
Sierra Leone,SL,SLE,2000,727.240914632596,64.4672132758025,57.5299628959222,NA,NA,NA,NA
Sierra Leone,SL,SLE,2001,642.036645844304,64.236348704499,35.9381586081315,NA,NA,NA,NA
Sierra Leone,SL,SLE,2002,766.788693742901,63.9917208503384,38.9169111968846,NA,NA,NA,NA
Sierra Leone,SL,SLE,2003,806.066489012144,63.7309488402947,46.4464363702625,NA,NA,NA,NA
Sierra Leone,SL,SLE,2004,829.759768928304,63.4508716185245,46.1719991766037,NA,NA,NA,NA
Sierra Leone,SL,SLE,2005,842.906030904902,63.1514480327561,47.547983989225,NA,NA,NA,NA
Sierra Leone,SL,SLE,2006,859.824260714965,62.8296194656353,22.0888664739674,NA,NA,NA,NA
Sierra Leone,SL,SLE,2007,872.68836234614,62.4877140579474,21.8067992689239,NA,NA,NA,NA
Sierra Leone,SL,SLE,2008,882.54147817868,62.1274048411582,21.2566155636984,NA,NA,NA,NA
Sierra Leone,SL,SLE,2009,872.23959352481,61.7503648467334,23.0753395976546,NA,NA,NA,NA
Sierra Leone,SL,SLE,2010,902.769891411394,61.3582671061387,27.9541259241389,NA,NA,NA,NA
Sierra Leone,SL,SLE,2011,950.760763054593,60.9527846508398,43.7807969332619,NA,NA,NA,NA
Sierra Leone,SL,SLE,2012,1025.04366004502,60.5355905123025,53.3813447139398,NA,NA,NA,NA
Sierra Leone,SL,SLE,2013,1146.81973456475,60.1083577219925,53.3627646114117,NA,NA,NA,NA
Sierra Leone,SL,SLE,2014,1032.23789355905,59.6727593113755,51.1187772788807,NA,NA,NA,NA
Sierra Leone,SL,SLE,2015,964.575980888989,59.2330434812901,36.4823958242319,NA,NA,NA,NA
Sierra Leone,SL,SLE,2016,1002.77862282013,58.770588461229,43.0672126969961,NA,NA,NA,NA
Sierra Leone,SL,SLE,2017,1010.54694071207,58.2893317894942,41.5213782343591,NA,NA,NA,NA
Sierra Leone,SL,SLE,2018,1015.6678297205,57.7988974732197,37.3774603119412,NA,NA,NA,NA
Sierra Leone,SL,SLE,2019,1046.96778078594,57.2981555085559,37.5619529967261,NA,NA,NA,NA
Sierra Leone,SL,SLE,2020,1010.25294614757,56.7870340876454,30.613100943757,NA,NA,NA,NA
Sierra Leone,SL,SLE,2021,1045.7661615758,56.2654614026301,42.1435161621354,NA,NA,NA,NA
Sierra Leone,SL,SLE,2022,1077.08884538507,55.7333656456513,45.054212809586,NA,NA,NA,NA
Sierra Leone,SL,SLE,2023,1113.86837500697,55.190675008849,55.286796968766,NA,NA,NA,NA
Sierra Leone,SL,SLE,2024,1137.29005648131,54.6373176843629,40.5454450723139,NA,NA,NA,NA
Singapore,SG,SGP,2000,34890.0811365168,0,364.364520468218,25.681569547987,1.4269929708254,18.0431154054118,15.7167317505512
Singapore,SG,SGP,2001,33597.8690808226,0,349.292105694978,24.3483568448637,1.55464222806525,18.4131927603196,18.1694321928128
Singapore,SG,SGP,2002,34598.8267483781,0,349.746013985676,21.1831034876079,1.997150997151,18.5242165242165,16.1456287066659
Singapore,SG,SGP,2003,36709.7965038255,0,377.218564301581,19.4253514768287,0.051443442474127,24.7503479997579,15.9371823893899
Singapore,SG,SGP,2004,39856.6356222613,0,401.523712538509,18.7817911568509,0.0657210142943206,23.6321813899995,14.3921042209913
Singapore,SG,SGP,2005,41798.4880834671,0,420.430512920559,18.175279588949,0.0620748519256136,23.4073920802835,12.5938426968405
Singapore,SG,SGP,2006,44159.4101820552,0,425.363399543019,17.8972792883433,0.061515165854351,22.2069748734207,13.0568922267559
Singapore,SG,SGP,2007,46178.8139470199,0,394.288471919078,19.2502610950738,0.0476235831983998,23.2555481474426,12.1489884766129
Singapore,SG,SGP,2008,44601.5799302699,0,437.326714891057,20.414935154062,NA,21.7398301296379,14.5049163763371
Singapore,SG,SGP,2009,43331.8746638962,0,358.192811828842,17.0545106225511,NA,26.2079275762546,14.303988923297
Singapore,SG,SGP,2010,48752.0515441859,0,369.685555787646,16.7790639246853,NA,26.2028791087813,12.4128043266242
Singapore,SG,SGP,2011,50713.5326393594,0,379.098631377539,17.0209629280307,NA,25.2696208754276,12.7726522542327
Singapore,SG,SGP,2012,51679.352717333,0,369.212965787665,17.4768046793331,NA,23.7200404038523,12.3839623831082
Singapore,SG,SGP,2013,53298.9728558286,0,367.041780049019,17.2396519035114,NA,23.7157932970913,12.3753378735642
Singapore,SG,SGP,2014,54681.9336458253,0,360.467319166237,18.0208994708332,NA,23.5744290205024,13.1510655902688
Singapore,SG,SGP,2015,55645.6068614606,0,329.471398940262,17.9971098900658,NA,23.169443507677,15.9255259430938
Singapore,SG,SGP,2016,57076.5241936787,0,301.338866227561,18.3679721865711,NA,22.8987553371199,14.365859744936
Singapore,SG,SGP,2017,59493.3758595703,0,315.401433455385,20.0984795106946,NA,19.7846022553015,14.24151324768
Singapore,SG,SGP,2018,61101.5252578902,0,325.725809994853,18.1363800456617,NA,21.0884650484627,14.6491348390982
Singapore,SG,SGP,2019,61106.3119775351,0,324.270088576625,20.9049346284011,NA,18.1143056812152,14.1456371884552
Singapore,SG,SGP,2020,59083.8574841572,0,331.080556828077,17.9630738979833,NA,20.4278040429283,25.5945798719108
Singapore,SG,SGP,2021,67846.8565377728,0,326.53325458764,16.9554758068058,NA,20.8159507890069,16.115670617263
Singapore,SG,SGP,2022,68271.0897525302,0,330.246917062891,15.7228590892291,NA,20.168992677996,14.6713906312634
Singapore,SG,SGP,2023,65976.7068036903,0,323.7012199919,18.0096881546498,NA,20.4106090364607,17.109108094367
Singapore,SG,SGP,2024,68129.6960402288,0,313.299377202408,17.7270176198845,NA,21.461411700837,NA
Sint Maarten (Dutch part),SX,SXM,2000,NA,0,NA,NA,NA,NA,NA
Sint Maarten (Dutch part),SX,SXM,2001,NA,0,NA,NA,NA,NA,NA
Sint Maarten (Dutch part),SX,SXM,2002,NA,0,NA,NA,NA,NA,NA
Sint Maarten (Dutch part),SX,SXM,2003,NA,0,NA,NA,NA,NA,NA
Sint Maarten (Dutch part),SX,SXM,2004,NA,0,NA,NA,NA,NA,NA
Sint Maarten (Dutch part),SX,SXM,2005,NA,0,NA,NA,NA,NA,NA
Sint Maarten (Dutch part),SX,SXM,2006,NA,0,NA,NA,NA,NA,NA
Sint Maarten (Dutch part),SX,SXM,2007,NA,0,NA,NA,NA,NA,NA
Sint Maarten (Dutch part),SX,SXM,2008,NA,0,NA,NA,NA,NA,NA
Sint Maarten (Dutch part),SX,SXM,2009,37548.9474627441,0,NA,NA,NA,NA,NA
Sint Maarten (Dutch part),SX,SXM,2010,38403.0705201664,0,NA,NA,NA,NA,NA
Sint Maarten (Dutch part),SX,SXM,2011,39615.1371367338,0,NA,NA,NA,NA,NA
Sint Maarten (Dutch part),SX,SXM,2012,39298.9873567827,0,NA,NA,NA,NA,NA
Sint Maarten (Dutch part),SX,SXM,2013,38889.7715088035,0,NA,NA,NA,NA,NA
Sint Maarten (Dutch part),SX,SXM,2014,38623.1999405819,0,NA,NA,NA,NA,NA
Sint Maarten (Dutch part),SX,SXM,2015,37839.6283815163,0,NA,NA,NA,NA,NA
Sint Maarten (Dutch part),SX,SXM,2016,37428.7027557069,0,NA,NA,NA,NA,NA
Sint Maarten (Dutch part),SX,SXM,2017,33945.4185182499,0,NA,NA,NA,NA,NA
Sint Maarten (Dutch part),SX,SXM,2018,31047.7241050626,0,NA,NA,NA,NA,NA
Sint Maarten (Dutch part),SX,SXM,2019,33877.976645467,0,NA,NA,NA,NA,NA
Sint Maarten (Dutch part),SX,SXM,2020,28920.3773007159,0,NA,NA,NA,NA,NA
Sint Maarten (Dutch part),SX,SXM,2021,29834.6350068383,0,NA,NA,NA,NA,NA
Sint Maarten (Dutch part),SX,SXM,2022,33523.6042042737,0,NA,NA,NA,NA,NA
Sint Maarten (Dutch part),SX,SXM,2023,34300.9630414348,0,NA,NA,NA,NA,NA
Sint Maarten (Dutch part),SX,SXM,2024,34840.1808133458,0,NA,NA,NA,NA,NA
Slovak Republic,SK,SVK,2000,8997.21199594319,43.8941106715093,108.939262958746,37.712162819852,3.6674634006859,29.0527622455208,52.1902129851671
Slovak Republic,SK,SVK,2001,9277.35808851002,44.0031573260629,121.931131222912,35.8126274581772,1.05986664720877,30.0112637130762,43.8308376763311
Slovak Republic,SK,SVK,2002,9690.68468262889,44.1223859620041,120.599168045888,34.7089367939385,1.02531530012713,31.5902130673572,44.2036122962049
Slovak Republic,SK,SVK,2003,10168.02256533,44.2613992777058,125.998506220804,34.8963417696916,0.938273150176273,33.078290255961,39.7068446195437
Slovak Republic,SK,SVK,2004,10718.2101858841,44.4156166584125,140.222460021585,33.4694581416052,0.344985139851169,35.7895482818753,37.2826789817952
Slovak Republic,SK,SVK,2005,11412.1593630008,44.5810152402279,148.705461161746,34.0310493919392,NA,35.7239391294208,38.5685975641289
Slovak Republic,SK,SVK,2006,12430.2015488557,44.7535721592558,164.992205726236,32.6469403393774,NA,33.0524154822039,36.9739601689895
Slovak Republic,SK,SVK,2007,13770.9602691527,44.9292645515999,166.580025216882,31.8055685715751,NA,33.508178013432,34.8508787281228
Slovak Republic,SK,SVK,2008,14497.1114407172,45.104069553364,162.464472991641,31.7220788736088,NA,31.6866882693639,34.8379095855697
Slovak Republic,SK,SVK,2009,13680.7537106597,45.2739643006517,136.714352092364,33.1470271839695,NA,30.2511047398136,41.9431939116331
Slovak Republic,SK,SVK,2010,14596.1477776887,45.4349259295669,155.108497681586,31.5031888178808,NA,31.0187990832248,39.5145792054508
Slovak Republic,SK,SVK,2011,14950.8735178599,45.5832612011466,169.178076311066,33.9574139063562,NA,31.3335063070803,39.0601443681058
Slovak Republic,SK,SVK,2012,15159.657042000401,45.7235471683818,176.968958181431,33.1016168746668,NA,30.4143817893279,39.1325775702987
Slovak Republic,SK,SVK,2013,15249.8824513785,45.8615975901108,180.903136491458,35.5079174484525,NA,30.048598595732,40.0242603858589
Slovak Republic,SK,SVK,2014,15647.6491763517,45.9970874500107,176.756316098132,36.023154999262,NA,30.3058583134918,40.0498953140123
Slovak Republic,SK,SVK,2015,16442.0760860018,46.1299371998378,179.42602289503,38.18666488372,NA,29.2140355900335,40.6783469163369
Slovak Republic,SK,SVK,2016,16740.7413996428,46.2600672913483,182.757379596201,35.5754611590247,NA,31.0859041029745,40.3193736538256
Slovak Republic,SK,SVK,2017,17195.2888721963,46.3873981762984,186.644687399549,36.5193524934037,NA,31.4588108277516,37.0392854927539
Slovak Republic,SK,SVK,2018,17869.0149173679,46.5118503064441,188.732964699496,36.4511446145216,NA,31.2979886910767,37.1287832002824
Slovak Republic,SK,SVK,2019,18250.9802475637,46.6333441335417,183.722608631236,37.3077733089122,NA,31.4118554687461,38.0979921157923
Slovak Republic,SK,SVK,2020,17763.8563847352,46.7518001093474,167.534173320366,37.0308080050777,NA,31.1535832589367,42.1100121910824
Slovak Republic,SK,SVK,2021,18808.4540496595,46.8098520129395,181.97948448512,37.7021998748493,NA,30.3323022094051,42.3958276665658
Slovak Republic,SK,SVK,2022,18964.8298400624,46.8097168927472,204.056318531151,39.2667210059404,NA,29.6782120151168,39.7740575217895
Slovak Republic,SK,SVK,2023,19383.3732009401,46.809194980354,181.39087235645,40.1894910694299,NA,28.9628265491261,NA
Slovak Republic,SK,SVK,2024,19776.1758069498,46.8080297014316,171.212800151635,39.3323818777902,NA,28.3175256223826,NA
Slovenia,SI,SVN,2000,16146.1216848394,49.3024970202481,104.620348581459,NA,NA,NA,NA
Slovenia,SI,SVN,2001,16576.7158840406,49.2402496463677,105.583223530684,NA,NA,NA,NA
Slovenia,SI,SVN,2002,17099.658209132,49.2255443733445,104.880458289416,42.9297591204776,1.2894754858529,31.046401899972,44.6270962929415
Slovenia,SI,SVN,2003,17635.3608581831,49.2446157371651,103.280027127626,42.674707488411,1.26052689924659,31.3769399833655,44.4229734423929
Slovenia,SI,SVN,2004,18425.2601213581,49.2875589388776,112.399933466762,42.8806135003467,0.391886814372421,31.3732954297079,43.6902957275516
Slovenia,SI,SVN,2005,19102.2776603905,49.351218599979,121.127284217914,43.2440537061571,NA,31.3201779326292,43.9831561458944
Slovenia,SI,SVN,2006,20166.5323431214,49.4327447183037,130.517913086158,42.4126713882722,NA,31.2545393559524,42.5094777219212
Slovenia,SI,SVN,2007,21485.780992381,49.5292872916856,137.66309435102,41.4785234721251,NA,31.6856497623335,39.9951581291865
Slovenia,SI,SVN,2008,22175.2369557321,49.6379963179591,135.387093664802,41.5777795241351,NA,32.0247665289261,41.1003969206339
Slovenia,SI,SVN,2009,20307.6188322273,49.7560217949584,114.482301023638,42.0166239519464,NA,32.8302458042513,46.3540530961616
Slovenia,SI,SVN,2010,20444.1201295876,49.8805137205174,128.606575425363,42.8894766154561,NA,33.5895767621115,47.3581596491482
Slovenia,SI,SVN,2011,20535.4155754108,50.0536181251277,140.332355750319,42.4717213181273,NA,33.6364990511162,48.809028972781
Slovenia,SI,SVN,2012,19894.8697964548,50.2380523681641,143.656448572975,43.4411262914035,NA,33.6889142060728,47.4901246961825
Slovenia,SI,SVN,2013,19704.2186005128,49.9533419245973,145.168789432403,44.1054666585389,NA,34.9203194807504,54.5726819204219
Slovenia,SI,SVN,2014,20228.7081986391,49.016529083252,146.471705096746,43.723864185323,NA,35.1834432530147,47.5336371357467
Slovenia,SI,SVN,2015,20697.2748530619,46.3387839705856,147.218367714503,44.4393657164977,NA,34.6491301142067,46.7222084667928
Slovenia,SI,SVN,2016,21309.7122138949,46.352725982666,148.238448080388,42.6928843776503,NA,35.5131222863739,44.6747700849883
Slovenia,SI,SVN,2017,22397.7634988337,44.7548866271973,158.70213584467,42.3960148904371,NA,35.0189392094869,42.2981039649573
Slovenia,SI,SVN,2018,23293.966665323,44.8086569044325,162.613493975851,42.6985994041014,NA,34.1582240884846,41.1450376558141
Slovenia,SI,SVN,2019,23943.1800949889,44.5476722717285,160.044275685249,42.248384816706,NA,33.8435848944947,40.7895004063214
Slovenia,SI,SVN,2020,22811.8050540778,44.615608215332,147.549008584942,42.1064159274095,NA,31.1341199292215,49.1075307851423
Slovenia,SI,SVN,2021,24665.4410464026,44.6953710570412,161.788727511439,43.1446565877025,NA,31.4723255827524,46.6078624054164
Slovenia,SI,SVN,2022,25275.715967757,44.6622182126437,186.647076274632,42.3403234348526,NA,31.5898686356973,43.55354475193
Slovenia,SI,SVN,2023,25773.9015835069,44.4621072210125,160.1596693009,41.8074014916595,NA,30.5748967310194,42.8744911319917
Slovenia,SI,SVN,2024,26134.627203987,44.2422291594083,155.657928684474,43.5255856136637,NA,29.2149720650972,NA
Small states,S1,SST,2000,8233.73342913905,50.7038128247057,117.286588301608,NA,27.4675221799747,34.2666418570033,NA
Small states,S1,SST,2001,8334.94332625642,50.6829070856566,115.23132639204,27.332370996776,15.1341993766052,29.523484916793,26.6942064769286
Small states,S1,SST,2002,8509.09600338007,50.6611935213708,111.693836392114,27.2435278452299,13.3803121121618,30.746633097021,27.1754717956734
Small states,S1,SST,2003,8809.07593512754,50.6091764158154,106.380783212333,27.7336096939049,12.581020800154,26.7107393308962,27.6282137442752
Small states,S1,SST,2004,9118.62424504978,50.532981315466,108.424477061319,28.1014997865498,5.66741476480617,35.6341434638981,27.1420886696813
Small states,S1,SST,2005,9464.63468920637,50.485407666052,110.572276959324,29.9263190985803,12.1849664897307,35.3229748291917,27.8869554953118
Small states,S1,SST,2006,9984.06367153864,50.4133767870442,112.00355703902,31.2877702913053,10.6940698360379,35.0942104576868,28.8066111745495
Small states,S1,SST,2007,10342.0337309381,50.3132898761203,111.534985599648,30.6110857913044,9.22038890805586,33.6809319301327,27.4527448914237
Small states,S1,SST,2008,10357.4606783297,50.1968320868934,115.299722096852,31.4885495232969,7.57679399064996,33.5402259204967,31.0830012283324
Small states,S1,SST,2009,9809.37789211833,50.0917072401046,105.294890610123,31.2167785826723,3.28528493959364,32.9840028439389,33.3436207373597
Small states,S1,SST,2010,9914.45968595479,50.0210827525973,114.136882655489,33.9304894376839,2.17614814928958,24.2965879634646,32.7204628946103
Small states,S1,SST,2011,10066.3427831055,49.9606121050133,123.951978491081,34.4250763587592,2.08575901015008,23.073835781766,31.4640080746741
Small states,S1,SST,2012,10180.0751029745,49.8783588143024,126.047586197715,35.3948410022766,1.84685308939191,25.3711602772697,33.3208939994323
Small states,S1,SST,2013,10195.8863691367,49.7921479042555,128.77490331214,33.9856237162604,0.993842438249066,31.5056583335709,32.1724664579793
Small states,S1,SST,2014,10328.383721223,49.6854464151107,127.011472136925,33.4647289646508,1.36342473096384,24.7832722671762,32.8232993965623
Small states,S1,SST,2015,10451.9964952878,49.5567519403241,125.683403607042,31.7482012784109,1.0999892512371101,26.0768652311051,31.3259019743221
Small states,S1,SST,2016,10529.0592324888,49.4176282226471,123.059966417898,32.4351695482197,1.5055663291603,28.3971931367798,32.0466629615249
Small states,S1,SST,2017,10755.3448582832,49.259480042639,125.094362889319,30.884106583986,1.55530602448769,27.4808919205862,30.8234465711244
Small states,S1,SST,2018,10991.2219783357,49.1165924431565,127.48258048696,31.3120177602554,1.61754518444688,29.0318692260003,31.4317729826442
Small states,S1,SST,2019,11210.5608938361,48.9489992462675,129.340648955305,30.4826160766085,1.18234759666765,28.0627996029039,31.6585868883753
Small states,S1,SST,2020,10333.0141438009,48.7908299537915,122.619796574394,NA,NA,29.912013301926,NA
Small states,S1,SST,2021,10988.3149576582,48.659927223999,137.26856660282,NA,NA,30.0192127691019,NA
Small states,S1,SST,2022,11682.1880704072,48.4777199401215,153.293868856844,NA,NA,33.4440214320247,NA
Small states,S1,SST,2023,12160.0587635306,48.2506012977896,143.741785064328,NA,NA,NA,NA
Small states,S1,SST,2024,12794.3634985188,48.0724051759275,139.812410499294,NA,NA,NA,NA
Solomon Islands,SB,SLB,2000,1747.71795607153,84.2476406307304,58.5523280892414,NA,NA,NA,NA
Solomon Islands,SB,SLB,2001,1577.65519966257,83.9380741611022,45.1100685673042,NA,NA,NA,NA
Solomon Islands,SB,SLB,2002,1504.84671895171,83.5973787861818,45.1275100252581,NA,NA,NA,NA
Solomon Islands,SB,SLB,2003,1573.84348435767,83.2266884242251,55.9586076145116,NA,NA,NA,NA
Solomon Islands,SB,SLB,2004,1664.57315979072,82.827136993488,62.8118968234281,NA,NA,NA,NA
Solomon Islands,SB,SLB,2005,1755.74082446273,82.3998584122263,66.5710774479487,NA,NA,NA,NA
Solomon Islands,SB,SLB,2006,1796.71439810674,81.9459865986962,69.7893995920413,NA,NA,NA,NA
Solomon Islands,SB,SLB,2007,1830.23321405807,81.4666554711533,83.7476122894046,NA,NA,NA,NA
Solomon Islands,SB,SLB,2008,1911.18969015528,80.9629989478537,87.3526147171949,NA,NA,NA,NA
Solomon Islands,SB,SLB,2009,1930.46287614922,80.4366259001327,71.8849537891287,NA,NA,NA,NA
Solomon Islands,SB,SLB,2010,2058.95691648883,79.8805941793743,96.1485545423385,NA,NA,NA,NA
Solomon Islands,SB,SLB,2011,2132.02844199392,79.2715107037045,107.24751599476,27.4839662556294,30.0655537553295,20.3312947165458,24.9989879358096
Solomon Islands,SB,SLB,2012,2105.91423758379,78.6093035780013,104.823434628967,29.0401765252793,31.6828308145332,18.5277417214001,25.292876677568
Solomon Islands,SB,SLB,2013,2136.72116177034,77.8972737515235,99.6074605551315,30.0201123336369,23.0916283220549,13.6840824429935,30.5008065146982
Solomon Islands,SB,SLB,2014,2085.16067273086,77.1387221735297,93.4534073008692,29.2322045495204,24.6905311379472,15.5327047151889,30.1601465085558
Solomon Islands,SB,SLB,2015,2045.47721526649,76.3369497932787,88.1884859107326,30.9120279669269,25.0136936466172,13.3787317149852,30.6740928598214
Solomon Islands,SB,SLB,2016,2084.24845745225,75.4952575600293,85.54984577725,27.5713499257654,28.0645097026301,14.1781877554353,29.7450348399923
Solomon Islands,SB,SLB,2017,2075.36705302305,74.6169464230401,82.1974922027324,28.9821057845064,19.7209109257288,22.1372824266296,30.2343478018367
Solomon Islands,SB,SLB,2018,2061.8996970669,73.7053173315698,88.4949614655388,29.1970409864465,32.3944072577078,14.7800425516608,27.5770445134498
Solomon Islands,SB,SLB,2019,2043.09139778307,72.724893249724,82.9985659020552,25.8366420778126,27.4306773549116,14.5765876580613,28.9847174846667
Solomon Islands,SB,SLB,2020,1930.65510307199,71.9672444849978,60.2204367377792,24.5942257810752,22.7724542667695,12.6447313746107,31.9131931709477
Solomon Islands,SB,SLB,2021,1880.5519827183,71.3110603179422,67.4200567620007,24.2494774240016,NA,NA,30.3797227770116
Solomon Islands,SB,SLB,2022,1788.61727922057,70.6488310143194,74.8355405899571,24.6272216717746,27.551514738799,19.047669641764,28.8903334458529
Solomon Islands,SB,SLB,2023,1795.88798697142,69.9911178911611,101.134531825762,25.130752413868102,12.74265591507,23.9258674690718,NA
Solomon Islands,SB,SLB,2024,1806.38367324387,69.3382811437806,111.352972154204,25.4203591870694,13.4885015748226,26.4079271532332,NA
"Somalia, Fed. Rep.",SO,SOM,2000,233.032393086303,66.9403863072775,NA,NA,NA,NA,NA
"Somalia, Fed. Rep.",SO,SOM,2001,239.839074088089,66.4871816133366,NA,NA,NA,NA,NA
"Somalia, Fed. Rep.",SO,SOM,2002,248.636454000924,66.0127944946289,NA,NA,NA,NA,NA
"Somalia, Fed. Rep.",SO,SOM,2003,257.910337235953,65.5280334345524,NA,NA,NA,NA,NA
"Somalia, Fed. Rep.",SO,SOM,2004,266.257271856551,65.0379293952382,NA,NA,NA,NA,NA
"Somalia, Fed. Rep.",SO,SOM,2005,275.457040797983,64.5325071863789,NA,NA,NA,NA,NA
"Somalia, Fed. Rep.",SO,SOM,2006,284.47078986532,64.0017916176669,NA,NA,NA,NA,NA
"Somalia, Fed. Rep.",SO,SOM,2007,294.210404466601,63.4358074987947,NA,NA,NA,NA,NA
"Somalia, Fed. Rep.",SO,SOM,2008,304.741448811237,62.8245796394546,NA,NA,NA,NA,NA
"Somalia, Fed. Rep.",SO,SOM,2009,317.038184814662,62.1581328493391,NA,NA,NA,NA,NA
"Somalia, Fed. Rep.",SO,SOM,2010,329.970504936872,61.4264919381408,NA,NA,NA,NA,NA
"Somalia, Fed. Rep.",SO,SOM,2011,349.577449077711,60.619681715552,NA,NA,NA,NA,NA
"Somalia, Fed. Rep.",SO,SOM,2012,369.617204753489,59.7277269912651,88.5736460782288,NA,NA,NA,NA
"Somalia, Fed. Rep.",SO,SOM,2013,397.108796344814,58.7406525749727,83.3409991258378,NA,NA,NA,NA
"Somalia, Fed. Rep.",SO,SOM,2014,417.516796906402,57.6484832763672,81.7010414559322,NA,NA,NA,NA
"Somalia, Fed. Rep.",SO,SOM,2015,445.583080073396,56.1381892591521,76.4793322385239,NA,NA,NA,NA
"Somalia, Fed. Rep.",SO,SOM,2016,458.92147682461,54.057157270826,74.3615625516249,NA,NA,NA,NA
"Somalia, Fed. Rep.",SO,SOM,2017,506.501098879426,51.6360369967735,68.6756490932841,1.87159810479441,37.3754377759314,18.6438920461909,3.13875037692489
"Somalia, Fed. Rep.",SO,SOM,2018,498.981065013918,49.0493784663128,73.8219230280706,2.32971958083069,36.4513171862908,25.320698967088,3.28529983991639
"Somalia, Fed. Rep.",SO,SOM,2019,494.444039712384,48.3578829296775,70.2980591497227,2.65408365811063,32.1539860478036,13.8843312865914,3.4711821922726
"Somalia, Fed. Rep.",SO,SOM,2020,462.867053737278,47.713681988246,75.6954102920723,2.44873298624839,17.9759526472131,6.37975056830801,5.47997845296968
"Somalia, Fed. Rep.",SO,SOM,2021,461.627830726021,47.0939350266676,79.0994411051355,2.42076773989115,28.9414208077113,10.0926643934121,NA
"Somalia, Fed. Rep.",SO,SOM,2022,460.046226685238,46.4989884113211,90.7576203077526,2.57443639234191,16.0918812317781,4.5405376788203,NA
"Somalia, Fed. Rep.",SO,SOM,2023,464.72106952561,45.9285564493118,103.121007483117,3.00954168302458,6.34957577046096,1.66768008976369,6.34830985941583
"Somalia, Fed. Rep.",SO,SOM,2024,467.269910194458,45.3823534475479,130.325060583271,3.08643595525991,18.5025136223474,5.75867734946896,NA
South Africa,ZA,ZAF,2000,4700.87555500704,43.7410045116372,46.2207217354077,23.0698153754344,2.95882606111532,34.5333961838788,24.4358091522258
South Africa,ZA,ZAF,2001,4786.482450463,42.9985660621731,49.170945185829,24.0019951706408,2.73720095225556,33.1036912357615,24.3412920517984
South Africa,ZA,ZAF,2002,4916.81498068625,42.3276412471518,53.4655016294369,22.7016759682254,2.73369460034836,33.7110508999419,23.6803783151852
South Africa,ZA,ZAF,2003,5011.62223150169,41.6275658767934,45.723862568979,22.7024907610567,2.35616987238506,35.2897225999096,24.7704671599849
South Africa,ZA,ZAF,2004,5187.35683424034,40.9022609049898,45.6435752240041,24.0807788202014,3.25625010969503,36.1898338402289,25.6020497773113
South Africa,ZA,ZAF,2005,5406.07581377638,40.1758241621003,47.4277813970329,25.7301385005501,3.82982229320354,35.1911002949105,25.6017227017192
South Africa,ZA,ZAF,2006,5650.9883176549,39.4723534784843,53.7681412741145,26.9292690601181,4.22810897794391,34.4261555724734,25.8417852811827
South Africa,ZA,ZAF,2007,5891.42069421698,38.8159466845012,57.125139137747,27.2583059687972,4.120966999496,33.6809862858088,26.0805418540207
South Africa,ZA,ZAF,2008,6009.71963138635,38.2307016105104,65.9745237996233,26.8712941110509,3.15525949950371,31.3488237357307,27.1771183464084
South Africa,ZA,ZAF,2009,5847.05811084505,37.7407160868713,49.5875353278801,24.9965390873939,2.66335536633881,32.0836647555576,29.1019033706759
South Africa,ZA,ZAF,2010,5953.94506512821,37.3700879439431,50.4060871625999,25.5192267165858,3.39536417627728,34.7504320305777,29.5775128260769
South Africa,ZA,ZAF,2011,6067.12482726885,37.149372245548,54.6363504358971,25.9740547550987,3.88135336153294,33.4021197557206,31.0619734464171
South Africa,ZA,ZAF,2012,6121.55783860713,37.0383439696737,55.5826171933345,26.5227856834625,4.0715867609078,34.1686224179731,30.3651797341743
South Africa,ZA,ZAF,2013,6170.87670863373,36.9475975902966,58.875027630051,27.4101862231804,4.11876794597464,33.5549809406584,31.259190573785
South Africa,ZA,ZAF,2014,6155.00589462516,36.8647672934258,59.4995740550593,28.8726130567165,3.37036463033972,32.7735923596333,31.9053501556958
South Africa,ZA,ZAF,2015,6112.27382485974,36.7903650062769,56.7266761447156,29.6472581887112,3.48842028658331,33.2928906166311,33.6797787454907
South Africa,ZA,ZAF,2016,6095.295060428,36.7249026560653,55.8612575048782,29.0406590015195,3.26498260863232,32.8174862074232,32.1896608002111
South Africa,ZA,ZAF,2017,6125.6920507497,36.6688921700064,53.5359318293741,28.9131558196206,3.3946263162926398,32.4360160687744,33.2518124768773
South Africa,ZA,ZAF,2018,6117.2701406047,36.6228454753159,54.4855451276341,28.3643368318902,3.65718608893185,34.1673701372738,33.9954978254972
South Africa,ZA,ZAF,2019,6032.82972598668,36.5872744992092,53.8979964081406,28.8976157499402,3.39332205956281,33.7848191924426,34.6532754617872
South Africa,ZA,ZAF,2020,5569.58483319272,36.5626911689018,50.7596590804177,27.8138753889078,2.98928960559051,33.2174687850148,37.8354162011745
South Africa,ZA,ZAF,2021,5750.90937479584,36.5496074116091,56.1647136277546,30.0292040850951,3.15750799390391,33.0076476154748,34.6050550967435
South Africa,ZA,ZAF,2022,5786.86505344736,36.5233300789673,64.94713440234,29.9911603935889,3.75361243379502,32.2687535013103,33.4243056296085
South Africa,ZA,ZAF,2023,5756.55049453121,36.4176294836455,65.6798759740707,29.9221961377987,3.41947088104524,32.2456602261992,NA
South Africa,ZA,ZAF,2024,5715.47531469148,36.3082015141828,61.646770473025,29.3983175912785,3.59687720355485,32.0890580636153,NA
South Asia,8S,SAS,2000,758.133172433103,72.9588149496379,29.4521345638678,11.9106512345028,18.9218878107413,32.1525589481691,15.7025129157748
South Asia,8S,SAS,2001,778.357238654588,72.6632823041751,28.6226894432911,11.0425894730675,19.6875225704474,31.3239216440394,15.2071142366547
South Asia,8S,SAS,2002,793.587791994034,72.3375889061336,31.2058856438684,11.5460983459974,19.2306462788181,31.3506756237525,15.6267866096302
South Asia,8S,SAS,2003,838.605352866225,71.9772070726256,32.0000779732296,11.7191207548691,18.2461851248932,31.7284162522784,15.1204180268519
South Asia,8S,SAS,2004,887.193101541892,71.589351430771,38.1607950166867,11.9077427280867,18.5454466150205,31.1129754674833,14.7151131426995
South Asia,8S,SAS,2005,940.169908937804,71.1805647456937,42.4971464403537,12.1816881619708,16.733968158392,32.3216538641158,14.8000431285137
South Asia,8S,SAS,2006,999.335555352338,70.7572702745375,45.9944214475263,13.0447929439168,16.7066504947139,32.8224038624868,14.8555616027265
South Asia,8S,SAS,2007,1059.31634784168,70.325502682935,46.0171112034336,14.0305705692078,15.5065519122423,33.0207764522461,14.9046701455738
South Asia,8S,SAS,2008,1081.29827128245,69.8909601326877,52.8016359534609,12.5874829352507,15.8836296714051,32.462622839034204,16.6804747124631
South Asia,8S,SAS,2009,1145.46231054376,69.459334029725,45.9241017213063,11.4228965035252,17.5325803692943,33.149541779772,16.4475887569702
South Asia,8S,SAS,2010,1222.51823005713,69.0363095958861,48.318869674409,12.9120274312557,15.9800202533168,35.6061268650134,15.9276796536016
South Asia,8S,SAS,2011,1272.07513801273,68.6500854477505,54.7819122940773,11.4813883204697,15.7330411980459,35.2980258356999,14.1650505107735
South Asia,8S,SAS,2012,1326.51107387395,68.3271418981992,55.002840478453,12.4717046186292,17.7668689539887,34.5621818928136,15.5874289927872
South Asia,8S,SAS,2013,1392.20217832083,67.9996226717575,53.1281840147581,12.4852284668729,16.9180025090696,34.6359706116228,15.9487578319832
South Asia,8S,SAS,2014,1475.21676492149,67.6804189175488,48.7343658963128,11.5489446488163,16.7608922429819,34.4198667117005,14.3642596942169
South Asia,8S,SAS,2015,1570.54142452744,67.3619651899083,42.3320491860179,12.2856326012245,16.6753283880829,36.6888162309799,14.7089835227701
South Asia,8S,SAS,2016,1676.35409771736,67.0467860076527,39.793803445458,12.597034549505,18.5985189436269,37.3330088544486,14.6976363029857
South Asia,8S,SAS,2017,1770.26291313502,66.7356123769953,40.3089858984264,12.4519574998252,12.9403987706887,45.8803157943621,14.9892698081975
South Asia,8S,SAS,2018,1863.72112635371,66.4264204917594,43.1541039748074,12.9217198234123,12.8796669655014,47.756064579034,15.0560636349639
South Asia,8S,SAS,2019,1920.39706306333,66.113933549039,39.8164418526697,NA,16.0305551420005,48.8441868287721,NA
South Asia,8S,SAS,2020,1806.99045379049,65.7999346105392,36.9884537737575,NA,15.8135971117888,41.5931105270995,NA
South Asia,8S,SAS,2021,1957.51785298129,65.4913031344646,44.0145414114752,NA,19.8652862299341,43.2156944417725,NA
South Asia,8S,SAS,2022,2079.70096039385,65.1862479044806,49.3870182903706,9.33790982864689,11.299010066614,37.9847146624418,13.8009764072263
South Asia,8S,SAS,2023,2201.34248982502,64.862834499336,45.1297122216899,NA,14.670272869217,42.0330864213099,NA
South Asia,8S,SAS,2024,2329.35958665331,64.537141275692,44.3926979482562,NA,NA,NA,NA
South Asia (IDA & IBRD),T5,TSA,2000,758.133172433103,72.9588149496379,29.4521345638678,11.9106512345028,18.9218878107413,32.1525589481691,15.7025129157748
South Asia (IDA & IBRD),T5,TSA,2001,778.357238654588,72.6632823041751,28.6226894432911,11.0425894730675,19.6875225704474,31.3239216440394,15.2071142366547
South Asia (IDA & IBRD),T5,TSA,2002,793.587791994034,72.3375889061336,31.2058856438684,11.5460983459974,19.2306462788181,31.3506756237525,15.6267866096302
South Asia (IDA & IBRD),T5,TSA,2003,838.605352866225,71.9772070726256,32.0000779732296,11.7191207548691,18.2461851248932,31.7284162522784,15.1204180268519
South Asia (IDA & IBRD),T5,TSA,2004,887.193101541892,71.589351430771,38.1607950166866,11.9077427280867,18.5454466150205,31.1129754674833,14.7151131426995
South Asia (IDA & IBRD),T5,TSA,2005,940.169908937804,71.1805647456937,42.4971464403536,12.1816881619708,16.733968158392,32.3216538641158,14.8000431285137
South Asia (IDA & IBRD),T5,TSA,2006,999.335555352338,70.7572702745375,45.9944214475263,13.0447929439168,16.7066504947139,32.8224038624868,14.8555616027265
South Asia (IDA & IBRD),T5,TSA,2007,1059.31634784168,70.325502682935,46.0171112034336,14.0305705692078,15.5065519122423,33.0207764522461,14.9046701455738
South Asia (IDA & IBRD),T5,TSA,2008,1081.29827128245,69.8909601326877,52.8016359534609,12.5874829352507,15.8836296714051,32.462622839034204,16.6804747124631
South Asia (IDA & IBRD),T5,TSA,2009,1145.46231054376,69.459334029725,45.9241017213063,11.4228965035252,17.5325803692943,33.149541779772,16.4475887569702
South Asia (IDA & IBRD),T5,TSA,2010,1222.51823005713,69.0363095958861,48.318869674409,12.9120274312557,15.9800202533168,35.6061268650134,15.9276796536016
South Asia (IDA & IBRD),T5,TSA,2011,1272.07513801273,68.6500854477505,54.7819122940773,11.4813883204697,15.7330411980459,35.2980258356999,14.1650505107735
South Asia (IDA & IBRD),T5,TSA,2012,1326.51107387395,68.3271418981992,55.002840478453,12.4717046186292,17.7668689539887,34.5621818928136,15.5874289927872
South Asia (IDA & IBRD),T5,TSA,2013,1392.20217832083,67.9996226717575,53.1281840147581,12.4852284668729,16.9180025090696,34.6359706116228,15.9487578319832
South Asia (IDA & IBRD),T5,TSA,2014,1475.21676492149,67.6804189175488,48.7343658963128,11.5489446488163,16.7608922429819,34.4198667117005,14.3642596942169
South Asia (IDA & IBRD),T5,TSA,2015,1570.54142452744,67.3619651899083,42.3320491860179,12.2856326012245,16.6753283880829,36.6888162309799,14.7089835227701
South Asia (IDA & IBRD),T5,TSA,2016,1676.35409771736,67.0467860076527,39.793803445458,12.5970345495049,18.5985189436269,37.3330088544486,14.6976363029857
South Asia (IDA & IBRD),T5,TSA,2017,1770.26291313502,66.7356123769953,40.3089858984264,12.4519574998252,12.9403987706887,45.8803157943621,14.9892698081975
South Asia (IDA & IBRD),T5,TSA,2018,1863.72112635371,66.4264204917594,43.1541039748074,12.9217198234123,12.8796669655014,47.756064579034,15.0560636349639
South Asia (IDA & IBRD),T5,TSA,2019,1920.39706306333,66.1139335490391,39.8164418526697,NA,16.0305551420005,48.8441868287721,NA
South Asia (IDA & IBRD),T5,TSA,2020,1806.99045379049,65.7999346105393,36.9884537737575,NA,15.8135971117888,41.5931105270995,NA
South Asia (IDA & IBRD),T5,TSA,2021,1957.51785298129,65.4913031344646,44.0145414114752,NA,19.8652862299341,43.2156944417725,NA
South Asia (IDA & IBRD),T5,TSA,2022,2079.70096039385,65.1862479044806,49.3870182903706,9.33790982864689,11.299010066614,37.9847146624418,13.8009764072263
South Asia (IDA & IBRD),T5,TSA,2023,2201.34248982502,64.862834499336,45.1297122216899,NA,14.670272869217,42.0330864213099,NA
South Asia (IDA & IBRD),T5,TSA,2024,2329.35958665331,64.537141275692,44.3926979482562,NA,NA,NA,NA
South Sudan,SS,SSD,2000,NA,83.9571459882683,NA,NA,NA,NA,NA
South Sudan,SS,SSD,2001,NA,83.7440381328456,NA,NA,NA,NA,NA
South Sudan,SS,SSD,2002,NA,83.552354588206,NA,NA,NA,NA,NA
South Sudan,SS,SSD,2003,NA,83.3845527692623,NA,NA,NA,NA,NA
South Sudan,SS,SSD,2004,NA,83.2430900909275,NA,NA,NA,NA,NA
South Sudan,SS,SSD,2005,NA,83.1304239681143,NA,NA,NA,NA,NA
South Sudan,SS,SSD,2006,NA,83.0490118157357,NA,NA,NA,NA,NA
South Sudan,SS,SSD,2007,NA,83.0013110487046,NA,NA,NA,NA,NA
South Sudan,SS,SSD,2008,2289.18415375563,82.9698858806045,97.2662973183488,NA,NA,NA,NA
South Sudan,SS,SSD,2009,2293.80166888543,82.7062715360683,94.8357640879963,NA,NA,NA,NA
South Sudan,SS,SSD,2010,2295.07026096006,82.464379800424,90.9434483661131,NA,NA,NA,NA
South Sudan,SS,SSD,2011,2073.23981819145,82.2182321893211,93.226859754919,NA,NA,NA,NA
South Sudan,SS,SSD,2012,1069.19619080938,81.9678114552336,71.6198113947489,NA,NA,NA,NA
South Sudan,SS,SSD,2013,1165.16202707495,81.7131003506367,50.8112465907463,NA,NA,NA,NA
South Sudan,SS,SSD,2014,1197.09491969479,81.4540816280071,64.6345178070809,NA,NA,NA,NA
South Sudan,SS,SSD,2015,1080.14718624765,81.1907380398227,65.5513491845003,NA,NA,NA,NA
South Sudan,SS,SSD,2016,NA,80.9230523385623,NA,NA,NA,NA,NA
South Sudan,SS,SSD,2017,NA,80.6510072767056,NA,NA,NA,NA,NA
South Sudan,SS,SSD,2018,NA,80.3745856067337,NA,NA,NA,NA,NA
South Sudan,SS,SSD,2019,NA,80.0937700811281,NA,NA,NA,NA,NA
South Sudan,SS,SSD,2020,NA,79.8085434523714,NA,NA,NA,NA,NA
South Sudan,SS,SSD,2021,NA,79.5188884729468,NA,NA,NA,NA,NA
South Sudan,SS,SSD,2022,NA,79.2247878953384,NA,NA,NA,NA,NA
South Sudan,SS,SSD,2023,NA,78.9262244720308,NA,NA,NA,NA,NA
South Sudan,SS,SSD,2024,NA,78.6231809555094,NA,NA,NA,NA,NA
Spain,ES,ESP,2000,24106.8818529374,23.8349447650398,60.1216241049216,29.7626971025481,NA,22.3171728027751,NA
Spain,ES,ESP,2001,24878.3784543991,23.6843110489615,58.0138895625701,29.9184829904217,NA,21.7247117891437,NA
Spain,ES,ESP,2002,25205.3154769045,23.5065782750462,55.1021415309759,28.6805896412642,NA,23.795418900204,NA
Spain,ES,ESP,2003,25481.1653690112,23.290664409141,53.4357897202258,28.1712706012212,NA,25.0430981536624,NA
Spain,ES,ESP,2004,25825.3106463315,23.0450372452867,54.4795182656074,28.4308402097996,NA,25.4200586574569,28.879414086708
Spain,ES,ESP,2005,26294.447384391,22.7793198079706,54.6991667043772,29.1804310209218,NA,25.3708656076087,27.2791723501867
Spain,ES,ESP,2006,26899.0921497113,22.5031351216798,56.0839263823216,29.6770271130853,NA,24.5849192436701,27.1897040327331
Spain,ES,ESP,2007,27338.79541774,22.2261062109013,57.6269487657546,30.3469659159141,NA,22.7685138331549,27.4124140055924
Spain,ES,ESP,2008,27112.526293889,21.9578561001223,55.8281315172523,26.7376343003437,NA,22.3949438535643,28.6016583485552
Spain,ES,ESP,2009,25860.8142592652,21.7080078138299,46.8366899971109,24.4213832374952,NA,20.0294572888051,32.4055210206992
Spain,ES,ESP,2010,25766.2515825743,21.4861843765112,52.6933699734019,26.4248545924643,NA,24.3315880023482,31.4678153823301
Spain,ES,ESP,2011,25510.5579678829,21.304602043505,58.5118228859632,25.9231395446762,NA,23.2953072336012,31.1937980143915
Spain,ES,ESP,2012,24763.568274484,21.1544319698382,60.5540346961864,25.8732928943477,NA,23.9090888081112,38.0321130850107
Spain,ES,ESP,2013,24498.5559507945,21.0141913097888,61.6687726441327,27.9219462351753,NA,26.3026830809136,35.3397643645213
Spain,ES,ESP,2014,24947.8512505913,20.8803286166512,63.39926213895,28.3139018373375,NA,27.0019351196478,34.5306651240821
Spain,ES,ESP,2015,25982.4416197775,20.7545107256977,63.5820412248232,27.5393887658309,NA,28.3937365024558,32.6560648764801
Spain,ES,ESP,2016,26719.2442268615,20.6384044722003,63.1886778507294,27.1288470631817,NA,28.5172135939203,32.4323867041507
Spain,ES,ESP,2017,27426.281015093,20.5336766914317,66.167446137857,27.0360266114199,NA,28.7130975230783,31.3619207811122
Spain,ES,ESP,2018,27956.7225466484,20.4419942186639,67.0094103982921,27.752508504664,NA,27.9193245191692,31.7256136391383
Spain,ES,ESP,2019,28301.4393949563,20.3650238891693,66.3662250440692,27.8396917947532,NA,27.4416058893556,32.1149229088067
Spain,ES,ESP,2020,25077.019882928,20.3044325382201,59.4461280147076,29.2233358778761,NA,25.7185903012635,40.3694073931071
Spain,ES,ESP,2021,26705.3629138959,20.2153757016402,66.524588943191,30.1223659907048,NA,26.2685716031405,38.3621185067432
Spain,ES,ESP,2022,28203.1093419474,20.0451205432186,78.4657338703054,29.7429322541561,NA,25.3047880621765,35.3378206987178
Spain,ES,ESP,2023,28558.6319817501,19.871508998144,71.7976366055733,29.6492564568045,NA,24.8261685395627,34.0441499010857
Spain,ES,ESP,2024,29245.2192451729,19.684800178793,69.9502612382631,29.6705826271851,NA,25.0016301802683,NA
Sri Lanka,LK,LKA,2000,1956.93310021177,85.3803104999102,88.636441704913,16.7969110299005,11.0772728743143,56.7505741973945,22.9886867106222
Sri Lanka,LK,LKA,2001,1896.48251385291,85.4260460460293,80.8986015327576,16.6398559611425,10.9124740809966,57.0038675116505,23.8133775946818
Sri Lanka,LK,LKA,2002,1951.22522418199,85.3892163245873,76.3351317826517,16.430966852837,11.9116997131065,56.124764979513,22.9069749065198
Sri Lanka,LK,LKA,2003,2052.03044701403,85.2743369583789,75.336247330543,15.1585651984013,13.956638612886,53.6679849128832,20.4778355504733
Sri Lanka,LK,LKA,2004,2149.10628192765,85.0869938940078,79.4829449011187,14.8919023493417,15.2024546394748,59.842773092702,20.7110918525129
Sri Lanka,LK,LKA,2005,2268.6880085282,84.832726081752,73.6039729580533,15.4790356419772,13.6691833997482,55.2828353629698,20.1959652345785
Sri Lanka,LK,LKA,2006,2426.34872826822,84.5170724718895,71.2611784883009,16.2256523337008,14.5608102776156,51.1322027745774,21.1477261899901
Sri Lanka,LK,LKA,2007,2573.54361719411,84.1455720146982,68.6065116601391,15.7741049233686,14.1855485753276,48.0924818575697,20.0467042670386
Sri Lanka,LK,LKA,2008,2708.58593724377,83.7237636604559,63.369043608222,14.8561832387826,14.3097915310111,44.6347386162181,19.2117908296268
Sri Lanka,LK,LKA,2009,2787.27350463737,83.2571863594408,49.1491415308235,14.469526458893,18.9176449833647,37.5407612815374,20.9584196862527
Sri Lanka,LK,LKA,2010,2993.01410960302,82.7513790619307,NA,12.3276099679356,15.6738049914235,42.6002290372897,16.3008487441341
Sri Lanka,LK,LKA,2011,3232.37349786435,82.2118807182036,NA,12.4783946177691,16.6414539375545,42.9157494812705,15.5785036232024
Sri Lanka,LK,LKA,2012,3484.79048392653,81.7382313251716,NA,11.6875492527087,20.3123652385863,46.1516827599138,15.0683571125145
Sri Lanka,LK,LKA,2013,3728.93585962083,81.5676863519084,NA,11.445022773289,16.6316948608787,43.9522764911429,14.1567195341856
Sri Lanka,LK,LKA,2014,3929.92061307909,81.3846122796276,NA,10.9286954834459,16.7211700560909,45.4099395889165,14.2032918231114
Sri Lanka,LK,LKA,2015,4057.71582716521,81.203743387869,46.9179708088698,12.5770043165306,16.719059454217,49.5813496915409,17.0880556546636
Sri Lanka,LK,LKA,2016,4214.74117217382,81.0252320631838,46.4715370250761,13.1558457997918,21.5142132662693,49.6449420620223,15.6608133524729
Sri Lanka,LK,LKA,2017,4436.00789131029,80.8492306921912,47.1404098001494,12.7301741327153,20.1861176935735,55.6488940436462,15.3308825075697
Sri Lanka,LK,LKA,2018,4493.03574617534,80.6758916615873,49.8093967520437,12.5063969532141,17.6826548785386,54.8052858389826,15.284794927352
Sri Lanka,LK,LKA,2019,4455.78188788143,80.5053673581563,49.4255238852768,11.8842431171452,17.5574084978712,51.1806330658654,15.9340645140859
Sri Lanka,LK,LKA,2020,4227.23314530167,80.3378101687839,37.0891188568192,8.74304865475585,26.33372113592,41.5931105270995,19.0691715859134
Sri Lanka,LK,LKA,2021,4357.97224978578,80.1733724804731,41.2288463294978,8.27299656914406,24.1027152553384,43.9323402932414,17.4670693341011
Sri Lanka,LK,LKA,2022,4033.14560306744,80.0122066803633,46.6826080179359,8.22495409658443,17.1045297053939,43.3709230543101,15.7428689334656
Sri Lanka,LK,LKA,2023,3977.13564995085,79.8544651557537,43.3476681195134,11.0708934240873,12.7654076144192,46.083581916372,18.0350543940866
Sri Lanka,LK,LKA,2024,4198.74513727898,79.7003002941314,42.1196098331113,NA,NA,NA,NA
St. Kitts and Nevis,KN,KNA,2000,14039.0281125333,67.235705435011,NA,22.3572232381488,35.7441948991245,11.8005329272935,25.9442256294838
St. Kitts and Nevis,KN,KNA,2001,14610.9099610508,67.4039400048862,NA,21.6069840756608,32.5621546961326,13.1906077348066,24.8161021744402
St. Kitts and Nevis,KN,KNA,2002,14727.3908829316,67.5631645641749,NA,23.5534559690508,40.551458349338,17.85069524468,21.0446127881259
St. Kitts and Nevis,KN,KNA,2003,14100.3067967234,67.7191018532464,NA,25.1098328835866,41.1897945018715,18.5524652338812,21.5019173412867
St. Kitts and Nevis,KN,KNA,2004,14619.795111247,67.8712800774177,NA,23.738483008556,40.1806164708485,20.3593703161516,21.0505395906856
St. Kitts and Nevis,KN,KNA,2005,16000.5658929826,68.0195024218876,NA,22.6099222985549,40.9951037026446,20.3851087918275,22.1403261024062
St. Kitts and Nevis,KN,KNA,2006,16457.8622372067,68.1635720718553,NA,22.6689335716585,40.8110240774891,24.5377298739456,20.4813205779576
St. Kitts and Nevis,KN,KNA,2007,16508.1437081315,68.3032922125196,NA,23.2943296598194,23.9738476844734,39.974378372092,20.3550105047097
St. Kitts and Nevis,KN,KNA,2008,18325.7612670282,68.4384660290798,NA,25.8554512484701,34.2734958753542,14.3556830398912,25.5376522985851
St. Kitts and Nevis,KN,KNA,2009,17671.2547069735,68.5688967067347,NA,25.6577597338487,27.8664595607454,11.2299854926764,26.0817364891368
St. Kitts and Nevis,KN,KNA,2010,17688.0690103409,68.6943874306835,NA,24.1522831346847,27.877887010139,14.7640121870949,25.2142646513265
St. Kitts and Nevis,KN,KNA,2011,17958.6813977053,68.7999351620354,NA,28.7925740915635,14.5303840876696,28.9674908222804,26.3536290947751
St. Kitts and Nevis,KN,KNA,2012,17770.4963640576,68.7964861195777,NA,28.9536449649206,12.2093853269482,24.4548752926158,24.5447767227517
St. Kitts and Nevis,KN,KNA,2013,18773.8926898397,68.7868514417113,NA,34.4197232098692,11.2641604555122,22.4814476707342,23.7405136197317
St. Kitts and Nevis,KN,KNA,2014,20187.8061975481,68.7709984682091,NA,34.5894114443537,13.1196460804875,24.8390563537526,24.1926323569456
St. Kitts and Nevis,KN,KNA,2015,20328.8003530109,68.7486070304417,NA,34.3048945637454,15.2005263884025,23.0263088074543,24.7161926871735
St. Kitts and Nevis,KN,KNA,2016,21133.6575914414,68.7193828093831,NA,28.1318859186068,17.3574584472964,24.2630385487528,25.8452551307566
St. Kitts and Nevis,KN,KNA,2017,21191.6047083703,68.6830357494079,NA,26.299301993104,17.2740978271274,24.3263616349191,22.9249011857708
St. Kitts and Nevis,KN,KNA,2018,21635.4972146482,68.6392770004924,NA,NA,NA,NA,NA
St. Kitts and Nevis,KN,KNA,2019,22297.7644995701,68.5878181607715,NA,NA,NA,NA,NA
St. Kitts and Nevis,KN,KNA,2020,18918.8263456611,68.5283710261048,NA,28.4590147448871,12.9488266892847,21.006502685892,26.7494626224027
St. Kitts and Nevis,KN,KNA,2021,19031.8211910603,68.4606474906028,NA,NA,NA,NA,NA
St. Kitts and Nevis,KN,KNA,2022,21050.758653729,68.3843595016833,NA,NA,NA,NA,NA
St. Kitts and Nevis,KN,KNA,2023,21664.0333984701,68.2992190377178,NA,NA,NA,NA,NA
St. Kitts and Nevis,KN,KNA,2024,21692.2406392872,68.204938096049,NA,NA,NA,NA,NA
St. Lucia,LC,LCA,2000,9198.93894352203,72.1467717608162,NA,19.2665816521048,47.3809412523571,11.7213701648013,14.63149324861
St. Lucia,LC,LCA,2001,8795.54582090658,72.4839665221329,NA,18.353585186722,45.2222386483624,11.8433603081271,16.6378008298755
St. Lucia,LC,LCA,2002,8755.45939353129,73.0616748541822,NA,18.4555967078189,46.4853068379595,14.3421430172138,16.6868724279835
St. Lucia,LC,LCA,2003,9054.06778374517,73.9880415235805,NA,17.5006001500375,50.3033692431467,11.9089107356606,17.5013878469617
St. Lucia,LC,LCA,2004,9637.37801390276,75.1540827117704,NA,18.6776882638889,51.6561291557686,17.1588595060392,17.0273443402778
St. Lucia,LC,LCA,2005,9527.58469430542,76.4580841003116,NA,18.8150645466406,52.9493455295761,15.404779396593,15.6609153294194
St. Lucia,LC,LCA,2006,10045.6504032593,77.7983313707635,NA,18.9159012373857,53.017182655215,16.2184067434697,14.1562663657104
St. Lucia,LC,LCA,2007,10147.4432459936,79.0731102046856,NA,19.4986280297734,50.2138835847045,16.7988278339561,13.3719091306804
St. Lucia,LC,LCA,2008,10583.4310172598,80.1807062836375,NA,20.1257761843893,45.5261753594387,16.4901067370642,16.1620801190353
St. Lucia,LC,LCA,2009,10219.8024011561,81.0194052891787,NA,20.3709050091102,48.4619702351781,13.4836774756254,17.4897896347778
St. Lucia,LC,LCA,2010,10191.3146827694,81.4874929028687,NA,19.3942879843296,44.918220725043,14.8921085422867,18.0683779894265
St. Lucia,LC,LCA,2011,10576.8979743596,81.5256520442686,NA,19.2821944929863,45.7476881692737,14.7700033618895,17.5988064516129
St. Lucia,LC,LCA,2012,10517.2777635533,81.3806918724823,NA,18.7798194968437,39.2333044679518,21.9057191398087,19.1383489140611
St. Lucia,LC,LCA,2013,10279.4155096001,81.0741629000052,NA,19.3039392067026,24.9260929017538,41.1070622664832,18.9144036439396
St. Lucia,LC,LCA,2014,10369.9382566513,80.6084554095274,NA,19.0857203565681,25.5405358985817,39.8821197472604,18.7084263784196
St. Lucia,LC,LCA,2015,10334.9860823918,79.9795711823927,NA,19.7095456938961,25.7093265219578,40.7410329490429,18.1927333151663
St. Lucia,LC,LCA,2016,10644.1612913407,79.1835119999449,NA,20.1305432828484,26.8189664316917,40.9463929256791,18.1712047602907
St. Lucia,LC,LCA,2017,10960.4843512477,78.216279643528,NA,19.4078532828264,29.1834839447084,34.8010501125121,17.6109533799361
St. Lucia,LC,LCA,2018,11233.8883578457,77.0738758944856,NA,NA,NA,NA,NA
St. Lucia,LC,LCA,2019,11077.9479823807,75.7523025341618,NA,NA,NA,NA,NA
St. Lucia,LC,LCA,2020,8512.8183987353,74.2475613439002,NA,NA,NA,NA,NA
St. Lucia,LC,LCA,2021,9447.30059244639,72.5556541050449,NA,NA,NA,NA,NA
St. Lucia,LC,LCA,2022,11258.6110790564,70.902321473324,NA,NA,NA,NA,NA
St. Lucia,LC,LCA,2023,11665.6826047818,70.9023686751964,NA,NA,NA,NA,NA
St. Lucia,LC,LCA,2024,12190.7970890156,70.902664576254793,NA,NA,NA,NA,NA
St. Martin (French part),MF,MAF,2000,NA,0,NA,NA,NA,NA,NA
St. Martin (French part),MF,MAF,2001,NA,0,NA,NA,NA,NA,NA
St. Martin (French part),MF,MAF,2002,NA,0,NA,NA,NA,NA,NA
St. Martin (French part),MF,MAF,2003,NA,0,NA,NA,NA,NA,NA
St. Martin (French part),MF,MAF,2004,NA,0,NA,NA,NA,NA,NA
St. Martin (French part),MF,MAF,2005,NA,0,NA,NA,NA,NA,NA
St. Martin (French part),MF,MAF,2006,NA,0,NA,NA,NA,NA,NA
St. Martin (French part),MF,MAF,2007,NA,0,NA,NA,NA,NA,NA
St. Martin (French part),MF,MAF,2008,NA,0,NA,NA,NA,NA,NA
St. Martin (French part),MF,MAF,2009,NA,0,NA,NA,NA,NA,NA
St. Martin (French part),MF,MAF,2010,NA,0,NA,NA,NA,NA,NA
St. Martin (French part),MF,MAF,2011,NA,0,NA,NA,NA,NA,NA
St. Martin (French part),MF,MAF,2012,NA,0,NA,NA,NA,NA,NA
St. Martin (French part),MF,MAF,2013,NA,0,NA,NA,NA,NA,NA
St. Martin (French part),MF,MAF,2014,NA,0,NA,NA,NA,NA,NA
St. Martin (French part),MF,MAF,2015,NA,0,NA,NA,NA,NA,NA
St. Martin (French part),MF,MAF,2016,NA,0,NA,NA,NA,NA,NA
St. Martin (French part),MF,MAF,2017,NA,0,NA,NA,NA,NA,NA
St. Martin (French part),MF,MAF,2018,NA,0,NA,NA,NA,NA,NA
St. Martin (French part),MF,MAF,2019,NA,0,NA,NA,NA,NA,NA
St. Martin (French part),MF,MAF,2020,NA,0,NA,NA,NA,NA,NA
St. Martin (French part),MF,MAF,2021,NA,0,NA,NA,NA,NA,NA
St. Martin (French part),MF,MAF,2022,NA,0,NA,NA,NA,NA,NA
St. Martin (French part),MF,MAF,2023,NA,0,NA,NA,NA,NA,NA
St. Martin (French part),MF,MAF,2024,NA,0,NA,NA,NA,NA,NA
St. Vincent and the Grenadines,VC,VCT,2000,5067.96739467376,55.1096885073859,NA,22.5480142312855,37.8941524796447,19.0451517394523,20.8265268474919
St. Vincent and the Grenadines,VC,VCT,2001,5158.56617678847,54.9923428475122,NA,21.7771740563627,38.5149118306377,19.0801185921827,20.7356504148421
St. Vincent and the Grenadines,VC,VCT,2002,5441.52648867536,54.8785733236197,NA,23.2078759423959,40.5518300977866,17.8512555415073,20.7353679953201
St. Vincent and the Grenadines,VC,VCT,2003,5816.20788359407,54.763847289058,NA,23.1517998605212,41.1901227988089,18.5515132172172,19.8255365010134
St. Vincent and the Grenadines,VC,VCT,2004,6071.94945269221,54.6482814763518,NA,21.8824897851832,40.1798576854237,20.3605884664076,19.4044643118734
St. Vincent and the Grenadines,VC,VCT,2005,6244.35953746008,54.5318778345154,NA,21.5641594492899,40.829634375143,20.9525008008054,20.6833583876894
St. Vincent and the Grenadines,VC,VCT,2006,6707.27875985734,54.4146383125629,NA,22.5918026218952,40.7287770341152,24.6643886338849,20.4574587941395
St. Vincent and the Grenadines,VC,VCT,2007,6960.17151500732,54.2965648595088,NA,22.500646697922,23.9729953063192,39.9751260704941,19.661536888511
St. Vincent and the Grenadines,VC,VCT,2008,7019.9950843874,54.1776594243671,NA,24.7472926271824,16.745714455795,45.9731017145805,21.8038171039922
St. Vincent and the Grenadines,VC,VCT,2009,6955.82358345268,54.0579239561523,NA,24.1889234566624,15.2286382025801,43.5728599736948,24.3575869925434
St. Vincent and the Grenadines,VC,VCT,2010,6678.04200697308,53.9373604038785,NA,24.8715120270091,16.426430490461,45.779766771291,24.3239968573048
St. Vincent and the Grenadines,VC,VCT,2011,6674.58198966102,53.81597071656,NA,23.9967722405736,16.2819092035785,42.8583399656133,25.6928134188285
St. Vincent and the Grenadines,VC,VCT,2012,6790.68325958275,53.6936885176164,NA,23.9777970846558,16.2494596277544,44.9406938587258,24.8043878812108
St. Vincent and the Grenadines,VC,VCT,2013,6996.57386151332,53.5680652963689,NA,22.4020741055273,16.7823071185208,45.7017603726356,23.7907595364717
St. Vincent and the Grenadines,VC,VCT,2014,7116.22071347207,53.4420069531456,NA,25.7121306025185,19.5332892492952,35.6402046427453,24.4500175360209
St. Vincent and the Grenadines,VC,VCT,2015,7353.73556054184,53.3154361272525,NA,24.4295333615859,22.215313717243,40.4440136788399,24.1512454678156
St. Vincent and the Grenadines,VC,VCT,2016,7702.8942635647,53.1883410488729,NA,26.9523610264621,16.2105773896167,42.7413876758855,23.4069552719433
St. Vincent and the Grenadines,VC,VCT,2017,7872.92690537077,53.0607099481902,NA,25.5657309854272,17.633201917257,43.4572788692765,24.7315602634593
St. Vincent and the Grenadines,VC,VCT,2018,8179.99598957084,52.9325310553877,NA,NA,NA,NA,NA
St. Vincent and the Grenadines,VC,VCT,2019,8294.67434486665,52.8037926006488,NA,NA,NA,NA,NA
St. Vincent and the Grenadines,VC,VCT,2020,7989.74651933597,52.674482814156796,NA,NA,NA,NA,NA
St. Vincent and the Grenadines,VC,VCT,2021,8211.33588012942,52.5445899260951,NA,NA,NA,NA,NA
St. Vincent and the Grenadines,VC,VCT,2022,8532.7381341339,52.414102166647,NA,NA,NA,NA,NA
St. Vincent and the Grenadines,VC,VCT,2023,9051.35208011007,52.2830077659959,NA,NA,NA,NA,NA
St. Vincent and the Grenadines,VC,VCT,2024,9485.18771201686,52.1512949543251,NA,NA,NA,NA,NA
Sub-Saharan Africa,ZG,SSF,2000,1198.41035230362,67.3396363929505,NA,NA,NA,NA,NA
Sub-Saharan Africa,ZG,SSF,2001,1215.95723291217,66.8754286015532,NA,NA,NA,NA,NA
Sub-Saharan Africa,ZG,SSF,2002,1259.36882961546,66.3969671157782,NA,NA,NA,NA,NA
Sub-Saharan Africa,ZG,SSF,2003,1276.36045213934,65.9019402366621,NA,NA,NA,NA,NA
Sub-Saharan Africa,ZG,SSF,2004,1325.18723336594,65.3888509355508,NA,NA,NA,NA,NA
Sub-Saharan Africa,ZG,SSF,2005,1366.97314297454,64.8747352443636,NA,NA,NA,NA,NA
Sub-Saharan Africa,ZG,SSF,2006,1410.57668732902,64.3578394963118,NA,NA,NA,NA,NA
Sub-Saharan Africa,ZG,SSF,2007,1456.90044586522,63.8987410306788,NA,NA,NA,NA,NA
Sub-Saharan Africa,ZG,SSF,2008,1490.82485147612,63.3766032921935,NA,NA,NA,NA,NA
Sub-Saharan Africa,ZG,SSF,2009,1495.84741754789,62.9105725055222,NA,NA,13.3871376603025,26.3830320749968,NA
Sub-Saharan Africa,ZG,SSF,2010,1543.42062336352,62.4673303745616,NA,NA,10.1494395543147,26.2387934806949,NA
Sub-Saharan Africa,ZG,SSF,2011,1566.14176154754,62.0238126726152,65.1571680758362,NA,8.57773990454506,27.4367385080653,NA
Sub-Saharan Africa,ZG,SSF,2012,1574.72990968301,61.5804799542183,63.9961285021781,NA,11.6801350552993,29.4914829113781,NA
Sub-Saharan Africa,ZG,SSF,2013,1613.00691852166,61.1218970115888,62.3322006918368,NA,10.4163180624159,28.930759998787,NA
Sub-Saharan Africa,ZG,SSF,2014,1644.07050150089,60.6432756513573,60.7765795646876,NA,10.8798519834932,31.478888374164,NA
Sub-Saharan Africa,ZG,SSF,2015,1647.32085826836,60.1619047932736,57.32544429518,NA,10.9661270105248,33.5089025833962,NA
Sub-Saharan Africa,ZG,SSF,2016,1625.38221431193,59.6964777294803,55.085361908726,NA,9.82975815427185,36.4678947685328,NA
Sub-Saharan Africa,ZG,SSF,2017,1622.88510482914,59.2251553789042,54.178721135165,NA,10.2106068187999,33.2564096068506,NA
Sub-Saharan Africa,ZG,SSF,2018,1624.6365666885,58.7433571552754,56.5842311852533,NA,10.7794751924307,32.5103832452625,NA
Sub-Saharan Africa,ZG,SSF,2019,1623.20798700291,58.2928968865865,55.5340525464606,NA,10.1349829777964,32.3265905607962,NA
Sub-Saharan Africa,ZG,SSF,2020,1529.91025762634,57.8329431200509,51.0745605520284,NA,9.99997209357586,30.8586358383022,NA
Sub-Saharan Africa,ZG,SSF,2021,1545.11388324435,57.3510365363517,55.7521813274626,NA,10.1560255895827,31.5766645623381,NA
Sub-Saharan Africa,ZG,SSF,2022,1568.02152788113,56.8441718559198,58.9994035836065,NA,9.47518179857043,32.3263185847117,NA
Sub-Saharan Africa,ZG,SSF,2023,1571.4055801623,56.3604371710791,57.2937339567699,NA,10.125624452646,32.400338239135,NA
Sub-Saharan Africa,ZG,SSF,2024,1588.93961326571,55.8504898536879,55.6767656030774,NA,NA,NA,NA
Sub-Saharan Africa (excluding high income),ZF,SSA,2000,1197.15229059854,67.3409161405077,NA,NA,NA,NA,NA
Sub-Saharan Africa (excluding high income),ZF,SSA,2001,1214.76656059983,66.8766008367228,NA,NA,NA,NA,NA
Sub-Saharan Africa (excluding high income),ZF,SSA,2002,1258.20421528528,66.3980736204327,NA,NA,NA,NA,NA
Sub-Saharan Africa (excluding high income),ZF,SSA,2003,1275.3040078456,65.9029395380877,NA,NA,NA,NA,NA
Sub-Saharan Africa (excluding high income),ZF,SSA,2004,1324.19883661399,65.3897552142879,NA,NA,NA,NA,NA
Sub-Saharan Africa (excluding high income),ZF,SSA,2005,1365.91668753392,64.8755568335621,NA,NA,NA,NA,NA
Sub-Saharan Africa (excluding high income),ZF,SSA,2006,1409.44567949082,64.3585944714964,NA,NA,NA,NA,NA
Sub-Saharan Africa (excluding high income),ZF,SSA,2007,1455.69454438035,63.8994265177497,NA,NA,NA,NA,NA
Sub-Saharan Africa (excluding high income),ZF,SSA,2008,1489.69620309457,63.37722742817,NA,NA,NA,NA,NA
Sub-Saharan Africa (excluding high income),ZF,SSA,2009,1494.78152945706,62.9111326670091,NA,NA,13.3871376603025,26.3830320749968,NA
Sub-Saharan Africa (excluding high income),ZF,SSA,2010,1542.33935803034,62.4678451625609,NA,NA,10.1494395543147,26.2387934806949,NA
Sub-Saharan Africa (excluding high income),ZF,SSA,2011,1564.97360700684,62.0242596464993,64.9961124943996,NA,8.57773990454506,27.4367385080653,NA
Sub-Saharan Africa (excluding high income),ZF,SSA,2012,1573.55554656004,61.5808826189137,63.8206323433827,NA,11.6801350552993,29.4914829113781,NA
Sub-Saharan Africa (excluding high income),ZF,SSA,2013,1611.85437542034,61.1222618432907,62.1838544865555,NA,10.4163180624159,28.930759998787,NA
Sub-Saharan Africa (excluding high income),ZF,SSA,2014,1642.90241998613,60.6436037647396,60.6079000465894,NA,10.8798519834932,31.478888374164,NA
Sub-Saharan Africa (excluding high income),ZF,SSA,2015,1646.07300085129,60.1622017369921,57.181559971836,NA,10.9661270105248,33.5089025833962,NA
Sub-Saharan Africa (excluding high income),ZF,SSA,2016,1624.00199620793,59.6967457263185,54.9463073627742,NA,9.82975815427185,36.4678947685328,NA
Sub-Saharan Africa (excluding high income),ZF,SSA,2017,1621.43885328826,59.2253969152375,54.0211228466299,NA,10.2106068187999,33.2564096068506,NA
Sub-Saharan Africa (excluding high income),ZF,SSA,2018,1623.15311346717,58.7435736963304,56.4421879581311,NA,10.7794751924307,32.5103832452625,NA
Sub-Saharan Africa (excluding high income),ZF,SSA,2019,1621.67647915089,58.2930939441631,55.4043844435003,NA,10.1349829777964,32.3265905607962,NA
Sub-Saharan Africa (excluding high income),ZF,SSA,2020,1528.60209704355,57.8331223827269,50.961904883829,NA,9.99997209357586,30.8586358383022,NA
Sub-Saharan Africa (excluding high income),ZF,SSA,2021,1543.83294885439,57.3511984117591,55.6113533048507,NA,10.1560255895827,31.5766645623381,NA
Sub-Saharan Africa (excluding high income),ZF,SSA,2022,1566.66436596342,56.84434316981,58.8521146696301,NA,9.47518179857043,32.3263185847117,NA
Sub-Saharan Africa (excluding high income),ZF,SSA,2023,1570.00530365333,56.3605758665603,57.1531452365655,NA,10.125624452646,32.400338239135,NA
Sub-Saharan Africa (excluding high income),ZF,SSA,2024,1587.52608812619,55.8505971452732,55.5427006162854,NA,NA,NA,NA
Sub-Saharan Africa (IDA & IBRD countries),T6,TSS,2000,1198.41035230362,67.3396363929505,NA,NA,NA,NA,NA
Sub-Saharan Africa (IDA & IBRD countries),T6,TSS,2001,1215.95723291217,66.8754286015533,NA,NA,NA,NA,NA
Sub-Saharan Africa (IDA & IBRD countries),T6,TSS,2002,1259.36882961546,66.3969671157781,NA,NA,NA,NA,NA
Sub-Saharan Africa (IDA & IBRD countries),T6,TSS,2003,1276.36045213934,65.901940236662,NA,NA,NA,NA,NA
Sub-Saharan Africa (IDA & IBRD countries),T6,TSS,2004,1325.18723336594,65.3888509355509,NA,NA,NA,NA,NA
Sub-Saharan Africa (IDA & IBRD countries),T6,TSS,2005,1366.97314297454,64.8747352443636,NA,NA,NA,NA,NA
Sub-Saharan Africa (IDA & IBRD countries),T6,TSS,2006,1410.57668732902,64.3578394963118,NA,NA,NA,NA,NA
Sub-Saharan Africa (IDA & IBRD countries),T6,TSS,2007,1456.90044586522,63.8987410306788,NA,NA,NA,NA,NA
Sub-Saharan Africa (IDA & IBRD countries),T6,TSS,2008,1490.82485147612,63.3766032921935,NA,NA,NA,NA,NA
Sub-Saharan Africa (IDA & IBRD countries),T6,TSS,2009,1495.84741754789,62.9105725055222,NA,NA,13.3871376603025,26.3830320749968,NA
Sub-Saharan Africa (IDA & IBRD countries),T6,TSS,2010,1543.42062336352,62.4673303745616,NA,NA,10.1494395543147,26.2387934806949,NA
Sub-Saharan Africa (IDA & IBRD countries),T6,TSS,2011,1566.14176154754,62.0238126726152,65.1571680758362,NA,8.57773990454506,27.4367385080653,NA
Sub-Saharan Africa (IDA & IBRD countries),T6,TSS,2012,1574.72990968301,61.5804799542183,63.9961285021781,NA,11.6801350552993,29.4914829113781,NA
Sub-Saharan Africa (IDA & IBRD countries),T6,TSS,2013,1613.00691852166,61.1218970115888,62.3322006918368,NA,10.4163180624159,28.930759998787,NA
Sub-Saharan Africa (IDA & IBRD countries),T6,TSS,2014,1644.07050150089,60.6432756513573,60.7765795646876,NA,10.8798519834932,31.478888374164,NA
Sub-Saharan Africa (IDA & IBRD countries),T6,TSS,2015,1647.32085826836,60.1619047932736,57.32544429518,NA,10.9661270105248,33.5089025833962,NA
Sub-Saharan Africa (IDA & IBRD countries),T6,TSS,2016,1625.38221431193,59.6964777294803,55.085361908726,NA,9.82975815427185,36.4678947685328,NA
Sub-Saharan Africa (IDA & IBRD countries),T6,TSS,2017,1622.88510482914,59.2251553789042,54.178721135165,NA,10.2106068187999,33.2564096068506,NA
Sub-Saharan Africa (IDA & IBRD countries),T6,TSS,2018,1624.6365666885,58.7433571552754,56.5842311852533,NA,10.7794751924307,32.5103832452625,NA
Sub-Saharan Africa (IDA & IBRD countries),T6,TSS,2019,1623.20798700291,58.2928968865865,55.5340525464606,NA,10.1349829777964,32.3265905607962,NA
Sub-Saharan Africa (IDA & IBRD countries),T6,TSS,2020,1529.91025762634,57.8329431200509,51.0745605520284,NA,9.99997209357586,30.8586358383022,NA
Sub-Saharan Africa (IDA & IBRD countries),T6,TSS,2021,1545.11388324435,57.3510365363517,55.7521813274626,NA,10.1560255895827,31.5766645623381,NA
Sub-Saharan Africa (IDA & IBRD countries),T6,TSS,2022,1568.02152788113,56.8441718559198,58.9994035836065,NA,9.47518179857043,32.3263185847117,NA
Sub-Saharan Africa (IDA & IBRD countries),T6,TSS,2023,1571.4055801623,56.3604371710791,57.2937339567699,NA,10.125624452646,32.400338239135,NA
Sub-Saharan Africa (IDA & IBRD countries),T6,TSS,2024,1588.93961326571,55.8504898536879,55.6767656030774,NA,NA,NA,NA
Sudan,SD,SDN,2000,1111.11865234375,67.6564119537185,29.4042344599492,NA,NA,NA,NA
Sudan,SD,SDN,2001,1150.17626953125,67.6239584681696,20.2933456223411,NA,NA,NA,NA
Sudan,SD,SDN,2002,1185.21533203125,67.5961179753168,25.6255617213052,NA,NA,NA,NA
Sudan,SD,SDN,2003,1226.42077636719,67.5728315258252,26.4402280670553,NA,NA,NA,NA
Sudan,SD,SDN,2004,1255.67114257813,67.5540401703597,30.4323376195052,NA,NA,NA,NA
Sudan,SD,SDN,2005,1290.24438476563,67.5396849595854,35.8715914021946,NA,NA,NA,NA
Sudan,SD,SDN,2006,1336.1240234375,67.5297069441673,36.2025936172703,NA,NA,NA,NA
Sudan,SD,SDN,2007,1372.10961914063,67.5240471747704,34.4033361615632,NA,NA,NA,NA
Sudan,SD,SDN,2008,1381.62561035156,67.5183769250254,36.7410978273835,NA,NA,NA,NA
Sudan,SD,SDN,2009,1301.34729003906,67.4225377027157,32.7808783344833,14.3414230379774,12.737957456998,24.739593726304,15.6658679807676
Sudan,SD,SDN,2010,1311.22314453125,67.2825973408487,32.728309950035,11.4350538263501,13.8987071979323,24.9711880180732,14.1304915362604
Sudan,SD,SDN,2011,1388.21813964844,67.0940239858014,27.512339023518,11.3060875333572,7.92062872480413,18.2444477531458,NA
Sudan,SD,SDN,2012,1288.25854492188,66.8574438385099,21.8561745247301,9.41241516683834,21.1484069451148,42.363125391892,11.6352473770618
Sudan,SD,SDN,2013,1283.45922851563,66.5735222041897,26.8585245020134,10.2774069502536,19.8898328548737,45.2279847864419,11.5190199018877
Sudan,SD,SDN,2014,1307.3896484375,66.2375417591883,20.8451090041313,11.0418206251384,15.4478924488119,47.1832621804219,11.4318600296855
Sudan,SD,SDN,2015,1292.37963867188,65.9085605371403,18.3782728546541,10.314396584643,16.629969284291,54.3269883559206,10.7117252744407
Sudan,SD,SDN,2016,1297.15454101563,65.8118041158787,15.2816698903461,8.77413482505213,15.6532393670061,59.7905113134605,9.72624152630822
Sudan,SD,SDN,2017,1261.87353515625,65.7127774336491,17.8313898297102,NA,NA,NA,NA
Sudan,SD,SDN,2018,1185.94445800781,65.617945777995,21.8679187274323,NA,NA,NA,NA
Sudan,SD,SDN,2019,1126.55297851563,65.5272314175764,26.1196204552625,NA,NA,NA,NA
Sudan,SD,SDN,2020,1056.86474609375,65.4405566210754,9.95514507626151,NA,NA,NA,NA
Sudan,SD,SDN,2021,1009.54888916016,65.3578436572006,4.12754863828426,NA,NA,NA,NA
Sudan,SD,SDN,2022,973.225280761719,65.2790147946914,2.69883443585856,NA,NA,NA,NA
Sudan,SD,SDN,2023,677.723205566406,65.2039923023236,2.47372878267665,NA,NA,NA,NA
Sudan,SD,SDN,2024,578.38916015625,65.1326984489161,1.99541210225008,NA,NA,NA,NA
Suriname,SR,SUR,2000,6128.31602380553,33.2984777858189,NA,NA,NA,NA,NA
Suriname,SR,SUR,2001,6255.55274185687,33.281040709688,NA,NA,NA,NA,NA
Suriname,SR,SUR,2002,6301.31731043167,33.2679450465227,NA,NA,NA,NA,NA
Suriname,SR,SUR,2003,6567.84309876847,33.2595926718089,NA,NA,NA,NA,NA
Suriname,SR,SUR,2004,7021.98919924338,33.256395286832,NA,NA,NA,NA,NA
Suriname,SR,SUR,2005,7261.8171350196,33.2678173509119,NA,NA,NA,NA,NA
Suriname,SR,SUR,2006,7599.35696921481,33.3032017730948,98.1681931723564,NA,NA,NA,NA
Suriname,SR,SUR,2007,7897.25648915828,33.3566819865165,101.377000372162,NA,NA,NA,NA
Suriname,SR,SUR,2008,8129.11464659446,33.4223038168358,109.166838523407,NA,NA,NA,NA
Suriname,SR,SUR,2009,8276.69079768793,33.4941130897118,87.9206617785298,NA,NA,NA,NA
Suriname,SR,SUR,2010,8603.90786745855,33.5661556308033,90.9613941465855,NA,NA,NA,NA
Suriname,SR,SUR,2011,9003.28597674886,33.6324772657693,NA,NA,NA,NA,NA
Suriname,SR,SUR,2012,9140.92898611536,33.6867437306624,NA,NA,NA,NA,NA
Suriname,SR,SUR,2013,9303.46008775809,33.7316424865491,NA,NA,NA,NA,NA
Suriname,SR,SUR,2014,9224.24378410547,33.7750733821963,NA,NA,NA,NA,NA
Suriname,SR,SUR,2015,8813.61705392067,33.8171184925282,NA,NA,NA,NA,NA
Suriname,SR,SUR,2016,8293.31553031406,33.8573533019531,NA,NA,NA,NA,NA
Suriname,SR,SUR,2017,8338.69235401862,33.8953532948793,NA,NA,NA,NA,NA
Suriname,SR,SUR,2018,8666.64870697797,33.9306939557154,NA,NA,NA,NA,NA
Suriname,SR,SUR,2019,8677.30522021731,33.9629507688695,NA,NA,NA,NA,NA
Suriname,SR,SUR,2020,7213.10766669943,33.99169921875,NA,NA,NA,NA,NA
Suriname,SR,SUR,2021,6973.89941868115,34.0146026611328,NA,NA,NA,NA,NA
Suriname,SR,SUR,2022,7081.33357325783,34.1014556884766,NA,NA,NA,NA,NA
Suriname,SR,SUR,2023,7186.47308144145,34.2437591552734,NA,NA,NA,NA,NA
Suriname,SR,SUR,2024,7246.25768221495,34.2358142799115,NA,NA,NA,NA,NA
Sweden,SE,SWE,2000,41561.7747635857,15.9599990844727,81.4721590850121,38.5926041245031,NA,31.6346980289563,34.5257236562153
Sweden,SE,SWE,2001,42014.4022302506,15.9172847175777,80.5691828117714,35.9964372177401,NA,34.0823816342126,33.2251802949875
Sweden,SE,SWE,2002,42831.7584103774,15.8657491623177,77.0853186972402,34.1416525218491,NA,36.3609055715625,33.5622239455917
Sweden,SE,SWE,2003,43475.3655433221,15.8045710346457,75.3282174864238,34.1871837299781,NA,36.5459494811247,33.7314587567233
Sweden,SE,SWE,2004,45114.6701230708,15.7329289505151,78.7358819187356,34.3996750160829,NA,35.9353172929546,32.7639627372535
Sweden,SE,SWE,2005,46189.6828420555,15.6500015258789,84.167923018031,35.8722050666063,NA,35.1597342920407,33.1441717424628
Sweden,SE,SWE,2006,48078.3520110084,15.5446799379641,88.3302608918239,35.2052719182909,NA,35.4355804519992,32.0215339283188
Sweden,SE,SWE,2007,49262.152916545,15.4093124545222,89.5469236610223,35.571195014696,NA,34.9104455569079,31.2582065646479
Sweden,SE,SWE,2008,48428.6587081751,15.2482633272937,92.8083687095596,34.9500113948842,NA,36.3582912962057,31.7363592327897
Sweden,SE,SWE,2009,45974.3911151254,15.0658968080187,81.958313967393,34.2381100647236,NA,38.3478558079501,33.9401378102875
Sweden,SE,SWE,2010,48205.5492512742,14.8665771484375,85.0914849272733,33.9466773888544,NA,38.6297186263345,33.2649399664481
Sweden,SE,SWE,2011,49356.5905257047,14.6399251119476,86.3907448060188,33.3419977289027,NA,38.05393196574,32.4394700197068
Sweden,SE,SWE,2012,48789.7906883637,14.3749331116878,85.2980605424359,32.9586695645987,NA,38.2692595947681,33.0087166179576
Sweden,SE,SWE,2013,48928.4994141291,14.0750228740106,81.6402521329964,33.0381321721872,NA,37.9858928496142,33.7232350480003
Sweden,SE,SWE,2014,49557.6183647959,13.7436161252686,83.8229810483527,32.6832028732996,NA,38.0337225665462,33.2571917008143
Sweden,SE,SWE,2015,51188.1652120493,13.3841345918142,84.1730765958171,33.1938133784108,NA,37.5120780342479,32.3588208377532
Sweden,SE,SWE,2016,51626.3235312369,13,83.4519478574149,34.1313890613301,NA,37.667242037078,32.1089664658153
Sweden,SE,SWE,2017,51894.3748177808,12.762626213089,86.0693088740521,34.1366138636108,NA,37.4147852238683,31.9815855954628
Sweden,SE,SWE,2018,52203.0872589761,12.5262569074704,90.4087142361701,34.0516011743389,NA,37.501552002852,32.0404191268978
Sweden,SE,SWE,2019,53024.4099494317,12.2911579757241,92.7511390290561,33.4318719428237,NA,37.2144141267687,31.4063339534813
Sweden,SE,SWE,2020,51624.5811789573,12.0575953104301,84.4745958141618,32.8011881452785,NA,37.9405282324865,34.935620519644
Sweden,SE,SWE,2021,53997.1337068799,11.8258348041685,91.110237441304207,33.6215705383775,NA,36.7957042847355,33.1985359262869
Sweden,SE,SWE,2022,54304.1877501033,11.5961423495191,107.111751826512,34.3619222493581,NA,36.9249066361391,32.505108387211
Sweden,SE,SWE,2023,53937.7967122429,11.368783839062,107.619709443974,32.9996466003721,NA,36.7291821845573,NA
Sweden,SE,SWE,2024,54316.2619329718,11.1440251653772,105.967492313344,33.0044796323172,NA,34.6519789164608,NA
Switzerland,CH,CHE,2000,74933.2770077552,26.697569475273,97.3533027751465,17.823934823702,1.25739410211798,33.4522762667773,18.3124749728663
Switzerland,CH,CHE,2001,75646.1781144131,26.6237007388036,95.2126294750525,16.9110791633918,1.25304853462486,34.1053639733933,17.3042064131405
Switzerland,CH,CHE,2002,75361.6941607385,26.5804675863412,90.8996540981166,16.9618097931104,1.2782893682105,32.7594613806209,19.1946501696202
Switzerland,CH,CHE,2003,74592.0284690955,26.5481237825246,89.7492121342442,16.7900568245616,1.27561465052216,33.3036067841329,18.1169911131852
Switzerland,CH,CHE,2004,75997.4453154761,26.5238682492608,95.0327601603667,16.5063289922594,1.21741376796363,34.1678862999313,17.9436024764717
Switzerland,CH,CHE,2005,77741.3436104704,26.5048999084566,101.668892487876,16.5694972198368,1.07847144465451,33.457441579713,17.5608377376991
Switzerland,CH,CHE,2006,80448.9696781612,26.4884176820187,105.761916866753,16.4587535874125,1.07859219715056,33.134389683386,16.6381752702708
Switzerland,CH,CHE,2007,82909.1358291459,26.4716204918541,112.709971761703,16.1366636350591,1.04477059115435,32.7654086627549,16.0838116029913
Switzerland,CH,CHE,2008,83934.7657221246,26.4517072598695,116.342641744869,17.0175218278866,0.95774197516163,31.8371670020873,15.6348318444638
Switzerland,CH,CHE,2009,81288.642957612,26.4258769079717,109.062731270231,16.9446121758687,0.991544963090972,31.6387101307839,16.6350358477955
Switzerland,CH,CHE,2010,83069.4276373455,26.3913283580677,119.202460523177,16.7570309618411,1.0097015384695,32.4149966843792,16.4141686791066
Switzerland,CH,CHE,2011,83307.3180998465,26.34941251385,125.047367558638,17.0204705782466,0.949123224009617,32.0293369106943,16.3781612014075
Switzerland,CH,CHE,2012,83354.0207485188,26.2477370416378,125.865940588688,16.8820707672757,0.942013905279676,31.7888687568421,16.2505631475269
Switzerland,CH,CHE,2013,83914.0245080812,25.8878615214449,132.800535321539,17.0630175856024,0.92908164098048,31.2464633404772,16.4964683737156
Switzerland,CH,CHE,2014,85004.8134534,25.2597320940418,119.230530793932,16.7940659042687,0.934005574426754,31.2634884567414,16.3892340586048
Switzerland,CH,CHE,2015,85265.06205193,24.3955039856831,116.370019931647,17.4425711163385,0.887950218388606,30.230517912801,16.77547488268
Switzerland,CH,CHE,2016,85951.2234148345,23.3273324226229,122.941735178779,17.1825578506438,0.952138061420284,29.9601124329643,16.9764553738414
Switzerland,CH,CHE,2017,86362.360972862,22.0873726311157,122.948395589146,17.8602264522892,0.881183099312049,29.5095262219959,16.9370291008923
Switzerland,CH,CHE,2018,88581.0826935584,20.7077798374156,123.499829706856,17.3128292549519,0.873895583933058,29.0134301896056,16.3752269844466
Switzerland,CH,CHE,2019,88932.4119306425,19.2207092677771,123.022509832864,17.5412813619987,0.884055329805397,28.2745438081795,16.509409064853
Switzerland,CH,CHE,2020,86293.9183441155,17.6583161484543,121.451100609762,17.5596126960116,0.944726961890293,28.8168877039414,19.6695070367946
Switzerland,CH,CHE,2021,90924.9256769825,15.7993522391121,128.004119652561,17.8759318349441,0.923249895961127,27.5594825054374,18.3937026222865
Switzerland,CH,CHE,2022,93360.440112464,15.0793733715479,136.235871048363,16.5821202856393,0.891879536350785,28.4579730160524,15.8943158674874
Switzerland,CH,CHE,2023,92947.9424441568,14.8145787320185,129.7371945484,16.4314755896018,0.856992176161779,28.0268121044643,16.1136054672178
Switzerland,CH,CHE,2024,93018.3768706697,14.5384629979236,130.354516041578,17.0377930492166,0.503692444413537,29.4540717465093,NA
Syrian Arab Republic,SY,SYR,2000,1248.38345857564,48.123188387862,65.2850582895397,NA,NA,NA,NA
Syrian Arab Republic,SY,SYR,2001,1264.321407912,47.7145362969241,67.899683665793,NA,NA,NA,NA
Syrian Arab Republic,SY,SYR,2002,1331.12579353123,47.3042254300836,71.2388878454941,NA,NA,NA,NA
Syrian Arab Republic,SY,SYR,2003,1307.48124980131,46.8975989451668,61.5469905405418,NA,NA,NA,NA
Syrian Arab Republic,SY,SYR,2004,1363.6138135409,46.5,78.1150532903158,NA,NA,NA,NA
Syrian Arab Republic,SY,SYR,2005,1411.6316668592,46.1772797625305,80.1330802847908,NA,NA,NA,NA
Syrian Arab Republic,SY,SYR,2006,1420.72014052107,45.940229619477,74.2051735962788,NA,NA,NA,NA
Syrian Arab Republic,SY,SYR,2007,1411.68909698729,45.7116030568226,76.3793296606986,NA,NA,NA,NA
Syrian Arab Republic,SY,SYR,2008,1423.59407304833,45.4141535605507,74.2279603412154,NA,NA,NA,NA
Syrian Arab Republic,SY,SYR,2009,1484.40718049155,44.9706346166448,59.9438413962102,NA,NA,NA,NA
Syrian Arab Republic,SY,SYR,2010,1526.36518590261,44.3037997110881,64.0101621944449,NA,NA,NA,NA
Syrian Arab Republic,SY,SYR,2011,1542.71903961106,41.5182295816479,50.6960903036998,NA,NA,NA,NA
Syrian Arab Republic,SY,SYR,2012,1142.29215064994,34.9103337169665,35.3686903315942,NA,NA,NA,NA
Syrian Arab Republic,SY,SYR,2013,884.328816905262,26.9379508113863,44.705254783599,NA,NA,NA,NA
Syrian Arab Republic,SY,SYR,2014,847.658909813856,24,54.2644225207985,NA,NA,NA,NA
Syrian Arab Republic,SY,SYR,2015,847.731545352582,24.2470932811458,51.0862130409438,NA,NA,NA,NA
Syrian Arab Republic,SY,SYR,2016,802.968607901263,24.84599036602,67.1119407366416,NA,NA,NA,NA
Syrian Arab Republic,SY,SYR,2017,795.881817153216,25.4604403676608,61.0508545098696,NA,NA,NA,NA
Syrian Arab Republic,SY,SYR,2018,792.412864720441,25.9387397618225,50.6591076441391,NA,NA,NA,NA
Syrian Arab Republic,SY,SYR,2019,771.517948289192,26.1751211738014,41.9994681765976,NA,NA,NA,NA
Syrian Arab Republic,SY,SYR,2020,753.135305709477,26.5874968897488,43.1916195452227,NA,NA,NA,NA
Syrian Arab Republic,SY,SYR,2021,746.077458768389,26.9874992370605,59.002012246256,NA,NA,NA,NA
Syrian Arab Republic,SY,SYR,2022,716.943843933856,27.3875007629395,35.4372421451582,NA,NA,NA,NA
Syrian Arab Republic,SY,SYR,2023,NA,27.8326196856796,NA,NA,NA,NA,NA
Syrian Arab Republic,SY,SYR,2024,NA,27.9238654241746,NA,NA,NA,NA,NA
Tajikistan,TJ,TJK,2000,429.537300984643,73.4644895330768,175.351206134214,10.6274136676555,13.6423004002528,54.7682746998104,8.9553366541669
Tajikistan,TJ,TJK,2001,461.681195760256,73.4654958213621,146.657305562056,11.2592245885014,15.9396391652579,53.0914835240972,9.48158982759966
Tajikistan,TJ,TJK,2002,501.80856647117,73.4663486039904,138.6839688324,NA,NA,NA,NA
Tajikistan,TJ,TJK,2003,546.391479808684,73.4668795613234,137.669592976856,13.1532322426177,11.3102092402752,57.3711557365539,11.1684588566388
Tajikistan,TJ,TJK,2004,590.957111385699,73.4672227367841,128.338170674363,13.4509753052389,11.0979589960467,54.0901673255493,13.7474421545895
Tajikistan,TJ,TJK,2005,618.333702588577,73.4675121737949,126.994699303416,NA,NA,NA,NA
Tajikistan,TJ,TJK,2006,649.163328755334,73.4678819157785,141.153912074728,NA,NA,NA,NA
Tajikistan,TJ,TJK,2007,686.48090192413,73.4684660061576,145.528099715723,NA,NA,NA,NA
Tajikistan,TJ,TJK,2008,726.185491338269,73.4693984883549,114.480149093579,NA,NA,NA,NA
Tajikistan,TJ,TJK,2009,739.212878526331,73.470813405793,85.9781370434108,NA,NA,NA,NA
Tajikistan,TJ,TJK,2010,770.604105393791,73.4725687036022,73.493044509473,NA,NA,NA,NA
Tajikistan,TJ,TJK,2011,809.368229154093,73.5207786560059,79.7842446734572,NA,NA,NA,NA
Tajikistan,TJ,TJK,2012,849.519080831738,73.5897750854492,83.1759445401528,NA,NA,NA,NA
Tajikistan,TJ,TJK,2013,889.882383099979,73.5116844177246,71.7437428882341,NA,NA,NA,NA
Tajikistan,TJ,TJK,2014,925.970961482804,73.4366264343262,54.6071596053705,NA,NA,NA,NA
Tajikistan,TJ,TJK,2015,956.916310930656,73.521167755127,49.9378160689555,NA,NA,NA,NA
Tajikistan,TJ,TJK,2016,997.352614556708,73.6281490325928,55.7246446907573,NA,NA,NA,NA
Tajikistan,TJ,TJK,2017,1042.26391757642,73.7268486022949,53.7861046057767,NA,NA,NA,NA
Tajikistan,TJ,TJK,2018,1094.8002018221,73.7661247253418,55.8461114113303,NA,NA,NA,NA
Tajikistan,TJ,TJK,2019,1148.34676712493,73.8699264526367,56.0450159145896,NA,NA,NA,NA
Tajikistan,TJ,TJK,2020,1171.90127480359,73.8074557671281,55.7491040194954,NA,NA,NA,NA
Tajikistan,TJ,TJK,2021,1254.06999592306,73.8008474848625,71.825937435383,17.7526722762903,4.31449508712055,38.5186816328847,12.4572895743117
Tajikistan,TJ,TJK,2022,1325.75545290849,73.8042873384382,65.4355115893577,17.0698949930488,4.3693509534261,34.2457223336678,10.6910715593023
Tajikistan,TJ,TJK,2023,1407.1075436221,73.8109872428571,65.6347010367354,18.4315380367248,4.90195113960097,32.6725736982037,11.0194157341873
Tajikistan,TJ,TJK,2024,1496.33813395037,73.8211936348452,59.0899316296485,18.6905411284478,4.1157721402338,35.2891266366428,NA
Tanzania,TZ,TZA,2000,555.348083496094,77.8055835959365,23.9891151549808,NA,NA,NA,NA
Tanzania,TZ,TZA,2001,573.400146484375,77.4036771346963,28.0301432282533,NA,NA,NA,NA
Tanzania,TZ,TZA,2002,598.421569824219,76.9693081785435,27.4992172734904,NA,NA,NA,NA
Tanzania,TZ,TZA,2003,621.720703125,76.4797912738051,30.4488358249326,NA,NA,NA,NA
Tanzania,TZ,TZA,2004,650.516540527344,75.9167530880543,33.609786736665,NA,NA,NA,NA
Tanzania,TZ,TZA,2005,680.051208496094,75.2938115461259,36.9592732894013,NA,NA,NA,NA
Tanzania,TZ,TZA,2006,704.502746582031,74.6258966797991,42.7681664691467,NA,NA,NA,NA
Tanzania,TZ,TZA,2007,731.52001953125,73.9279385208529,48.0583947796554,NA,NA,NA,NA
Tanzania,TZ,TZA,2008,752.540466308594,73.2148671010665,49.0265445510865,NA,NA,NA,NA
Tanzania,TZ,TZA,2009,772.929565429688,72.501612452219,43.5326006456317,12.097839619949,5.21519268707408,31.8476119395419,15.3518258925895
Tanzania,TZ,TZA,2010,801.29931640625,71.8031046060895,47.6404394295683,10.3966652547079,5.21519268707408,31.8476119395419,13.1930823905635
Tanzania,TZ,TZA,2011,838.999267578125,71.134273594457,56.1661241821809,10.320132545457,5.68395519079434,32.5962319536197,14.3760474348585
Tanzania,TZ,TZA,2012,851.910705566406,70.5121235402089,54.3689490815138,11.3234662123153,5.86568734820012,38.6273359786525,14.017907635242
Tanzania,TZ,TZA,2013,882.8115234375,69.9274891217498,48.6316275295495,11.3628314322499,5.37638557074757,34.8814731382225,14.8310743082401
Tanzania,TZ,TZA,2014,913.811218261719,69.3556922829258,45.3560223433065,12.2379339025816,6.46340391927865,39.7217549630181,16.0794441502738
Tanzania,TZ,TZA,2015,939.127319335938,68.7938433407528,40.7576808778314,11.3831208411787,6.30651698982667,37.8804024408242,14.8700779493296
Tanzania,TZ,TZA,2016,970.156127929688,68.2422696757084,35.4204704002636,12.4026980577624,8.92533773947855,44.0565131818249,13.3688531461333
Tanzania,TZ,TZA,2017,1001.55895996094,67.7012986682704,33.1125919853124,13.5824690329332,8.6985375867947,42.6766646193161,15.7386532808111
Tanzania,TZ,TZA,2018,1024.01525878906,67.1712576989166,32.6426099043737,13.9060325936847,6.73725135652993,43.011122771589,14.5748625993064
Tanzania,TZ,TZA,2019,1051.7666015625,66.6524741481248,33.0185892502311,13.2700185532593,8.57311240801298,43.2243831458389,15.3752931466323
Tanzania,TZ,TZA,2020,1041.25964355469,66.1452753963727,27.9630151969884,13.3579651832576,14.6183984309233,36.0063657926594,14.2926515974573
Tanzania,TZ,TZA,2021,1054.31726074219,65.6499888241381,29.9151840074048,12.630579947155,15.3307787725984,37.8205374294686,15.1259358340698
Tanzania,TZ,TZA,2022,1070.58532714844,65.1765263622853,35.0034517101994,13.996990502322,15.5641353574286,34.8469902413338,16.8468991314032
Tanzania,TZ,TZA,2023,1092.86413574219,64.5251980565046,38.212034806339,13.41063694983,16.4902360261727,34.4677402594821,17.0304864142749
Tanzania,TZ,TZA,2024,1120.77416992188,63.8315541137008,41.3081068648568,14.4774451489003,16.9164465076655,37.4978626236871,16.3411130288022
Thailand,TH,THA,2000,3514.71662970608,68.5373787347795,121.297955351472,15.4733501386637,11.0585285213714,42.0507040967937,13.5039212437522
Thailand,TH,THA,2001,3599.02524877358,67.2571945236111,120.267966273533,16.7717568247415,10.3177930191379,38.736419562324,15.7434569460324
Thailand,TH,THA,2002,3783.75422073266,65.9267218981778,114.969743021067,16.1977815770275,10.3970937678245,42.2719283216661,20.1914554917214
Thailand,TH,THA,2003,4018.15538187068,64.5729645617421,116.692819704865,18.3092652586297,9.72208261429379,40.0495890484155,14.8543666875635
Thailand,TH,THA,2004,4232.77157261934,63.214483715516,127.411873720393,18.3039542361617,8.40067953113699,40.090807601509,15.4915595237061
Thailand,TH,THA,2005,4372.25730206261,61.8698405607119,137.853866832247,19.6577299136472,7.43917282991707,40.1246298241154,15.3149810274229
Thailand,TH,THA,2006,4551.5250018314,60.5575962985418,134.086946191268,18.7448714140908,6.20693673913133,39.9362331064915,15.0648962132471
Thailand,TH,THA,2007,4760.66708464831,59.2963121302179,129.873226989717,18.2641241001835,5.52036234657719,39.7559505015929,16.5511413907824
Thailand,TH,THA,2008,4805.76393990836,58.1045492569525,140.437011540931,18.8185161341965,5.27668416447944,36.8602362204724,17.0589483038353
Thailand,TH,THA,2009,4737.45679763314,57.0008688799578,119.269418854589,17.4396219478319,4.55694869591237,38.2537551238403,18.411805894126
Thailand,TH,THA,2010,5059.35747831657,55.9981263377504,127.250522638251,18.9981068906829,4.51695191546723,40.2231279384078,17.4114153723881
Thailand,TH,THA,2011,5070.23740191942,55.1951276442626,139.675407224576,19.8124475584625,4.42951625265686,39.4511939421743,19.41745835874
Thailand,TH,THA,2012,5403.87846036273,54.626434186285,137.67493851024,18.9380707949502,4.93824909571407,39.0998959097906,18.6216196174385
Thailand,TH,THA,2013,5516.61164164135,54.1678656152227,132.462274174269,21.3359792359589,3.99057919898885,44.3013485444355,19.817256200685
Thailand,TH,THA,2014,5541.46599361845,53.6861200532103,130.905495444398,20.3797627910924,3.90636145513431,43.6865784255012,19.9952273274915
Thailand,TH,THA,2015,5688.85335397884,53.0478956223829,124.839662152526,21.2559663894193,3.43368220864434,44.5741082294024,19.3927758672544
Thailand,TH,THA,2016,5857.78052935926,52.1198904448753,120.57522728913,20.5484735955978,3.24893830398277,44.6204776030064,19.6652964019127
Thailand,TH,THA,2017,6076.74307700082,50.7688026428223,120.891427433638,19.8604658024679,2.94187331219383,45.4929764805629,19.122663547864
Thailand,TH,THA,2018,6314.19948412043,45.4156265258789,120.841864730984,20.1769525888598,2.8374816488916,44.775439724313,19.0196942606136
Thailand,TH,THA,2019,6434.53770518034,44.0733833312988,109.689514715166,20.0041229020508,2.90065389760556,42.9320373533677,18.6665827342784
Thailand,TH,THA,2020,6032.42244606793,42.7641220092773,97.6624419371158,20.0733730214482,2.67827473123845,43.3997600296484,22.839890357645
Thailand,TH,THA,2021,6119.11018526099,41.4912223815918,117.131472183199,19.2326637591497,2.98579661814456,45.1825055342645,25.140190092904
Thailand,TH,THA,2022,6279.82250415973,40.257625579834,132.813458288082,18.9750645034963,3.03760298415636,43.8383827171327,22.2299618545844
Thailand,TH,THA,2023,6423.99101164149,39.0658073425293,128.792359690165,19.9419131391138,3.22499099855368,42.4414348076757,20.7220010288103
Thailand,TH,THA,2024,6616.58539335928,38.1310661608679,135.724935837766,20.236099600792,2.81649196914258,41.6796772790731,NA
Timor-Leste,TL,TLS,2000,1117.56429796112,75.8860572835635,175.648464819583,NA,NA,NA,NA
Timor-Leste,TL,TLS,2001,1192.74796162196,75.530358327844,166.743415284881,NA,NA,NA,NA
Timor-Leste,TL,TLS,2002,1028.1319342253,75.1493891116816,180.403744337855,NA,NA,NA,NA
Timor-Leste,TL,TLS,2003,964.32256461813,74.7388459192419,122.311964931018,NA,NA,NA,NA
Timor-Leste,TL,TLS,2004,955.470548287377,74.2959169922198,107.330819562041,NA,NA,NA,NA
Timor-Leste,TL,TLS,2005,964.026614173558,73.6902691051249,74.6712513087646,NA,NA,NA,NA
Timor-Leste,TL,TLS,2006,897.573763670928,72.878302116618,98.8757193818142,NA,NA,NA,NA
Timor-Leste,TL,TLS,2007,961.848462090269,71.9988344803141,128.760892225689,NA,NA,NA,NA
Timor-Leste,TL,TLS,2008,1042.86835443002,71.1923254540694,135.250760342415,NA,NA,NA,NA
Timor-Leste,TL,TLS,2009,1120.09698448398,70.5992342957404,157.686448551719,NA,NA,NA,NA
Timor-Leste,TL,TLS,2010,1195.38067803197,70.3601159979584,134.4005216863,274.430480836295,0.205804743454569,1.45987250089813,83.6080309044252
Timor-Leste,TL,TLS,2011,1237.48383284275,70.366647693549,140.766349625231,344.999450811513,0.395284406729105,1.41030178618824,70.6068504989667
Timor-Leste,TL,TLS,2012,1269.41629276068,70.3863917650395,128.500493298465,337.757045957322,0.322291626633399,1.63474415293121,78.1501299251651
Timor-Leste,TL,TLS,2013,1281.92864092574,70.4163093746754,79.6341248298199,248.916801375398,0.34929171402434,1.85457267208161,62.9205960992096
Timor-Leste,TL,TLS,2014,1312.96494079465,70.4536907975959,82.7357773406823,158.389094579531,0.569811028811428,3.84631319501507,67.3608120894055
Timor-Leste,TL,TLS,2015,1319.59297370991,70.4956684991581,60.0769209292639,93.019732847449,0.770223953581529,5.85455921491294,73.2817837259596
Timor-Leste,TL,TLS,2016,1333.6585468432,70.5537092371829,60.310621759226,47.2205857428438,1.5055663291603,7.70349117098,70.095568563841
Timor-Leste,TL,TLS,2017,1267.08660142883,70.6399003212908,58.6347507796182,60.3270199167619,1.55530602448769,6.98278190981084,57.0566069567352
Timor-Leste,TL,TLS,2018,1237.20064730412,70.751382489943,64.8191831225499,68.6107575023367,1.61754518444688,5.66892727829917,56.9399597071426
Timor-Leste,TL,TLS,2019,1507.24748294374,70.8851244754783,70.6142440551536,67.4755723744906,0.910722735088676,4.50387592515262,49.0454448761437
Timor-Leste,TL,TLS,2020,1947.83997138866,71.0380950102353,84.7503111042388,39.6503072205222,1.26936845927895,5.95541779578916,52.1860734633397
Timor-Leste,TL,TLS,2021,2015.82039246197,71.2072628265528,99.8600009384765,33.7655247717926,1.02917290519922,5.14688942239185,41.1955242440391
Timor-Leste,TL,TLS,2022,1579.71084680858,71.4142707711032,97.621108820704,51.4675236638262,1.29208642029406,5.37997419929269,52.4935012893649
Timor-Leste,TL,TLS,2023,1279.2112241611,71.404528167048,89.3046490972644,NA,NA,NA,NA
Timor-Leste,TL,TLS,2024,1149.21889002201,71.3358925820426,95.4485030105899,NA,NA,NA,NA
Togo,TG,TGO,2000,730.148392769906,66.9005155936691,48.8080041114183,NA,NA,NA,NA
Togo,TG,TGO,2001,718.084179469825,66.4496364083487,51.3941520650307,NA,NA,NA,NA
Togo,TG,TGO,2002,727.322768684689,65.9988629561693,51.609565282441,NA,NA,NA,NA
Togo,TG,TGO,2003,757.076842057466,65.5486010342304,55.389978417259,NA,NA,NA,NA
Togo,TG,TGO,2004,731.610797958447,65.0992564396312,57.8710938708872,9.64323441346337,20.0476537782482,42.4136437053993,9.30569914816789
Togo,TG,TGO,2005,680.485159475257,64.6512349694709,61.4542800128481,9.6223003897789,21.6905660499515,48.3064009100944,10.5376711963862
Togo,TG,TGO,2006,678.890227390526,64.204942420849,61.6128604620733,10.5640425519017,19.1663842161794,45.2802128947848,11.5125384057586
Togo,TG,TGO,2007,650.04668135587394,63.7607845908647,61.7740721086659,11.2960775793559,19.5784428508077,45.7075491305626,11.6444497046595
Togo,TG,TGO,2008,654.896723036341,63.3191672766173,62.3076674472105,10.8001423272153,21.2921932250168,43.0295629584,9.6044972318553
Togo,TG,TGO,2009,668.669623161752,62.8804962752061,62.210419994299,11.4000167908107,18.2928623885064,34.2723498406765,10.543419325808
Togo,TG,TGO,2010,686.014185396121,62.4454117024362,66.7974885937104,12.6459060336344,17.640256148509,35.8650235098756,10.2474240534217
Togo,TG,TGO,2011,706.442158827353,62.0127694351268,77.732312664143,12.3910262405799,18.3211624255415,38.8056725568876,10.8080523864554
Togo,TG,TGO,2012,733.683602929868,61.5805640401796,75.7132085684163,12.9491532410419,19.7387958669846,42.4256091561468,12.5172608076168
Togo,TG,TGO,2013,759.841612443554,61.1483232115897,82.1477877564195,13.6526816245423,20.0134497256855,37.0721850700331,12.8302750265792
Togo,TG,TGO,2014,786.587399651446,60.7160493541632,70.9156517502517,14.2869174863926,19.9680370482672,44.6545485368988,11.5546526485888
Togo,TG,TGO,2015,813.894676975085,60.2837448727066,69.1281378813376,14.8446796796597,18.4801514226562,46.0092595228031,12.9253828694068
Togo,TG,TGO,2016,832.959515987733,59.8514121720261,66.4450409805081,14.6929766202087,16.8637428053693,43.3141445558451,13.6105366248066
Togo,TG,TGO,2017,851.735728621337,59.4190536569281,58.2088602526732,14.0684471149723,16.6612649034193,47.0845767550275,11.5121352894492
Togo,TG,TGO,2018,876.562800915869,58.986671732219,57.5737388499452,15.4929506425375,15.5684743522188,39.8763614992889,13.629352901191
Togo,TG,TGO,2019,900.166602437871,58.554268802705,56.3398500747576,15.241779335802,15.943294043413,40.8879952680268,13.3959027381523
Togo,TG,TGO,2020,899.748802355348,58.1218472731925,55.0659513954403,14.0219375177317,14.8156620008695,45.3166758437657,14.2385236126303
Togo,TG,TGO,2021,928.301087692897,57.6894095484878,56.3775580757321,14.4925280343861,16.4660995636904,47.9935210353881,13.1767183127301
Togo,TG,TGO,2022,970.535975822983,57.2667672024373,61.575092396894,14.2234258590487,16.2294102702372,46.0112559437667,15.2643617638633
Togo,TG,TGO,2023,1011.2308927823,56.7503146967564,59.9291777017427,15.6588495732138,15.319368802021,41.4276966962654,16.028611767784
Togo,TG,TGO,2024,1053.81653764697,56.1851508394004,NA,NA,NA,NA,NA
Tonga,TO,TON,2000,3866.68591314331,76.9748486180012,61.508239295468,NA,NA,NA,NA
Tonga,TO,TON,2001,3901.1807203994,76.9511365923805,62.4065643935194,NA,NA,NA,NA
Tonga,TO,TON,2002,4050.98962313421,76.928571414433,73.8374093817514,NA,NA,NA,NA
Tonga,TO,TON,2003,4030.19690552619,76.9056378224928,73.2160568173731,NA,NA,NA,NA
Tonga,TO,TON,2004,3928.06030724493,76.8808205548941,73.9737151214869,NA,NA,NA,NA
Tonga,TO,TON,2005,3880.07054158497,76.8526043499707,76.2080494394572,NA,NA,NA,NA
Tonga,TO,TON,2006,3775.24848570829,76.8198578717479,66.3549884749532,NA,NA,NA,NA
Tonga,TO,TON,2007,3665.89549972281,76.7760023422033,68.2299182500325,NA,NA,NA,NA
Tonga,TO,TON,2008,3833.60169058266,76.7110999242433,72.6563791156237,NA,NA,NA,NA
Tonga,TO,TON,2009,3630.76096995072,76.6387931816749,74.3406648891028,NA,NA,NA,NA
Tonga,TO,TON,2010,3653.97817265087,76.5756380900822,70.7976681214649,NA,NA,NA,NA
Tonga,TO,TON,2011,3892.76807750666,76.53924531633,78.8578648859134,NA,NA,NA,NA
Tonga,TO,TON,2012,3932.59367180675,76.5410937364308,77.9722872799652,NA,NA,NA,NA
Tonga,TO,TON,2013,3962.16980948788,76.5829204979656,82.731581196292,19.3274593600117,6.07434742137792,35.7666570203785,27.6506577630826
Tonga,TO,TON,2014,4058.81584447473,76.6568959064029,74.7304254735603,20.1678760830527,4.98524238496846,30.6450484749457,30.3775521071868
Tonga,TO,TON,2015,4123.90347238813,76.7565577181561,81.3902291563255,22.2225334077505,5.97614794336959,35.2164777751992,30.2267583338092
Tonga,TO,TON,2016,4419.8147470039,76.8722961494079,87.7771750789587,23.9322384516322,7.74817778559889,33.6225985860762,31.1425879178705
Tonga,TO,TON,2017,4568.62484962494,77.0288699345034,88.0434925855836,23.939160596088,5.41663404497685,31.8911406995851,31.8933112724309
Tonga,TO,TON,2018,4583.55968565688,77.2982861074453,86.1039702691392,24.684359789818,6.26261384613593,34.4002203036125,31.0773631728423
Tonga,TO,TON,2019,4566.07508700721,77.6711844373794,88.045385533046,23.7028913145304,6.63805897967166,32.0024683504477,30.6375374142737
Tonga,TO,TON,2020,4647.0077529158,78.1233793176589,81.849496682175,24.035194449994,5.06063822142914,32.5078579159449,31.4905669193695
Tonga,TO,TON,2021,4612.90086913298,78.741996102335,68.5461517477239,23.4187836075959,4.36548325759619,33.5606237967655,36.0009933320974
Tonga,TO,TON,2022,4533.96809820124,78.852780548158,70.1272718284375,22.3197253030917,4.43267640489829,31.521083035695,39.9560180611226
Tonga,TO,TON,2023,4680.30010664357,78.852055458663,79.6239257000079,22.6409786872749,4.84196918649045,29.9764936971304,34.6540020354592
Tonga,TO,TON,2024,4779.92399898557,78.8494728874479,77.5794710114187,NA,NA,NA,NA
Trinidad and Tobago,TT,TTO,2000,10023.0206669207,44.0708531714398,NA,NA,NA,NA,NA
Trinidad and Tobago,TT,TTO,2001,10395.2041042218,44.0989809059732,NA,27.138265536148,5.43900283832271,23.2367589567825,23.8616266597827
Trinidad and Tobago,TT,TTO,2002,11165.960015838,44.1701878560026,NA,26.0206075679517,5.83926657610365,26.2138970994805,24.9003375377509
Trinidad and Tobago,TT,TTO,2003,12714.5004334846,44.2811949241765,NA,25.6188790063089,5.60619022549794,19.680617706414,22.0993691073361
Trinidad and Tobago,TT,TTO,2004,13657.2534995604,44.4288758687591,NA,26.1516539150382,5.66741476480617,20.9546707377832,22.6183444973216
Trinidad and Tobago,TT,TTO,2005,15075.4179709902,44.6101044480147,NA,30.6527523365337,4.7740932138865,14.8678902946751,22.6525128974759
Trinidad and Tobago,TT,TTO,2006,17021.2241679562,44.8217544202078,NA,34.7647470101941,4.55529839027766,13.2087032668259,29.5059775859218
Trinidad and Tobago,TT,TTO,2007,17758.6995224652,45.0606995436027,NA,30.4399700626129,4.8125469202338,14.5834682477436,24.5123674266625
Trinidad and Tobago,TT,TTO,2008,18285.2735441992,45.3238135764636,NA,33.6543683737318,3.71922605661372,13.0777925971369,26.4320498016969
Trinidad and Tobago,TT,TTO,2009,17461.9640940055,45.6079702770551,NA,34.2835493052509,4.3956836434703,15.4543640729906,33.0138554038054
Trinidad and Tobago,TT,TTO,2010,17938.0949459463,45.9100434036413,NA,32.9279100716369,4.09638709621941,15.9871959687509,30.6976810034827
Trinidad and Tobago,TT,TTO,2011,17746.509252615,46.0746384525273,NA,28.693596257357,4.61088848617882,14.3644129082757,27.3237231592599
Trinidad and Tobago,TT,TTO,2012,18835.6674122954,46.0745946568382,NA,29.9078729096396,4.44292052010942,15.1816705105317,28.5234295252083
Trinidad and Tobago,TT,TTO,2013,19392.1974593783,46.0744210036628,NA,30.4573880953046,4.61059312143765,14.7794836891159,29.4421979833723
Trinidad and Tobago,TT,TTO,2014,20032.5402001718,46.0740300462207,NA,32.820367688773,4.60423528503137,11.881227946252,31.0983182216628
Trinidad and Tobago,TT,TTO,2015,19887.2327716498,46.073334761978,NA,35.8629396068095,4.90259703293826,14.4818702150396,33.548036960979
Trinidad and Tobago,TT,TTO,2016,18331.034459758,46.0722476915049,NA,31.2390699061462,5.42884481382087,14.8920955385675,33.4266953115139
Trinidad and Tobago,TT,TTO,2017,17402.6155328454,46.0706813166167,NA,28.7268899879201,6.4703510171862,18.6965344453311,33.0427784747773
Trinidad and Tobago,TT,TTO,2018,17205.615135339,46.0685481065093,NA,29.5653403216796,5.71529565804858,18.4573198662213,31.3554382243583
Trinidad and Tobago,TT,TTO,2019,17225.361633712,46.0657605267261,NA,24.2635768758849,5.97969004978744,20.8468022742155,33.3170063318443
Trinidad and Tobago,TT,TTO,2020,15679.9611486825,46.0622310415194,NA,NA,NA,NA,NA
Trinidad and Tobago,TT,TTO,2021,15558.0940536829,46.0578721146152,NA,NA,NA,NA,NA
Trinidad and Tobago,TT,TTO,2022,15712.230497272,46.0525962095002,NA,NA,NA,NA,NA
Trinidad and Tobago,TT,TTO,2023,15922.7668349788,46.0463157895428,NA,NA,NA,NA,NA
Trinidad and Tobago,TT,TTO,2024,16312.4849555716,46.038943318049,NA,NA,NA,NA,NA
Tunisia,TN,TUN,2000,2864.54703666618,36.3833346177416,82.639110670191,26.4763839719502,10.6501769493171,38.5583421701524,25.0212343799901
Tunisia,TN,TUN,2001,2941.73893592906,36.0458242546642,89.5522011944661,26.6616057253736,10.2485162770553,38.4421787022838,24.8327369402515
Tunisia,TN,TUN,2002,2950.20410959054,35.7177445107495,85.3421759692656,27.1807715220114,8.72760984008211,37.2137425642044,25.6689725602714
Tunisia,TN,TUN,2003,3058.22895827842,35.3944027312456,82.390340709916,26.7894903486255,7.59858056547089,36.5221760475657,25.3697714654032
Tunisia,TN,TUN,2004,3218.72320748457,35.0727258538662,86.9253446966283,26.5077178572808,7.25611990972048,36.9914543104612,25.7754547678206
Tunisia,TN,TUN,2005,3301.93817216029,34.7659098260996,90.2512478803945,26.1531847818299,6.67035679285688,36.2908787339843,26.1510353227771
Tunisia,TN,TUN,2006,3444.5513526091,34.4790190348479,93.9409304094309,26.4106285049895,6.24752736384017,35.0364301727548,25.8520156831205
Tunisia,TN,TUN,2007,3642.11977444786,34.1999969482422,104.059400976647,26.9755036147961,6.12142015168252,33.9647260299362,26.172126462714
Tunisia,TN,TUN,2008,3760.11828478704,33.9323946015639,114.343660218696,29.1765267797052,5.91360619672392,32.402272295521,27.3249965625294
Tunisia,TN,TUN,2009,3835.25011939301,33.6637802124023,93.0168787876722,28.660549583143,5.81118656945109,33.144828702978,27.8842548724206
Tunisia,TN,TUN,2010,3906.90625867605,33.3719940185547,100.151009836799,27.6713275294303,6.22529725018046,32.7902700788581,26.738524994179
Tunisia,TN,TUN,2011,3784.7412903401,33.0808113802143,100.106379304237,31.1612878465826,5.05199757954434,28.7213333145701,32.9045333238864
Tunisia,TN,TUN,2012,3900.04620132702,32.7901077270508,101.550723929668,29.8761896900073,5.87188847154765,30.506959519857,33.7641230227092
Tunisia,TN,TUN,2013,3947.58763533174,32.5000457763672,98.9549566862038,NA,NA,NA,NA
Tunisia,TN,TUN,2014,4021.59954703591,32.2475356620899,96.1071038558701,NA,NA,NA,NA
Tunisia,TN,TUN,2015,4014.94773686432,32.1192092895508,87.2485306596052,NA,NA,NA,NA
Tunisia,TN,TUN,2016,4015.28893802703,31.9376643471752,87.0926643641466,NA,NA,NA,NA
Tunisia,TN,TUN,2017,4062.80606534519,31.7122192382812,95.8091979825804,NA,NA,NA,NA
Tunisia,TN,TUN,2018,4127.97005697994,31.4514759727491,103.871824260635,NA,NA,NA,NA
Tunisia,TN,TUN,2019,4153.27978615515,31.1793617423969,102.332614725789,NA,NA,NA,NA
Tunisia,TN,TUN,2020,3749.26841452928,30.8956833561524,84.3333297071767,NA,NA,NA,NA
Tunisia,TN,TUN,2021,3902.53322990199,30.6002476229432,93.6334140664079,NA,NA,NA,NA
Tunisia,TN,TUN,2022,3986.54558325666,30.292861351697,116.095794384146,NA,NA,NA,NA
Tunisia,TN,TUN,2023,3967.33387634534,29.9733313513416,112.128858013354,NA,NA,NA,NA
Tunisia,TN,TUN,2024,4006.20588267443,29.6414644308045,106.298549204247,NA,NA,NA,NA
Turkiye,TR,TUR,2000,6326.25746472488,41.0293879993597,42.3746746988077,NA,NA,NA,NA
Turkiye,TR,TUR,2001,5906.92348536699,40.1277538582684,49.9447830679013,NA,NA,NA,NA
Turkiye,TR,TUR,2002,6211.70542960394,39.2614657270577,48.1026101234402,NA,NA,NA,NA
Turkiye,TR,TUR,2003,6496.07277294612,38.4154939346742,46.3681553387846,NA,NA,NA,NA
Turkiye,TR,TUR,2004,7061.62219794984,37.5611518826738,48.9934575435266,NA,NA,NA,NA
Turkiye,TR,TUR,2005,7623.14640948457,36.6697529726126,46.3088308846211,NA,NA,NA,NA
Turkiye,TR,TUR,2006,8078.5153787571,35.7126106060464,48.9456766641314,NA,NA,NA,NA
Turkiye,TR,TUR,2007,8477.53328393352,34.6610381845313,48.027468179713,NA,NA,NA,NA
Turkiye,TR,TUR,2008,8447.93976396947,33.486349109623,50.7612500066681,30.873317828598,0.919375391247304,35.2325811284934,30.1458278135473
Turkiye,TR,TUR,2009,7925.30110421185,32.159856782877704,47.0391385732199,31.4805609082016,0.798102780533275,35.6457193336353,35.3173242047987
Turkiye,TR,TUR,2010,8472.57809050119,30.6528746058513,46.9433366709891,31.3740275795167,0.906285748076415,38.8849619212226,32.6419229851543
Turkiye,TR,TUR,2011,9265.85910238578,28.9971276471666,53.651583897618,30.5733274427087,1.11203479633949,39.3218513794565,30.1444408136135
Turkiye,TR,TUR,2012,9588.32066531438,26.2211319765676,53.3277612968607,30.621624698759,1.09716104445819,37.6837065677236,29.4208604116485
Turkiye,TR,TUR,2013,10269.4489140773,21.4781631615304,53.0683530043043,30.8565141953979,1.20486777184182,40.9522247581891,28.9891426072392
Turkiye,TR,TUR,2014,10597.9801881716,16.3975149255567,54.30677404128,30.3276548015133,1.09936527929809,38.3863997180018,29.2713082967685
Turkiye,TR,TUR,2015,11064.6494504662,12.7832892027463,51.8749252596832,30.4983562189661,1.20916113589728,39.4139768715483,28.8436742291669
Turkiye,TR,TUR,2016,11279.6169531569,11.8979041418224,48.870183807987,30.9443928097308,1.20241465997528,38.6237213759785,30.6055405050211
Turkiye,TR,TUR,2017,12005.6459824832,11.967952728271401,56.1356585158689,29.501534894828,1.43720920365035,38.5669409439683,31.5527664341113
Turkiye,TR,TUR,2018,12255.0082146169,11.8344250423827,62.8251323851165,30.207791762814,1.43548896089168,34.1373537756927,33.1443390183968
Turkiye,TR,TUR,2019,12238.2950220128,11.3381847142876,62.5784589326239,29.287668074026602,1.40341702974754,33.9946368353839,34.8909170453359
Turkiye,TR,TUR,2020,12338.643833135,11.0696885034778,60.389853117297,29.5197315875713,1.75287578977308,37.3561713725352,33.4510950281809
Turkiye,TR,TUR,2021,13670.938029516,10.8237951846761,69.6088976086437,29.4977695405094,1.66535056347732,35.122616488113,30.2009775804558
Turkiye,TR,TUR,2022,14273.5747654873,10.9618835449219,79.8982722314341,27.2711691129616,1.94615469720527,37.1946171984529,29.0624088388364
Turkiye,TR,TUR,2023,14932.8851363122,10.9781553203879,65.6832084738667,33.0413461477558,1.64906135908758,34.1125613945358,33.0277530817277
Turkiye,TR,TUR,2024,15395.0278894893,10.6556877126113,54.5988061195916,31.4818867249691,1.66183963978623,35.0328672139012,NA
Turkmenistan,TM,TKM,2000,2256.40240323977,53.9263310893007,103.580317825005,NA,NA,NA,NA
Turkmenistan,TM,TKM,2001,2307.71956018735,53.6284437977108,81.9858549438358,NA,NA,NA,NA
Turkmenistan,TM,TKM,2002,2268.02824244615,53.4075153937846,63.7046861184792,NA,NA,NA,NA
Turkmenistan,TM,TKM,2003,2296.70842307223,53.2999992370605,63.201750694386,NA,NA,NA,NA
Turkmenistan,TM,TKM,2004,2365.72190264503,53.2624572607861,59.3199674884855,NA,NA,NA,NA
Turkmenistan,TM,TKM,2005,2624.2315668841,53.2271316077418,53.9723419741336,NA,NA,NA,NA
Turkmenistan,TM,TKM,2006,2858.53224143565,53.1939959517651,52.4473010022922,NA,NA,NA,NA
Turkmenistan,TM,TKM,2007,3115.9792751828,53.1630239666937,56.2777777777778,NA,NA,NA,NA
Turkmenistan,TM,TKM,2008,3506.50453694834,53.1341893263653,94.7240751970891,NA,NA,NA,NA
Turkmenistan,TM,TKM,2009,3647.67813083756,53.1074657046175,104.95217927132,NA,NA,NA,NA
Turkmenistan,TM,TKM,2010,3902.54200118683,53.0828267752879,97.2464440197632,NA,NA,NA,NA
Turkmenistan,TM,TKM,2011,4383.14380872567,53.0602462122142,118.095536458021,NA,NA,NA,NA
Turkmenistan,TM,TKM,2012,4762.66047536389,53.0396976892339,119.176960326488,NA,NA,NA,NA
Turkmenistan,TM,TKM,2013,5131.14087328544,53.0211548801848,109.48116584462,NA,NA,NA,NA
Turkmenistan,TM,TKM,2014,5535.50161297771,53.0045914589045,102.760907500564,NA,NA,NA,NA
Turkmenistan,TM,TKM,2015,5759.497903834,52.9899810992305,73.2280034158293,NA,NA,NA,NA
Turkmenistan,TM,TKM,2016,5979.47627661058,52.9772974750006,58.2932324852085,NA,NA,NA,NA
Turkmenistan,TM,TKM,2017,6221.41962759021,52.9665142600524,47.3983995269018,NA,NA,NA,NA
Turkmenistan,TM,TKM,2018,6460.13015920839,52.9576051282235,41.6378669600992,NA,NA,NA,NA
Turkmenistan,TM,TKM,2019,6719.32320157703,52.950543753351504,37.6560517756178,NA,NA,NA,NA
Turkmenistan,TM,TKM,2020,6964.38162887016,52.9453038092741,29.9541700399769,NA,NA,NA,NA
Turkmenistan,TM,TKM,2021,7244.61385880341,52.9418589698289,33.4124528498008,NA,NA,NA,NA
Turkmenistan,TM,TKM,2022,7549.25301930356,52.9407896585074,37.8107225896924,NA,NA,NA,NA
Turkmenistan,TM,TKM,2023,7879.96559789716,52.9321124945829,34.1794035540188,NA,NA,NA,NA
Turkmenistan,TM,TKM,2024,8229.67261114232,52.9124746089706,28.7345237411748,NA,NA,NA,NA
Turks and Caicos Islands,TC,TCA,2000,NA,15.3860565314734,NA,NA,NA,NA,NA
Turks and Caicos Islands,TC,TCA,2001,NA,14.6662036331804,NA,NA,NA,NA,NA
Turks and Caicos Islands,TC,TCA,2002,NA,13.9857402969606,NA,NA,NA,NA,NA
Turks and Caicos Islands,TC,TCA,2003,NA,13.328434479746,NA,NA,NA,NA,NA
Turks and Caicos Islands,TC,TCA,2004,NA,12.6958116927675,NA,NA,NA,NA,NA
Turks and Caicos Islands,TC,TCA,2005,NA,12.091563934688,NA,NA,NA,NA,NA
Turks and Caicos Islands,TC,TCA,2006,NA,11.5193832041704,NA,NA,NA,NA,NA
Turks and Caicos Islands,TC,TCA,2007,37466.1822614725,10.9829614998778,NA,NA,NA,NA,NA
Turks and Caicos Islands,TC,TCA,2008,38854.1075698814,10.4859908204732,NA,NA,NA,NA,NA
Turks and Caicos Islands,TC,TCA,2009,29988.5997375172,10.0321631646196,NA,NA,NA,NA,NA
Turks and Caicos Islands,TC,TCA,2010,29111.8729223189,9.6251705309799,NA,NA,NA,NA,NA
Turks and Caicos Islands,TC,TCA,2011,29363.9475927366,9.2687049182172,NA,NA,NA,NA,NA
Turks and Caicos Islands,TC,TCA,2012,27441.3335987017,8.96473324157139,NA,NA,NA,NA,NA
Turks and Caicos Islands,TC,TCA,2013,26477.5410719582,8.6831072134714,NA,NA,NA,NA,NA
Turks and Caicos Islands,TC,TCA,2014,27636.8210228067,8.40287995274591,NA,NA,NA,NA,NA
Turks and Caicos Islands,TC,TCA,2015,29457.0140691162,8.12620628061489,NA,NA,NA,NA,NA
Turks and Caicos Islands,TC,TCA,2016,30183.000294988102,7.8533095515448,NA,NA,NA,NA,NA
Turks and Caicos Islands,TC,TCA,2017,50586.1032335151,7.58441312002449,NA,NA,NA,NA,NA
Turks and Caicos Islands,TC,TCA,2018,51863.1830309332,7.31974034056771,NA,NA,NA,NA,NA
Turks and Caicos Islands,TC,TCA,2019,52419.8862128617,7.0595145677155,NA,NA,NA,NA,NA
Turks and Caicos Islands,TC,TCA,2020,33739.4253991739,6.8039591560395,NA,NA,NA,NA,NA
Turks and Caicos Islands,TC,TCA,2021,42907.7492465912,6.5532974601453,NA,NA,NA,NA,NA
Turks and Caicos Islands,TC,TCA,2022,48307.3079245499,6.30775283467629,NA,NA,NA,NA,NA
Turks and Caicos Islands,TC,TCA,2023,54523.0330927151,6.0675486343182,NA,NA,NA,NA,NA
Turks and Caicos Islands,TC,TCA,2024,57179.29601876,5.83290821380361,NA,NA,NA,NA,NA
Tuvalu,TV,TUV,2000,3051.37894204891,54.4880505622879,NA,NA,NA,NA,NA
Tuvalu,TV,TUV,2001,3059.14305159403,53.9079779344502,NA,NA,NA,NA,NA
Tuvalu,TV,TUV,2002,3300.84183236169,53.2564518145125,NA,NA,NA,NA,NA
Tuvalu,TV,TUV,2003,3133.78208016242,52.5013488413835,NA,NA,NA,NA,NA
Tuvalu,TV,TUV,2004,3036.7117312686,51.5987873521501,NA,NA,NA,NA,NA
Tuvalu,TV,TUV,2005,2886.47360709377,50.5790209069874,NA,NA,NA,NA,NA
Tuvalu,TV,TUV,2006,2890.2979042629,49.4770138773744,NA,NA,NA,NA,NA
Tuvalu,TV,TUV,2007,3051.64998981595,48.3277306347904,NA,NA,NA,NA,NA
Tuvalu,TV,TUV,2008,3208.62150790145,47.1661355507145,NA,NA,NA,NA,NA
Tuvalu,TV,TUV,2009,2987.77161613649,46.0271929966258,NA,NA,NA,NA,NA
Tuvalu,TV,TUV,2010,2872.02011343345,44.9458673440036,NA,NA,NA,NA,NA
Tuvalu,TV,TUV,2011,3040.4474312404,43.9571229643269,NA,NA,NA,NA,NA
Tuvalu,TV,TUV,2012,2912.10912265748,43.1035096694552,NA,NA,NA,NA,NA
Tuvalu,TV,TUV,2013,3004.5049231989,42.3685663193641,NA,NA,NA,NA,NA
Tuvalu,TV,TUV,2014,3059.3244224989,41.7000403381168,NA,NA,NA,NA,NA
Tuvalu,TV,TUV,2015,3352.66722400181,41.0851497347656,NA,NA,NA,NA,NA
Tuvalu,TV,TUV,2016,3523.41345550387,40.5255231651715,NA,NA,NA,NA,NA
Tuvalu,TV,TUV,2017,3658.98029250415,40.0468725089088,NA,NA,NA,NA,NA
Tuvalu,TV,TUV,2018,3750.43562817208,39.4403590409223,NA,NA,NA,NA,NA
Tuvalu,TV,TUV,2019,4323.09703196938,38.7593470781364,NA,NA,NA,NA,NA
Tuvalu,TV,TUV,2020,4265.46279289261,38.0787389465063,NA,NA,NA,NA,NA
Tuvalu,TV,TUV,2021,4351.24068896314,37.3901703574006,NA,NA,NA,NA,NA
Tuvalu,TV,TUV,2022,3953.66795349958,36.6934231918846,NA,NA,NA,NA,NA
Tuvalu,TV,TUV,2023,4165.7693870564,35.9882793310213,NA,NA,NA,NA,NA
Tuvalu,TV,TUV,2024,4382.8876648687,35.2745206558709,NA,NA,NA,NA,NA
Uganda,UG,UGA,2000,509.19755319016,88.3585241874813,32.7490333383822,NA,NA,NA,NA
Uganda,UG,UGA,2001,519.456547890884,88.0986110259912,35.3299767819725,NA,NA,NA,NA
Uganda,UG,UGA,2002,547.405338919875,87.797206425445,36.2777941561831,NA,NA,NA,NA
Uganda,UG,UGA,2003,564.720539196569,87.4095863280683,36.5857264641268,NA,NA,NA,NA
Uganda,UG,UGA,2004,585.339489080616,86.8778881599385,35.4600862456436,NA,NA,NA,NA
Uganda,UG,UGA,2005,604.404813057618,86.2092760503277,38.9942854839061,NA,NA,NA,NA
Uganda,UG,UGA,2006,650.270540867444,85.4148479725353,43.6332857896204,NA,NA,NA,NA
Uganda,UG,UGA,2007,684.542241787248,84.505701899861,46.7774166522822,NA,NA,NA,NA
Uganda,UG,UGA,2008,722.565167003452,83.4929358056045,56.2582682050634,NA,NA,NA,NA
Uganda,UG,UGA,2009,749.342865535423,82.3876476630652,47.0638780748379,NA,NA,NA,NA
Uganda,UG,UGA,2010,768.624091660131,81.2009354455428,38.2692490371291,NA,NA,NA,NA
Uganda,UG,UGA,2011,816.516366587228,79.9438971263369,39.7552255606122,NA,NA,NA,NA
Uganda,UG,UGA,2012,823.580468285493,78.627630678747,43.5021371397314,NA,NA,NA,NA
Uganda,UG,UGA,2013,828.988669729986,77.2632340760729,43.1091548734687,NA,NA,NA,NA
Uganda,UG,UGA,2014,845.978664791099,75.8061496608174,36.0144010819085,NA,NA,NA,NA
Uganda,UG,UGA,2015,862.934610355811,75.0222143439573,37.6892983324358,11.5774109946973,9.39745176116163,48.043101955686,10.7611098309033
Uganda,UG,UGA,2016,874.648370639216,74.3046432865902,31.2093620232119,11.9616232828184,10.409935343345,47.22131862502,11.3130644156105
Uganda,UG,UGA,2017,871.093880017151,73.5860739420454,36.8370529334101,12.3659847369423,10.2106068187999,47.835191457529,11.2580442930702
Uganda,UG,UGA,2018,895.07512785438,72.8719524981116,36.6384055999567,12.4765065851732,11.0046834464505,49.1201435419113,11.8357641142331
Uganda,UG,UGA,2019,920.939101515671,72.1630218200597,39.3610539647435,13.0957063452079,9.85175648587716,45.3327506744673,13.5150737617182
Uganda,UG,UGA,2020,917.0350317644,71.4600247728498,37.0006923916369,12.8539945724217,8.77391668656295,43.3242116256665,13.6717290825135
Uganda,UG,UGA,2021,919.401675217265,70.7637042210978,41.7136307424781,13.9862387540555,8.59428696524245,42.4924131000923,15.5883809350268
Uganda,UG,UGA,2022,933.094056370423,70.0748030290335,34.5053019270937,13.7785940939712,8.28999806218977,42.7662290805222,16.9424354799697
Uganda,UG,UGA,2023,955.745797275462,69.3940640604505,33.3416963302219,14.3793546945055,9.10148892922325,42.8405961042376,16.5833400364579
Uganda,UG,UGA,2024,986.090145363924,68.7222301786443,42.6527889088562,14.0445688090372,8.69565682091907,43.9994399816384,NA
Ukraine,UA,UKR,2000,1409.22265625,32.596142703094,115.735714934593,25.8614189680233,4.1408351854018,32.671763842661,25.9477766170058
Ukraine,UA,UKR,2001,1547.2783203125,32.7250194506541,99.9261276192731,25.6948975967799,4.24837002566212,27.8399792317502,26.701929679176
Ukraine,UA,UKR,2002,1644.28125,32.7327266649096,95.994669810112,28.1925039506616,4.15978015086773,26.5254957192347,27.963614644355
Ukraine,UA,UKR,2003,1814.25854492188,32.580320131595,102.590182257396,28.8065390652593,5.41053475059517,22.8854072348637,28.6413191646085
Ukraine,UA,UKR,2004,2042.44494628906,32.4029031576315,109.981708544962,29.6427614938749,5.45546886984172,21.4989340911482,31.8375920166469
Ukraine,UA,UKR,2005,2122.6015625,32.1863953682245,94.6475701087848,33.8890941890341,4.89724862124637,27.9572741183733,34.794358497786
Ukraine,UA,UKR,2006,2298.13232421875,31.9706652201052,89.181052639031,34.867844918215,4.25644106462348,31.3173653899759,35.4353135652316
Ukraine,UA,UKR,2007,2498.35205078125,31.7897677627963,88.0465606718626,32.9320761650153,4.4515543370698,29.2382310848353,33.5385418303142
Ukraine,UA,UKR,2008,2567.69409179688,31.6247914244654,94.1718921417534,34.2758821742417,3.74104110256889,31.3380609323094,35.7030396066285
Ukraine,UA,UKR,2009,2188.17016601563,31.4748557750453,87.4761626200316,33.3448991702586,2.2014835494774,33.8707404084495,39.2607719615392
Ukraine,UA,UKR,2010,2285.93383789063,31.362602866643,95.72973045329,33.1679703012266,2.4532487645335,31.3753768727433,39.5439524891017
Ukraine,UA,UKR,2011,2418.12084960938,31.2765700173778,104.805073904259,34.9854815302354,2.52676441636657,35.3044449600028,36.8763128364085
Ukraine,UA,UKR,2012,2426.92944335938,31.1758016892261,102.622788356626,36.0950783910037,2.53681390968548,34.3594597408498,39.5379741977224
Ukraine,UA,UKR,2013,2432.41625976563,31.0673711917774,94.0016694501782,34.7676228164977,2.54641317838627,34.1484389816155,38.6815940819239
Ukraine,UA,UKR,2014,2308.6435546875,30.9445660698687,100.691782483624,33.6845451709764,2.08030148537018,33.8218866559097,43.5407000374941
Ukraine,UA,UKR,2015,2094.47387695313,30.8412682798663,107.806616298156,35.7583940812977,5.71266542596177,40.0062672959844,37.3687532184352
Ukraine,UA,UKR,2016,2156.0830078125,30.7897758390911,105.521204913122,31.2027331643307,2.80306123303074,44.5415836352667,33.5044167207813
Ukraine,UA,UKR,2017,2217.7529296875,30.7366891510718,104.034982911399,32.5709984513088,2.55194197841254,43.9925787102004,33.6062064378191
Ukraine,UA,UKR,2018,2308.6669921875,30.6842007222091,99.1998150718675,32.1350394028568,2.42811338548106,43.6881571269822,33.4087191126581
Ukraine,UA,UKR,2019,2398.07836914063,30.6472351291265,90.5112342910763,31.8658437422527,2.41245130094441,40.3653862789714,33.057438930624
Ukraine,UA,UKR,2020,2324.107421875,30.6160899483255,79.1564523761815,32.3167384568451,2.23464770974495,40.0977012145695,37.2092047751482
Ukraine,UA,UKR,2021,2426.6123046875,30.5972967346104,82.69796136345,30.0547859608659,2.3318049337518,43.3520065101325,33.2615744813331
Ukraine,UA,UKR,2022,1874.66296386719,30.57654087897,87.3965139907244,29.2810864585119,1.20080197683764,26.4768973552907,57.894766176113
Ukraine,UA,UKR,2023,2164.26123046875,30.5245544972394,77.5096141935657,30.8349656855253,1.2922207785043,24.2884551587582,65.5600221546264
Ukraine,UA,UKR,2024,2226.05810546875,30.4684356799852,79.6884673892276,33.6543769191175,1.31933754753133,26.2324276708577,NA
United Arab Emirates,AE,ARE,2000,56939.3600767998,20.712907520005,NA,NA,NA,NA,NA
United Arab Emirates,AE,ARE,2001,54169.4135701565,20.2530997375785,89.8645875613427,NA,NA,NA,NA
United Arab Emirates,AE,ARE,2002,52216.8318338175,19.7294397149694,93.0717523974279,NA,NA,NA,NA
United Arab Emirates,AE,ARE,2003,53619.1662875958,19.1510567331566,102.300072318295,NA,NA,NA,NA
United Arab Emirates,AE,ARE,2004,55611.4376344125,18.5270800731188,116.622707480689,NA,NA,NA,NA
United Arab Emirates,AE,ARE,2005,55363.5818196998,17.7877167236483,119.55287164912,NA,NA,NA,NA
United Arab Emirates,AE,ARE,2006,56629.9713117545,17.4411031353171,119.47067436604,NA,NA,NA,NA
United Arab Emirates,AE,ARE,2007,52038.6229393122,17.241391499682,136.798144727699,NA,NA,NA,NA
United Arab Emirates,AE,ARE,2008,47922.6941430472,17.0341036450342,148.513544024487,NA,NA,NA,NA
United Arab Emirates,AE,ARE,2009,42672.1946222627,16.8298007003837,153.461944358762,NA,NA,NA,NA
United Arab Emirates,AE,ARE,2010,42328.84668186,16.6285700855822,135.485740301669,NA,NA,NA,NA
United Arab Emirates,AE,ARE,2011,43687.7919424546,16.4304992204653,144.176829734392,3.24445219705015,0.00887635235520561,6.98900466470528,3.92178680152351
United Arab Emirates,AE,ARE,2012,43958.5779670713,16.2356755248512,156.637656972961,3.09477083649389,0.00791003525101045,8.16658357488143,4.05152652328937
United Arab Emirates,AE,ARE,2013,44312.6320463505,16.0441864185374,157.398122639247,2.98530200626927,0.214300856248501,8.26317834891675,3.81987342585138
United Arab Emirates,AE,ARE,2014,44257.6652085451,15.8561193212981,159.515630313713,2.85499229222865,0.255427820564014,8.26964020149239,3.69545823893139
United Arab Emirates,AE,ARE,2015,44910.3458860776,15.6715616528807,164.286142899252,3.31008193260938,0.200158092270431,0.982608882931981,4.02087203501514
United Arab Emirates,AE,ARE,2016,45168.4955973912,15.4906008330016,165.394966240337,3.77082499375101,0.186508205851348,0.655504570607074,4.17730264580983
United Arab Emirates,AE,ARE,2017,43293.0202360765,15.313324281341,165.476523652994,3.33949399648681,0.0784834360565302,1.31561237984335,3.88738973709252
United Arab Emirates,AE,ARE,2018,43377.802601486,15.1398194175375,154.747042166299,3.24819671319898,0.0396659322155049,1.26310320502228,3.7980896779472
United Arab Emirates,AE,ARE,2019,43468.4534705013,14.9701736611805,163.822149025614,4.49772383286364,0.0525227491597606,17.4888169435067,4.10289459489635
United Arab Emirates,AE,ARE,2020,39878.4663896389,14.8044744318016,181.291940227998,6.22846446016128,0.0154131941721381,9.430198451831,5.14595540707077
United Arab Emirates,AE,ARE,2021,40935.8915482084,14.6428091488645,182.909401076776,4.30984551694988,0.0160611193019623,10.5180836904878,4.26221557094977
United Arab Emirates,AE,ARE,2022,41828.5686923546,14.4852652317513,185.741660631894,3.21274975255741,0.0110081295967703,14.4116155166917,3.80975760842492
United Arab Emirates,AE,ARE,2023,41926.5773498407,14.3319300997474,199.044950127107,3.67852938486363,0.00872843011939918,13.8559826196471,3.76871680953009
United Arab Emirates,AE,ARE,2024,41605.4138706908,14.1828911720209,NA,3.03252419550258,0.0134887108908491,17.2588326193206,NA
United Kingdom,GB,GBR,2000,39297.1366317267,20.1758591684828,52.3380212335903,32.8993925371959,NA,34.1895509534776,33.9732013950554
United Kingdom,GB,GBR,2001,40082.1359356822,20.0161698701177,52.6342367336438,32.6011566722466,NA,33.6405419383734,34.2607223378199
United Kingdom,GB,GBR,2002,40594.932929345,19.8853937322258,51.2361820991323,31.5490111715102,NA,35.0052532156047,35.6561692752497
United Kingdom,GB,GBR,2003,41706.8303930126,19.7668406667198,50.0681187039704,31.3037919939929,NA,35.3025269406231,36.8313079900071
United Kingdom,GB,GBR,2004,42434.8209023638,19.6576715070002,50.2885521756133,32.4162505472281,NA,34.1887156286504,37.2869389357439
United Kingdom,GB,GBR,2005,43320.5628684438,19.5544061872373,52.5442740383211,33.4351921861337,NA,32.0155490189411,37.7302246429536
United Kingdom,GB,GBR,2006,43944.9985799069,19.4535646416009,56.7047791729812,33.2521243775709,NA,32.3272595003973,37.9527495128816
United Kingdom,GB,GBR,2007,44882.141312304,19.3516668042613,52.7493524964733,33.5664926027676,NA,32.2252914193045,38.2371535235856
United Kingdom,GB,GBR,2008,44508.2874631479,19.2452326093884,56.4365501052604,34.2335027028174,NA,30.0859035170168,40.9965067153825
United Kingdom,GB,GBR,2009,42146.5095879962,19.1307819911522,54.6537301085991,31.9122998836095,NA,30.8747132301833,43.4910751216009
United Kingdom,GB,GBR,2010,42762.720840223,19.004834883723,59.0511802227821,38.1021871609733,NA,28.5238479563882,43.9387835050398
United Kingdom,GB,GBR,2011,42791.0934313474,18.8640314407373,63.3240615708901,33.3655300024851,NA,34.7365380440536,42.5122983092258
United Kingdom,GB,GBR,2012,43136.7006795996,18.7094332240492,61.9688704472535,32.7247709832329,NA,34.4338036760909,43.130949034331
United Kingdom,GB,GBR,2013,43585.8731772281,18.5426231305113,61.7195395154583,33.5802583685844,NA,34.6390387452984,40.0310887432144
United Kingdom,GB,GBR,2014,44628.5724578217,18.3644249249278,58.8210228333296,32.663223587863,NA,35.7256255251801,39.1461420557996
United Kingdom,GB,GBR,2015,45256.040227057,18.1756227704353,57.125044605439,32.9060547215376,NA,35.5179411348299,38.2133758226073
United Kingdom,GB,GBR,2016,45888.7099614563,17.9770008301705,59.8395315138259,33.3897658317351,NA,35.2084396953493,37.0119041977698
United Kingdom,GB,GBR,2017,47019.4510419999,17.76934326727,63.1899245764158,33.7644274187473,NA,34.7105222311589,36.8434052284403
United Kingdom,GB,GBR,2018,47516.2099770322,17.5534342448705,64.9097721959201,33.6717998451804,NA,34.6845769321722,37.1969170536007
United Kingdom,GB,GBR,2019,47866.9140354078,17.3300579261087,65.0035664177054,33.2703051672887,0.00373290031689657,34.936214065835,36.4058676559426
United Kingdom,GB,GBR,2020,42985.0392148248,17.0999984741211,59.1598893030611,33.4086844384201,0.0360483667696017,33.1697075435432,47.5326631273768
United Kingdom,GB,GBR,2021,46491.5068836685,17.0113568476359,58.53838629291,34.5638089563137,0.625419530474569,32.6551935849043,42.9472430652547
United Kingdom,GB,GBR,2022,48410.095170282,16.9246017002495,69.1989264413981,35.8232572592484,0.664463320997625,31.9620263428462,40.6510938418388
United Kingdom,GB,GBR,2023,47911.1540134832,16.8398067108665,64.9923841747803,35.307815958642,0.596196034689266,31.5873796597752,41.2292290721047
United Kingdom,GB,GBR,2024,47900.9680144146,16.7570455583915,62.839052044584,34.8309702695262,0.557645334393815,31.0918761101089,NA
United States,US,USA,2000,48616.2546282435,20.9259102138673,25.1029855568536,20.576137708966,1.01741843110854,3.18263277168296,17.9265301408103
United States,US,USA,2001,48597.4246124122,20.6913776332088,22.9671830154975,19.5089146789777,0.999341004439406,3.13067444185865,19.5097642405274
United States,US,USA,2002,48967.3661217576,20.4538960231343,22.2863842136065,17.3842220243409,1.04912397516642,3.51949574696464,20.0840187506611
United States,US,USA,2003,49905.5233080788,20.2226649744716,22.6272972866813,16.7774293083809,1.11600546589448,3.57555396686658,20.6606182543458
United States,US,USA,2004,51348.3473386025,20.0039063031637,24.4480566571904,16.8434344509166,1.13114805389035,3.49701293623452,20.4485309067645
United States,US,USA,2005,52649.5713060461,19.8038418251536,25.6385573436769,17.928590234506,1.0834129485699,3.16777768783155,20.7451064662954
United States,US,USA,2006,53596.315236412,19.6286933563841,26.9752858058903,18.6287129540606,1.03649489716477,2.81817707629984,20.5951410085264
United States,US,USA,2007,54152.8292673551,19.4846827127984,28.0120155631098,18.6567829386134,1.06582227098064,2.43688807437309,20.8646436963685
United States,US,USA,2008,53703.962897927,19.3780317103394,29.8677875257061,17.7131499265193,1.1172866963218,2.47368331367082,22.7876198166239
United States,US,USA,2009,51863.6183416558,19.3149621649501,24.759527635837,15.6666480407916,1.01714941859297,3.01001928093296,25.5765165335953
United States,US,USA,2010,52812.6829869279,19.3002255326634,28.2198829408336,16.4034431324241,1.15831308826566,2.76090604437923,26.0545933672143
United States,US,USA,2011,53215.5362314388,19.3042445743976,30.842478575914,16.6294350441405,1.22890096386127,2.95682257561704,25.3456995286842
United States,US,USA,2012,54000.8410778217,19.3162506613762,30.681839575193,16.7477397829576,1.23034186155648,2.99887887333399,23.9119039840728
United States,US,USA,2013,54728.860179812,19.339110718785,29.9413062848227,18.7407120908556,1.12079898671783,2.8443228914819,22.8814639786791
United States,US,USA,2014,55665.2411187802,19.3757768220234,29.906569337428,18.8588452680232,1.12478096286749,2.9900675872247,22.6100726834376
United States,US,USA,2015,56849.4697923159,19.4292010464909,27.6882139340768,18.9953587913738,1.09678450792386,2.98460143090345,22.3735356601707
United States,US,USA,2016,57430.8499298804,19.5023354675869,26.4525977865465,18.540821220497,1.07627221216493,2.85987210500223,22.4159218391492
United States,US,USA,2017,58435.9707535619,19.5981321607109,27.1253382222874,19.2095273622379,1.02205538354995,2.46594181489362,22.1406996557534
United States,US,USA,2018,59817.6556798612,19.7195432012623,27.4453591302618,17.4793585714067,1.47546054145448,3.05067333601562,22.1694791125473
United States,US,USA,2019,61047.9648238812,19.8695206646406,26.2584806245428,17.2913779593688,2.08682236588789,2.6078509291511,22.514337755714
United States,US,USA,2020,59533.609024416,20.002548237452,23.1399437509149,17.6890680407897,1.81464259856623,2.29313315793853,31.7966159134937
United States,US,USA,2021,63096.7856149746,19.9925234859728,25.2327260228331,18.7959378975788,1.99753954798302,2.05046785018706,31.2447973490289
United States,US,USA,2022,64322.2332819139,19.9675021760293,26.9078981557739,19.8715966392747,1.97618925681255,1.91971688538389,24.6132942134549
United States,US,USA,2023,65667.281580468,19.928438880822,24.9292981752847,17.4885947429621,1.67809546280915,1.96031404937645,24.433337455127
United States,US,USA,2024,66856.5131698371,19.8752201952816,25.0160172978284,17.7796750243779,1.60439472946944,2.07768394797955,NA
Uruguay,UY,URY,2000,11096.3309569487,8.7230231826434,36.7137381507902,24.6805869138443,2.77891895064264,35.1370385586009,26.5509318784844
Uruguay,UY,URY,2001,10643.5574019273,8.6240749379466,36.3095126435057,24.8493168216548,3.87433734466601,45.4631325096916,27.2702030108606
Uruguay,UY,URY,2002,9806.7713064359,8.5113915287466,40.02906730756,24.7744479325076,4.19785166747752,45.7483688859702,27.8910991697021
Uruguay,UY,URY,2003,9878.75684344081,8.3739905771391,51.7591995826472,24.8685500908816,4.90843989758285,49.0891756913781,27.9127259961418
Uruguay,UY,URY,2004,10366.9067382871,8.1990565908083,61.4766880860242,25.6048536714906,5.39066965517021,50.80522658625,26.5917253076624
Uruguay,UY,URY,2005,11131.3984890038,7.9187289951428,58.8776963255774,26.3378278169206,5.0781368737769,50.6514823427839,26.5571821460886
Uruguay,UY,URY,2006,11574.470540231,7.5154517211809,61.9715745165876,27.1363300953721,5.11954021071806,50.6154167011287,26.6435810165771
Uruguay,UY,URY,2007,12310.482735502,7.0396311961287,59.2104478374095,26.0760093561079,5.216545241302,51.0626596052594,26.0616997001223
Uruguay,UY,URY,2008,13165.83628166,6.54024421379,65.2080950071821,25.8691761736439,4.21178377449959,47.7619174168882,24.9831658197862
Uruguay,UY,URY,2009,13691.71420689,6.06626756796859,53.3944192683736,28.2920306963615,3.37215335714337,40.5452749296563,28.2002665421058
Uruguay,UY,URY,2010,14722.3780081191,5.6666780524681,51.6990372012256,28.7222949826024,3.50751069581577,39.8992255260249,28.2518723908528
Uruguay,UY,URY,2011,15443.9961926395,5.3963175243059,53.2470340109018,28.6039900181098,3.79088849067257,36.5475214454284,27.7352832980739
Uruguay,UY,URY,2012,15949.3176985435,5.2393402453814,55.0611541633768,28.3021326547872,3.74333340542851,36.0867676303726,28.8425661023934
Uruguay,UY,URY,2013,16639.4054750651,5.1155264857064,49.7178464746233,29.1776601490145,3.5520178724704,33.7729249390805,29.2703887862228
Uruguay,UY,URY,2014,17122.0364563225,5.01021787894859,49.0876240632174,28.7136319724121,3.6949288309547,33.4605116921096,29.5808927457727
Uruguay,UY,URY,2015,17125.9016800298,4.9199997701697,45.3282408087534,28.1236212798537,3.48304417560157,33.1056014112371,29.5758720947321
Uruguay,UY,URY,2016,17357.2349992841,4.8414575044315,48.4705353074514,33.1100434313663,2.67989659473358,27.2353201452133,35.2210254750392
Uruguay,UY,URY,2017,17611.6036800874,4.7711764267958,46.3779636198842,29.7074918010415,3.10556908858789,30.4726168269865,31.2481021079536
Uruguay,UY,URY,2018,17608.94412947,4.7057418823242,47.7913453459107,31.3533848442693,3.31661612318524,28.231332934069,31.913342812641
Uruguay,UY,URY,2019,17758.4384273402,4.6520690917969,49.7448660724665,30.6396588714299,3.29164908187154,28.1445611613427,32.0674025947569
Uruguay,UY,URY,2020,16443.363490131,4.60023498535161,47.7318331202564,30.8483185300747,3.32770446492519,29.2701912017996,34.6908163005683
Uruguay,UY,URY,2021,17416.0052308469,4.5502853393555,58.3150555063308,29.1017843547967,3.88673681058328,30.9600541208064,31.7323019734088
Uruguay,UY,URY,2022,18249.2912168828,4.50225830078119,60.2026828336525,29.419422679848,3.30015405274922,26.0392290902477,35.9592377766438
Uruguay,UY,URY,2023,18403.6753125157,4.45603942871089,52.3273108387018,30.3565640525814,2.90579885322438,25.1808425294609,36.451913684213
Uruguay,UY,URY,2024,19024.1204266155,4.4018048411819,51.4582237554765,30.5962469310343,3.00591210019632,24.6980889828544,NA
Uzbekistan,UZ,UZB,2000,1397.01202350998,52.3268994956,44.0540299791129,NA,NA,NA,NA
Uzbekistan,UZ,UZB,2001,1437.5947280451,51.5098113686013,56.776277587152,NA,NA,NA,NA
Uzbekistan,UZ,UZB,2002,1476.49258739973,50.7425407349277,58.954524710746,NA,NA,NA,NA
Uzbekistan,UZ,UZB,2003,1520.35493285443,50.0433118518557,70.4592746850874,NA,NA,NA,NA
Uzbekistan,UZ,UZB,2004,1613.64273882937,49.4303489766618,76.5956691950086,NA,NA,NA,NA
Uzbekistan,UZ,UZB,2005,1704.33893207214,48.9218763666223,69.5252584247083,NA,NA,NA,NA
Uzbekistan,UZ,UZB,2006,1807.87328626177,48.5361182790138,67.4712921717973,NA,NA,NA,NA
Uzbekistan,UZ,UZB,2007,1951.57878907892,48.2912989711127,74.4141929762327,NA,NA,NA,NA
Uzbekistan,UZ,UZB,2008,2095.38214534409,48.2056427001953,79.7479920348578,NA,NA,NA,NA
Uzbekistan,UZ,UZB,2009,2228.0552685669,48.3894958496094,68.673142199791,NA,NA,NA,NA
Uzbekistan,UZ,UZB,2010,2359.64199067641,48.6678352355957,44.1432918113775,NA,NA,NA,NA
Uzbekistan,UZ,UZB,2011,2512.68783806993,48.6604499816895,44.3313973754476,20.4504022965488,6.70513161428554,26.8950322706775,12.7779424393085
Uzbekistan,UZ,UZB,2012,2657.0990908417202,48.6640319824219,39.6570271654711,22.4337451048206,7.86914705152287,26.4304564680556,12.7811942899458
Uzbekistan,UZ,UZB,2013,2823.00205379328,48.8723030090332,37.5113183619111,19.2082821510386,10.9337745731527,32.7870762317254,13.4093565613914
Uzbekistan,UZ,UZB,2014,2990.56339751192,49.1131286621094,32.1925400076306,18.5113941370606,10.3192224284232,34.3286313270634,13.2547455085531
Uzbekistan,UZ,UZB,2015,3172.89899391083,49.3402671813965,27.1724545801626,17.3563652514993,15.2540939809296,35.1280151133536,13.3096957639729
Uzbekistan,UZ,UZB,2016,3327.90932206401,49.3427810668945,25.6926479568511,17.3636423845651,15.2213577106417,32.9635949369168,12.6164114774292
Uzbekistan,UZ,UZB,2017,3425.78819696408,49.3212623596191,41.0443062055515,14.9964001669678,4.86966100387646,38.5566454922251,12.2589502018046
Uzbekistan,UZ,UZB,2018,3559.85436594803,49.4185028076172,61.395110017578,18.3618721452391,3.55559571474317,44.8120465282772,14.0744147200816
Uzbekistan,UZ,UZB,2019,3733.50435754861,49.4079895019531,62.3003782302878,17.3161342582396,2.7020747919651,44.7092070303439,14.3808618361187
Uzbekistan,UZ,UZB,2020,3723.82133264406,49.2329597473145,53.1070769988551,18.3600418406121,3.11368154234875,40.7562412099601,18.0452274411827
Uzbekistan,UZ,UZB,2021,3951.99657327359,49.0730094909668,54.7477822134912,18.5423647146043,3.1440535925925,35.7136463571878,21.8708762446776
Uzbekistan,UZ,UZB,2022,4109.08421031655,49.0152587890625,60.0483582576289,20.155434648709,2.94930593225937,30.4235733823622,22.0498816046985
Uzbekistan,UZ,UZB,2023,4281.20542121225,49.0035158885432,63.102194304905,19.3602832692413,4.39685463449107,31.6894499288142,22.344366105039
Uzbekistan,UZ,UZB,2024,4477.90745486742,49.0013313293457,57.5295432552977,NA,NA,NA,NA
Vanuatu,VU,VUT,2000,3197.45596137228,78.3427509400517,87.1557917790657,NA,NA,NA,NA
Vanuatu,VU,VUT,2001,3012.01602489196,78.0658293116536,87.7721451440768,NA,NA,NA,NA
Vanuatu,VU,VUT,2002,2784.99720920365,77.7988541087656,91.6997236888901,NA,NA,NA,NA
Vanuatu,VU,VUT,2003,2833.77914920751,77.5358627595359,91.5679895901106,NA,NA,NA,NA
Vanuatu,VU,VUT,2004,2875.65032353901,77.2708926921129,98.7059775016543,NA,NA,NA,NA
Vanuatu,VU,VUT,2005,2955.66861124127,76.9979813346449,100.173820339297,NA,NA,NA,NA
Vanuatu,VU,VUT,2006,3129.08540327369,76.7111661152801,89.5414618090556,NA,NA,NA,NA
Vanuatu,VU,VUT,2007,3141.20026364818,76.4044844621668,90.1716511021211,NA,NA,NA,NA
Vanuatu,VU,VUT,2008,3234.97623699324,76.0719738034533,105.774852580058,NA,NA,NA,NA
Vanuatu,VU,VUT,2009,3249.66193798709,75.7138246714537,108.489179063187,19.4286798299002,23.0568047337278,38.5355029585799,20.9810771930379
Vanuatu,VU,VUT,2010,3214.3726213639,75.257495880127,103.823312203828,18.7493076497015,15.829399764285,47.0688180148489,23.2458920548957
Vanuatu,VU,VUT,2011,3244.13703026186,75.2138365950987,96.9987664175314,19.0565271025325,15.0936258747872,49.84324042391,22.6612002031783
Vanuatu,VU,VUT,2012,3205.68705963169,75.1816448616067,104.451629665983,19.6489689367476,16.3889653787833,56.6161310133336,22.7423135771818
Vanuatu,VU,VUT,2013,3149.6849727764,75.1592637249737,93.4638521005109,17.8667465640812,16.2838941801695,62.1758379423469,19.2275584087818
Vanuatu,VU,VUT,2014,3175.63375342175,75.1450362305225,91.3913104611923,17.9396047759655,14.6934615972904,58.7766118446965,20.2330757874016
Vanuatu,VU,VUT,2015,3214.41948587141,75.1373054235758,92.5427728613569,17.8879184768034,10.9766688555863,37.6459830308482,20.5439410029499
Vanuatu,VU,VUT,2016,3257.49719984988,75.1345124357127,93.2943778278248,19.9176750461582,10.7119357810729,36.2044176048381,21.9620121482338
Vanuatu,VU,VUT,2017,3316.81034596861,75.2355558543563,90.0680828139658,21.2906941103257,10.8909029834418,37.6947280510091,23.7338732898024
Vanuatu,VU,VUT,2018,3319.75630455318,75.7270272954962,89.6801368961432,26.7720750761265,9.51761823141785,35.4064068258306,22.6574615686016
Vanuatu,VU,VUT,2019,3349.5593410421,76.4975331082925,85.2923789349229,27.5666801312051,8.0901602088799,32.6407732432931,24.5619868031266
Vanuatu,VU,VUT,2020,3085.16558189305,77.5813147905206,65.4819913449416,26.748134391931,7.94008456745165,28.0637998705187,30.42678979112
Vanuatu,VU,VUT,2021,2979.39062838967,77.7498177577525,60.1426638378911,26.5380970498321,7.07424084152834,28.0209455125877,29.7658942725648
Vanuatu,VU,VUT,2022,3073.86062658113,77.7458750266893,70.4738394846168,21.5247208636884,10.8043606550952,38.997791398287,28.1740160846529
Vanuatu,VU,VUT,2023,3178.3031116212,77.7348033176099,78.0648945040347,24.1643668341318,10.6458079940915,39.0113691117538,26.613319110103
Vanuatu,VU,VUT,2024,3223.85237984109,77.7133066639355,73.3835043414732,NA,NA,NA,NA
"Venezuela, RB",VE,VEN,2000,3732.15152475602,11.780523569158,0,NA,NA,NA,NA
"Venezuela, RB",VE,VEN,2001,3789.56578237406,11.627225876958,0,NA,NA,NA,NA
"Venezuela, RB",VE,VEN,2002,3396.89746362025,11.5446189048917,0,NA,NA,NA,NA
"Venezuela, RB",VE,VEN,2003,3078.26141026099,11.477725657226,0,NA,NA,NA,NA
"Venezuela, RB",VE,VEN,2004,3576.82370624267,11.4164453555681,0,NA,NA,NA,NA
"Venezuela, RB",VE,VEN,2005,3875.81409628464,11.361326701629,0,NA,NA,NA,NA
"Venezuela, RB",VE,VEN,2006,4190.56607050126,11.3129183971197,0,NA,NA,NA,NA
"Venezuela, RB",VE,VEN,2007,4489.56571662594,11.2717691437513,0,NA,NA,NA,NA
"Venezuela, RB",VE,VEN,2008,4655.65136715099,11.2384276432348,0,NA,NA,NA,NA
"Venezuela, RB",VE,VEN,2009,4451.37446074164,11.2134425972813,0,NA,NA,NA,NA
"Venezuela, RB",VE,VEN,2010,4323.73301534677,11.1973627076018,0,NA,NA,NA,NA
"Venezuela, RB",VE,VEN,2011,4444.55159079494,11.1920721095341,0,NA,NA,NA,NA
"Venezuela, RB",VE,VEN,2012,4638.41209800487,11.1598131456859,50.7514450867052,NA,NA,NA,NA
"Venezuela, RB",VE,VEN,2013,4642.55149314778,11.1213182960279,62.5819672131148,NA,NA,NA,NA
"Venezuela, RB",VE,VEN,2014,4412.9795921313,11.0836086474749,64.0956340956341,NA,NA,NA,NA
"Venezuela, RB",VE,VEN,2015,4096.61989137473,11.0460195920708,60.377358490566,NA,NA,NA,NA
"Venezuela, RB",VE,VEN,2016,3374.43091608185,11.0085571621288,41.3927576601671,NA,NA,NA,NA
"Venezuela, RB",VE,VEN,2017,2863.33227846365,10.9712273899622,42.6149425287356,NA,NA,NA,NA
"Venezuela, RB",VE,VEN,2018,2359.38238345005,10.9340363078841,54.6332963725646,NA,NA,NA,NA
"Venezuela, RB",VE,VEN,2019,1759.05547364548,10.8969899482076,58.1288399985284,NA,NA,NA,NA
"Venezuela, RB",VE,VEN,2020,1255.86457068119,10.8600943432455,26.0905679013051,NA,NA,NA,NA
"Venezuela, RB",VE,VEN,2021,1272.94397516527,10.8233555253109,29.2263872682484,NA,NA,NA,NA
"Venezuela, RB",VE,VEN,2022,1376.93801227125,10.7867795267164,27.8980542310307,NA,NA,NA,NA
"Venezuela, RB",VE,VEN,2023,1427.88655943805,10.750372379775,28.0944323171165,NA,NA,NA,NA
"Venezuela, RB",VE,VEN,2024,1501.22207949327,10.714140116799,26.2373885733766,NA,NA,NA,NA
Viet Nam,VN,VNM,2000,1212.19657794381,75.6327473080228,111.417094419512,NA,NA,NA,NA
Viet Nam,VN,VNM,2001,1273.8052690094,75.0510637274857,111.955937998525,NA,NA,NA,NA
Viet Nam,VN,VNM,2002,1340.51670460271,74.4459074334341,116.696868652499,NA,NA,NA,NA
Viet Nam,VN,VNM,2003,1418.74337471509,73.8254592169717,124.327954439125,NA,NA,NA,NA
Viet Nam,VN,VNM,2004,1510.94449049599,73.1978998692023,133.016497868747,NA,NA,NA,NA
Viet Nam,VN,VNM,2005,1609.96268313651,72.5714101812298,130.714846045026,NA,NA,NA,NA
Viet Nam,VN,VNM,2006,1699.67620343393,71.9541709441578,138.313621869598,NA,NA,NA,NA
Viet Nam,VN,VNM,2007,1788.9485028957,71.3543629490901,154.605383996554,NA,NA,NA,NA
Viet Nam,VN,VNM,2008,1856.00519883979,70.7801669871307,154.317479627758,NA,NA,NA,NA
Viet Nam,VN,VNM,2009,1927.13427057454,70.2418652644325,134.706317721758,NA,NA,NA,NA
Viet Nam,VN,VNM,2010,2027.58184375924,69.7495972741474,113.977687539714,NA,NA,NA,NA
Viet Nam,VN,VNM,2011,2132.90453762087,69.3003958319004,125.260577940829,NA,NA,NA,NA
Viet Nam,VN,VNM,2012,2224.11404253256,68.8777220596971,123.224116745985,NA,NA,NA,NA
Viet Nam,VN,VNM,2013,2320.08431444934,68.4665798275457,130.846354866743,NA,NA,NA,NA
Viet Nam,VN,VNM,2014,2439.28655744423,68.0519730054546,135.410521454361,NA,NA,NA,NA
Viet Nam,VN,VNM,2015,2577.56885340113,67.6189054634321,144.914228195237,NA,NA,NA,NA
Viet Nam,VN,VNM,2016,2715.57887431272,67.1523810714864,145.409507973118,NA,NA,NA,NA
Viet Nam,VN,VNM,2017,2868.13680013379,66.6374036996258,160.98008365887,NA,NA,NA,NA
Viet Nam,VN,VNM,2018,3048.28327602145,66.0589772178588,164.663936775893,NA,NA,NA,NA
Viet Nam,VN,VNM,2019,3241.07648966529,65.3760865000489,164.704215031408,NA,NA,NA,NA
Viet Nam,VN,VNM,2020,3303.16949807493,64.4293323700258,163.245862814935,NA,NA,NA,NA
Viet Nam,VN,VNM,2021,3358.21734764714,63.3459343573397,186.675832836814,NA,NA,NA,NA
Viet Nam,VN,VNM,2022,3617.66311280437,62.4521484375,183.153619147836,NA,NA,NA,NA
Viet Nam,VN,VNM,2023,3772.36029116103,61.8701095581055,164.995585455876,NA,NA,NA,NA
Viet Nam,VN,VNM,2024,4012.50779921084,61.5099296569824,173.885260216071,NA,NA,NA,NA
Virgin Islands (U.S.),VI,VIR,2000,NA,7.37655535025139,NA,NA,NA,NA,NA
Virgin Islands (U.S.),VI,VIR,2001,NA,7.0687494721285,NA,NA,NA,NA,NA
Virgin Islands (U.S.),VI,VIR,2002,43205.7246740388,6.7808325237559,283.169834457388,NA,NA,NA,NA
Virgin Islands (U.S.),VI,VIR,2003,43036.1815136022,6.5226775766026,362.968341562591,NA,NA,NA,NA
Virgin Islands (U.S.),VI,VIR,2004,44466.2872190216,6.29285161362949,435.159336318146,NA,NA,NA,NA
Virgin Islands (U.S.),VI,VIR,2005,46021.5905731819,6.0899216177971,503.206865401987,NA,NA,NA,NA
Virgin Islands (U.S.),VI,VIR,2006,47671.567182812,5.9124545720663,552.118644067797,NA,NA,NA,NA
Virgin Islands (U.S.),VI,VIR,2007,49598.125907942704,5.7590174593976,560.367892976589,NA,NA,NA,NA
Virgin Islands (U.S.),VI,VIR,2008,50174.7528938473,5.62817726275171,863.195098963242,NA,NA,NA,NA
Virgin Islands (U.S.),VI,VIR,2009,46862.8076001874,5.5185009650895,508.402761247322,NA,NA,NA,NA
Virgin Islands (U.S.),VI,VIR,2010,47162.7375570431,5.4275607332997,586.401480111008,NA,NA,NA,NA
Virgin Islands (U.S.),VI,VIR,2011,43320.176769501,5.3446421136547,679.232772910253,NA,NA,NA,NA
Virgin Islands (U.S.),VI,VIR,2012,36938.1682086351,5.2646408922117,157.177794081683,NA,NA,NA,NA
Virgin Islands (U.S.),VI,VIR,2013,34663.6460602129,5.1894041806776,142.241840556447,NA,NA,NA,NA
Virgin Islands (U.S.),VI,VIR,2014,34098.7109972738,5.1202929297512,164.291725105189,NA,NA,NA,NA
Virgin Islands (U.S.),VI,VIR,2015,34007.3529411765,5.0586680901315,84.7665847665848,NA,NA,NA,NA
Virgin Islands (U.S.),VI,VIR,2016,34614.7482633247,5.00589061251711,113.296471827278,NA,NA,NA,NA
Virgin Islands (U.S.),VI,VIR,2017,34435.4944455756,4.9633214476071,157.696362677913,NA,NA,NA,NA
Virgin Islands (U.S.),VI,VIR,2018,35174.1019944986,4.9323215461001,159.240377262299,NA,NA,NA,NA
Virgin Islands (U.S.),VI,VIR,2019,36309.7438446842,4.9142518586951,155.4234409124,NA,NA,NA,NA
Virgin Islands (U.S.),VI,VIR,2020,35850.7433148653,4.9025975478707,113.596594939702,NA,NA,NA,NA
Virgin Islands (U.S.),VI,VIR,2021,37313.0484931531,4.8395689389032,180.297315287331,NA,NA,NA,NA
Virgin Islands (U.S.),VI,VIR,2022,36983.431060272,4.7828485275588,205.629280821918,NA,NA,NA,NA
Virgin Islands (U.S.),VI,VIR,2023,NA,4.72592090540761,NA,NA,NA,NA,NA
Virgin Islands (U.S.),VI,VIR,2024,NA,4.6687802963939,NA,NA,NA,NA,NA
West Bank and Gaza,PS,PSE,2000,2436.01207739636,27.9305671427344,87.6390949554896,NA,NA,NA,NA
West Bank and Gaza,PS,PSE,2001,2153.45735383203,26.2741715508861,82.7259784699153,NA,NA,NA,NA
West Bank and Gaza,PS,PSE,2002,1836.98042481351,24.5021251034792,76.2528826143203,NA,NA,NA,NA
West Bank and Gaza,PS,PSE,2003,2041.60484619659,22.7134973312708,76.398689516129,NA,NA,NA,NA
West Bank and Gaza,PS,PSE,2004,2426.41565630382,21.0073577650178,81.1235906237101,NA,NA,NA,NA
West Bank and Gaza,PS,PSE,2005,2632.24627423958,19.4827759354771,83.8363540589578,NA,NA,NA,36.571982675537
West Bank and Gaza,PS,PSE,2006,2540.26763083127,18.2388213734058,82.6374735897388,NA,NA,NA,42.9659891928276
West Bank and Gaza,PS,PSE,2007,2569.98434108953,17.403873686927,91.9992434272745,NA,NA,NA,38.4820399951854
West Bank and Gaza,PS,PSE,2008,2685.98601828464,16.9020901100087,79.4799190194791,NA,NA,NA,41.5330179790436
West Bank and Gaza,PS,PSE,2009,2840.01594969395,16.4949655184043,75.1511928466305,NA,NA,NA,37.232095523826
West Bank and Gaza,PS,PSE,2010,2927.08101953403,16.1146508860324,68.4976501575169,NA,NA,NA,31.7461919284202
West Bank and Gaza,PS,PSE,2011,3128.10811061384,15.7659049395659,67.2495329024414,NA,NA,NA,28.191350444212
West Bank and Gaza,PS,PSE,2012,3237.91619995789,15.4534864056778,66.9293273483831,NA,NA,NA,25.6999265911176
West Bank and Gaza,PS,PSE,2013,3309.63120243098,15.1821540110407,66.2713181162369,NA,NA,NA,25.1983472013614
West Bank and Gaza,PS,PSE,2014,3227.84934482645,14.9566664823277,67.7398371659149,NA,NA,NA,26.6277111254709
West Bank and Gaza,PS,PSE,2015,3272.15432360708,14.7817825462114,70.7809681944405,NA,NA,NA,26.9877492913172
West Bank and Gaza,PS,PSE,2016,3483.09903532972,14.6622609293649,65.4225141833383,NA,NA,NA,25.6715596577174
West Bank and Gaza,PS,PSE,2017,3462.97986107136,14.6217744646,68.4486607142857,NA,NA,NA,26.8736803995996
West Bank and Gaza,PS,PSE,2018,3417.79440837962,14.4648868929128,71.4012754506469,NA,NA,NA,24.6173065578854
West Bank and Gaza,PS,PSE,2019,3378.4346209191,14.1863825816344,68.9934922812035,NA,NA,NA,24.4661085271964
West Bank and Gaza,PS,PSE,2020,2922.46801084844,13.9258816256075,67.2881912475775,NA,NA,NA,29.2345671715076
West Bank and Gaza,PS,PSE,2021,3051.48607007995,13.665043612663,73.0835496162129,NA,NA,NA,26.1664917273852
West Bank and Gaza,PS,PSE,2022,3099.9609010368,13.4038576783984,82.3949283869453,NA,NA,NA,NA
West Bank and Gaza,PS,PSE,2023,2997.22694077849,13.1423129584114,76.173457614931,NA,NA,NA,NA
West Bank and Gaza,PS,PSE,2024,2258.20698667764,12.8803985882996,74.5880913285342,NA,NA,NA,NA
World,1W,WLD,2000,7879.61788990331,53.1601446833276,50.1204338130989,NA,NA,NA,23.6437970662089
World,1W,WLD,2001,7932.44247045676,52.6950102796042,49.0109769807307,NA,NA,32.393930657733,24.693624919526
World,1W,WLD,2002,8010.64724039979,52.1737520249081,49.0031601235854,24.3900862382716,NA,32.3346862998489,24.9387685617242
World,1W,WLD,2003,8151.0370050525,51.6361308287458,50.6553978296548,24.0676448479776,6.10534222641816,32.9587377187544,25.1852058167409
World,1W,WLD,2004,8408.56458732623,51.1341068261871,54.194646796519,24.0296907453282,5.60059300396513,34.0409299528392,24.7980874320314
World,1W,WLD,2005,8639.35934743695,50.64128547348,56.2196248891194,22.2122944735064,NA,33.8810180435189,25.0883828024524
World,1W,WLD,2006,8913.15666856363,50.127737073139,58.3626190327813,22.6691231882736,NA,33.1154135485669,24.8600033502087
World,1W,WLD,2007,9191.47419679425,49.5845335413956,58.7423508494896,23.9946284215161,NA,33.2965204567152,24.7555801953856
World,1W,WLD,2008,9265.52655477352,49.1198567139018,60.3226348636262,22.7617735059639,4.95652826409569,31.8371670020873,25.9072372148188
World,1W,WLD,2009,9028.22055162901,48.626253625665,51.8943285617121,21.4971485988113,4.70049501537494,30.8221573028638,28.3939445249327
World,1W,WLD,2010,9322.21791578106,48.2401874970889,56.1928236203117,22.3561825435241,4.47781303575914,31.488105294114,28.3798065928002
World,1W,WLD,2011,9514.51951048996,47.5417035938002,59.3107109256613,22.3100752107125,4.41464384476906,32.0417985497797,27.4821255803814
World,1W,WLD,2012,9653.62748273357,47.0821326342273,59.2953615574382,22.5544432107265,4.39962217099285,32.8162210108058,27.4487445608622
World,1W,WLD,2013,9811.02619687608,46.5665987678612,58.6308037331573,23.1296264020685,4.15497092684764,32.6077992091726,27.065782378615
World,1W,WLD,2014,10000.5832738734,46.0909289933467,58.0267788162164,23.7501302293004,4.01128389567427,32.5863473166967,26.7880899616839
World,1W,WLD,2015,10191.9752512662,45.5741525350623,55.6181865121386,23.5883903200811,5.05703015961668,33.2486188449587,26.7503305236577
World,1W,WLD,2016,10355.0449873521,45.105073562505,53.7908953963337,23.3783349836722,4.62821868069801,34.272878914929,26.5551085003389
World,1W,WLD,2017,10591.5550846784,44.680166081528,55.4551756398449,23.648321472946,4.50959584369803,33.458731522362,26.2810347640238
World,1W,WLD,2018,10822.5745320636,44.2479222180865,56.989700265917,23.5251814681263,4.40577916129497,33.2995214968985,26.1393335636394
World,1W,WLD,2019,10996.909518407,43.8590174359531,55.8007220789098,23.7531445889608,3.98388195888388,32.2290407575851,26.6999898899344
World,1W,WLD,2020,10575.2194883029,43.5558240613402,51.8676146705359,23.3366312062853,3.90388254207628,32.4200642764369,33.422412208084
World,1W,WLD,2021,11167.6044923385,43.19077729892,56.498994335193,23.9564543549936,4.06856452964949,32.6551935849043,31.7444310240085
World,1W,WLD,2022,11452.0202124616,42.927745860136604,62.1470721214396,24.0657365485958,3.74953487193401,31.6888283380929,28.4897500384154
World,1W,WLD,2023,11670.8224680822,42.6883083917098,58.0658951471515,23.8123980996292,NA,30.8906550188244,NA
World,1W,WLD,2024,11894.2521505051,42.434399706449,56.7228465365692,23.8994620757722,NA,31.0230278387947,NA
"Yemen, Rep.",YE,YEM,2000,2114.67265566851,73.3945140616767,75.4388386390908,NA,NA,NA,NA
"Yemen, Rep.",YE,YEM,2001,2129.77268762778,72.8966396946451,70.8923979770182,NA,NA,NA,NA
"Yemen, Rep.",YE,YEM,2002,2148.88860494788,72.4222380731386,74.7304558609206,NA,NA,NA,NA
"Yemen, Rep.",YE,YEM,2003,2164.86083019467,71.9722938544389,74.3826165968098,NA,NA,NA,NA
"Yemen, Rep.",YE,YEM,2004,2185.78999159086,71.5493476245187,71.8466740069203,NA,NA,NA,NA
"Yemen, Rep.",YE,YEM,2005,2237.63762643152,71.1476213441166,76.773285677642,NA,NA,NA,NA
"Yemen, Rep.",YE,YEM,2006,2234.74266863312,70.7620506549023,82.0761626564135,NA,NA,NA,NA
"Yemen, Rep.",YE,YEM,2007,2235.75075901067,70.3908461053634,79.1234205876059,NA,NA,NA,NA
"Yemen, Rep.",YE,YEM,2008,2244.04491655237,70.0353362829667,81.244718850294,NA,NA,NA,NA
"Yemen, Rep.",YE,YEM,2009,2257.46902086832,69.6968497751789,68.0713910145084,NA,NA,NA,NA
"Yemen, Rep.",YE,YEM,2010,2356.19960422096,69.3767151694669,64.3856367797178,NA,NA,NA,NA
"Yemen, Rep.",YE,YEM,2011,1994.83663337222,69.0762610532974,63.0594579549043,NA,NA,NA,NA
"Yemen, Rep.",YE,YEM,2012,1981.45800046603,68.7968160141372,61.3616371825683,NA,NA,NA,NA
"Yemen, Rep.",YE,YEM,2013,2014.7289059487,68.5572812055785,52.5118781367089,NA,NA,NA,NA
"Yemen, Rep.",YE,YEM,2014,1950.1625450589,68.1373837819082,48.2430405122774,NA,NA,NA,NA
"Yemen, Rep.",YE,YEM,2015,1362.1738120601,67.6116821297298,30.3676590844637,NA,NA,NA,NA
"Yemen, Rep.",YE,YEM,2016,1197.95865971172,67.0487991994764,31.0815442908559,NA,NA,NA,NA
"Yemen, Rep.",YE,YEM,2017,1103.45634849842,66.4413087477825,42.9699046721967,NA,NA,NA,NA
"Yemen, Rep.",YE,YEM,2018,1079.32938366255,65.7893954189136,56.0778227215077,NA,NA,NA,NA
"Yemen, Rep.",YE,YEM,2019,NA,65.0932438267976,NA,NA,NA,NA,NA
"Yemen, Rep.",YE,YEM,2020,NA,64.2974395419698,NA,NA,NA,NA,NA
"Yemen, Rep.",YE,YEM,2021,NA,63.9295048743695,NA,NA,NA,NA,NA
"Yemen, Rep.",YE,YEM,2022,NA,63.6773689691705,NA,NA,NA,NA,NA
"Yemen, Rep.",YE,YEM,2023,NA,63.4292020163494,NA,NA,NA,NA,NA
"Yemen, Rep.",YE,YEM,2024,NA,63.1922482403406,NA,NA,NA,NA,NA
Zambia,ZM,ZMB,2000,804.48463418783,64.1264539039613,60.3874689884965,NA,NA,NA,NA
Zambia,ZM,ZMB,2001,822.020935308251,64.1153517067242,64.668282708979,17.455856592241,13.0515072720207,NA,14.1039364197112
Zambia,ZM,ZMB,2002,833.021177549004,63.9293964269986,64.9164969990648,15.7352042084497,12.3719956027114,NA,14.1723814032495
Zambia,ZM,ZMB,2003,863.650190656785,63.6141439884125,62.3128446757629,15.334676882686,8.83879918887835,29.5721732573048,15.7437951637883
Zambia,ZM,ZMB,2004,895.475258534826,63.1964118869747,70.8130749317722,15.7160747100157,8.51375581072808,31.4901506652418,17.4458663383882
Zambia,ZM,ZMB,2005,929.079255855905,62.7030176186941,62.200282191364,15.197796170915,9.35550964937445,29.5081289647903,19.757004537823
Zambia,ZM,ZMB,2006,968.563565019492,62.1607786795796,57.8568188739027,14.2334567959108,9.12130713830778,32.760521287541,14.2354148398887
Zambia,ZM,ZMB,2007,1013.08567432637,61.5965125656399,65.7714586909068,15.2251921524703,7.4769081883274104,28.711552786304,14.7667398304801
Zambia,ZM,ZMB,2008,1053.58612301068,61.0370367728838,59.4548891205874,14.9994255436122,9.91179921249791,31.8751831904582,16.3839400422928
Zambia,ZM,ZMB,2009,1110.71918102486,60.5091687973204,56.1213809555165,13.2058221989992,8.03812748491421,28.2692401309012,14.5002101105047
Zambia,ZM,ZMB,2010,1183.41712409199,60.0441142290008,67.9009190299719,14.3625876180455,7.74718422577406,29.7900716217635,14.6688561532361
Zambia,ZM,ZMB,2011,1208.46424569634,59.6315508174119,72.7954324384283,17.4683770602892,7.08120612124028,23.9123597918165,14.4956773687217
Zambia,ZM,ZMB,2012,1258.78938578996,59.2301443178404,75.367709855907,16.6680892991001,8.39749644467387,29.8019159987846,16.5322416609076
Zambia,ZM,ZMB,2013,1280.77012176778,58.8317733764175,80.4562410213373,16.2362093688669,6.69366496203386,38.1379725868402,17.8533057349122
Zambia,ZM,ZMB,2014,1299.01241762504,58.4365258341475,76.1934997276313,17.7376341640078,5.94897345970043,42.645345954442,20.2562396253045
Zambia,ZM,ZMB,2015,1295.87788680068,58.0444895320348,79.8652687573958,18.2957716448269,5.27022460142848,32.4368422776459,23.233787759937
Zambia,ZM,ZMB,2016,1303.57513869133,57.6557523110838,73.958561254616,18.1324357467445,4.38823529198256,27.8568055868686,22.4086833420161
Zambia,ZM,ZMB,2017,1308.76829240086,57.2704020122989,71.5856946542566,16.8512124005775,5.44256770116764,36.8945167456754,20.9220759632247
Zambia,ZM,ZMB,2018,1321.25045711573,56.8885264766844,74.8883695274665,19.4109624853589,5.62992642142107,38.004259317375,20.1107118421132
Zambia,ZM,ZMB,2019,1301.18132976178,56.5102135452448,68.791204936096,19.5961045589077,5.87026072274371,35.3394418067441,21.9561627239835
Zambia,ZM,ZMB,2020,1228.73500113195,56.1355510589843,79.2068494095955,19.5813891552591,4.97242770945138,29.152025391212,25.372234409729302
Zambia,ZM,ZMB,2021,1269.10821808895,55.7646268589074,86.2085111934645,21.9673977518021,4.91657091732099,22.6401190811751,25.1370961006544
Zambia,ZM,ZMB,2022,1298.8480495593,55.4011488821531,69.2973154193203,20.5075493981699,4.42549849008739,21.2348700264252,NA
Zambia,ZM,ZMB,2023,1330.85998216751,54.9714146478415,78.2418870451485,20.709101905525,4.46986335746798,28.6192270297582,NA
Zambia,ZM,ZMB,2024,1343.38966380353,54.5296161508721,62.5348874064443,23.4062502477948,5.30621873577616,31.7934972867854,NA
Zimbabwe,ZW,ZWE,2000,1677.34896793251,67.6008431146687,74.0708923168864,NA,NA,NA,NA
Zimbabwe,ZW,ZWE,2001,1690.14666163116,67.5000721617164,67.8980938686723,NA,NA,NA,NA
Zimbabwe,ZW,ZWE,2002,1525.07935706564,67.436811583306607,66.8098183680706,NA,NA,NA,NA
Zimbabwe,ZW,ZWE,2003,1250.91948331231,67.3996627686052,70.4519675420993,NA,NA,NA,NA
Zimbabwe,ZW,ZWE,2004,1165.54447081543,67.3721831766127,76.0394249806318,NA,NA,NA,NA
Zimbabwe,ZW,ZWE,2005,1088.63148420699,67.3517290277097,76.043068640646,NA,NA,NA,NA
Zimbabwe,ZW,ZWE,2006,1038.22375658033,67.3359205358806,82.8200302932942,NA,NA,NA,NA
Zimbabwe,ZW,ZWE,2007,987.200362596937,67.32237791511,84.1682798999008,NA,NA,NA,NA
Zimbabwe,ZW,ZWE,2008,803.044944654991,67.3087213793825,109.523540063377,NA,NA,NA,NA
Zimbabwe,ZW,ZWE,2009,896.915532877845,67.2925711426825,61.7764909650234,9.77079315089295,41.7324728636606,30.524037543843,9.46550773326811
Zimbabwe,ZW,ZWE,2010,1056.20884563889,67.2715474189946,83.1234047851259,19.4073887048806,30.8951171669506,28.9591504346888,16.1209443547968
Zimbabwe,ZW,ZWE,2011,1184.93421020563,67.2432704223032,89.4659437238642,20.6729789100811,22.2823212095149,33.5440167103624,19.0771549950937
Zimbabwe,ZW,ZWE,2012,1360.15230034275,67.206824787167207,74.1627003825153,20.3951540415202,19.4925004739446,35.8140731121903,20.2119298760243
Zimbabwe,ZW,ZWE,2013,1367.81831689463,67.0980656830059,58.6560737143829,NA,NA,NA,NA
Zimbabwe,ZW,ZWE,2014,1381.25404125871,66.8371924029199,54.6717592473918,NA,NA,NA,NA
Zimbabwe,ZW,ZWE,2015,1387.12632595026,66.4387358233126,56.7496526604333,19.0034625917759,9.09138065346699,46.8786568548421,21.8094849313164
Zimbabwe,ZW,ZWE,2016,1378.34256192374,65.9200539273686,51.2190376594477,17.1946521196172,7.72241157637722,46.7818357723174,25.2362484712416
Zimbabwe,ZW,ZWE,2017,1422.91948946927,65.2985046982727,55.028317831061,5.95790585953862,7.73681706636704,47.0642422354299,9.78276662473592
Zimbabwe,ZW,ZWE,2018,1472.14603844842,64.5914461192095,54.55031658746,8.11695829520314,7.65896366340632,41.2349771818674,10.9772842777823
Zimbabwe,ZW,ZWE,2019,1357.53087818754,63.8162361733636,36.5178684980287,NA,NA,NA,NA
Zimbabwe,ZW,ZWE,2020,1230.81933361016,62.9902328439198,31.8225698755474,NA,NA,NA,NA
Zimbabwe,ZW,ZWE,2021,1312.20001358807,62.1307941140627,34.9401169482991,NA,NA,NA,NA
Zimbabwe,ZW,ZWE,2022,1369.19761495571,61.2944792830959,43.6150764298492,NA,NA,NA,NA
Zimbabwe,ZW,ZWE,2023,1418.47184628799,60.7080629204205,40.2912612046942,NA,NA,NA,NA
Zimbabwe,ZW,ZWE,2024,1416.80065463874,60.1066283179304,41.5039527238816,NA,NA,NA,NA
